
/home/pi/mk4001_bridge/build/mk4001_bridge.elf:     file format elf32-littlearm

Sections:
Idx Name          Size      VMA       LMA       File off  Algn
  0 .boot2        00000100  10000000  10000000  00001000  2**0
                  CONTENTS, ALLOC, LOAD, READONLY, CODE
  1 .text         0000a570  10000100  10000100  00001100  2**3
                  CONTENTS, ALLOC, LOAD, READONLY, CODE
  2 .rodata       000018d8  1000a670  1000a670  0000b670  2**3
                  CONTENTS, ALLOC, LOAD, READONLY, DATA
  3 .binary_info  00000024  1000bf48  1000bf48  0000cf48  2**2
                  CONTENTS, ALLOC, LOAD, READONLY, DATA
  4 .ram_vector_table 000000c0  20000000  20000000  0000f000  2**2
                  ALLOC
  5 .uninitialized_data 00000000  200000c0  200000c0  0000e080  2**0
                  CONTENTS
  6 .data         00000fc0  200000c0  1000bf6c  0000d0c0  2**4
                  CONTENTS, ALLOC, LOAD, READONLY, CODE
  7 .tdata        00000000  20001080  20001080  0000e080  2**0
                  CONTENTS, ALLOC, LOAD, DATA, THREAD_LOCAL
  8 .tbss         00000000  20001080  20001080  00000000  2**0
                  ALLOC, THREAD_LOCAL
  9 .bss          000193ac  20001080  1000cf2c  0000e080  2**3
                  ALLOC
 10 .heap         00000800  2001a42c  1000cf2c  0000e42c  2**2
                  ALLOC, READONLY
 11 .scratch_x    00000000  20040000  20040000  0000e080  2**0
                  CONTENTS
 12 .scratch_y    00000000  20041000  20041000  0000e080  2**0
                  CONTENTS
 13 .stack_dummy  00000800  20041000  20041000  0000f000  2**5
                  ALLOC, READONLY
 14 .ARM.attributes 00000028  00000000  00000000  0000e080  2**0
                  CONTENTS, READONLY
 15 .comment      0000004c  00000000  00000000  0000e0a8  2**0
                  CONTENTS, READONLY
 16 .debug_info   000471da  00000000  00000000  0000e0f4  2**0
                  CONTENTS, READONLY, DEBUGGING, OCTETS
 17 .debug_abbrev 0000a9b4  00000000  00000000  000552ce  2**0
                  CONTENTS, READONLY, DEBUGGING, OCTETS
 18 .debug_loclists 00028a08  00000000  00000000  0005fc82  2**0
                  CONTENTS, READONLY, DEBUGGING, OCTETS
 19 .debug_aranges 00001a40  00000000  00000000  00088690  2**3
                  CONTENTS, READONLY, DEBUGGING, OCTETS
 20 .debug_rnglists 00006b85  00000000  00000000  0008a0d0  2**0
                  CONTENTS, READONLY, DEBUGGING, OCTETS
 21 .debug_line   0002e211  00000000  00000000  00090c55  2**0
                  CONTENTS, READONLY, DEBUGGING, OCTETS
 22 .debug_str    0000a29a  00000000  00000000  000bee66  2**0
                  CONTENTS, READONLY, DEBUGGING, OCTETS
 23 .debug_frame  00003b08  00000000  00000000  000c9100  2**2
                  CONTENTS, READONLY, DEBUGGING, OCTETS
 24 .debug_line_str 000002c1  00000000  00000000  000ccc08  2**0
                  CONTENTS, READONLY, DEBUGGING, OCTETS

/home/pi/mk4001_bridge/build/mk4001_bridge.elf:     file format elf32-littlearm


Disassembly of section .boot2:

10000000 <__boot2_start__>:
10000000:	4b32b500 	.word	0x4b32b500
10000004:	60582021 	.word	0x60582021
10000008:	21026898 	.word	0x21026898
1000000c:	60984388 	.word	0x60984388
10000010:	611860d8 	.word	0x611860d8
10000014:	4b2e6158 	.word	0x4b2e6158
10000018:	60992100 	.word	0x60992100
1000001c:	61592102 	.word	0x61592102
10000020:	22f02101 	.word	0x22f02101
10000024:	492b5099 	.word	0x492b5099
10000028:	21016019 	.word	0x21016019
1000002c:	20356099 	.word	0x20356099
10000030:	f844f000 	.word	0xf844f000
10000034:	42902202 	.word	0x42902202
10000038:	2106d014 	.word	0x2106d014
1000003c:	f0006619 	.word	0xf0006619
10000040:	6e19f834 	.word	0x6e19f834
10000044:	66192101 	.word	0x66192101
10000048:	66182000 	.word	0x66182000
1000004c:	f000661a 	.word	0xf000661a
10000050:	6e19f82c 	.word	0x6e19f82c
10000054:	6e196e19 	.word	0x6e196e19
10000058:	f0002005 	.word	0xf0002005
1000005c:	2101f82f 	.word	0x2101f82f
10000060:	d1f94208 	.word	0xd1f94208
10000064:	60992100 	.word	0x60992100
10000068:	6019491b 	.word	0x6019491b
1000006c:	60592100 	.word	0x60592100
10000070:	481b491a 	.word	0x481b491a
10000074:	21016001 	.word	0x21016001
10000078:	21eb6099 	.word	0x21eb6099
1000007c:	21a06619 	.word	0x21a06619
10000080:	f0006619 	.word	0xf0006619
10000084:	2100f812 	.word	0x2100f812
10000088:	49166099 	.word	0x49166099
1000008c:	60014814 	.word	0x60014814
10000090:	60992101 	.word	0x60992101
10000094:	2800bc01 	.word	0x2800bc01
10000098:	4700d000 	.word	0x4700d000
1000009c:	49134812 	.word	0x49134812
100000a0:	c8036008 	.word	0xc8036008
100000a4:	8808f380 	.word	0x8808f380
100000a8:	b5034708 	.word	0xb5034708
100000ac:	20046a99 	.word	0x20046a99
100000b0:	d0fb4201 	.word	0xd0fb4201
100000b4:	42012001 	.word	0x42012001
100000b8:	bd03d1f8 	.word	0xbd03d1f8
100000bc:	6618b502 	.word	0x6618b502
100000c0:	f7ff6618 	.word	0xf7ff6618
100000c4:	6e18fff2 	.word	0x6e18fff2
100000c8:	bd026e18 	.word	0xbd026e18
100000cc:	40020000 	.word	0x40020000
100000d0:	18000000 	.word	0x18000000
100000d4:	00070000 	.word	0x00070000
100000d8:	005f0300 	.word	0x005f0300
100000dc:	00002221 	.word	0x00002221
100000e0:	180000f4 	.word	0x180000f4
100000e4:	a0002022 	.word	0xa0002022
100000e8:	10000100 	.word	0x10000100
100000ec:	e000ed08 	.word	0xe000ed08
	...
100000fc:	7a4eb274 	.word	0x7a4eb274

Disassembly of section .text:

10000100 <__VECTOR_TABLE>:
10000100:	20042000 	.word	0x20042000
10000104:	100001f7 	.word	0x100001f7
10000108:	100001cb 	.word	0x100001cb
1000010c:	100001cd 	.word	0x100001cd
10000110:	100001c9 	.word	0x100001c9
10000114:	100001c9 	.word	0x100001c9
10000118:	100001c9 	.word	0x100001c9
1000011c:	100001c9 	.word	0x100001c9
10000120:	100001c9 	.word	0x100001c9
10000124:	100001c9 	.word	0x100001c9
10000128:	100001c9 	.word	0x100001c9
1000012c:	100001cf 	.word	0x100001cf
10000130:	100001c9 	.word	0x100001c9
10000134:	100001c9 	.word	0x100001c9
10000138:	100001d1 	.word	0x100001d1
1000013c:	100001d3 	.word	0x100001d3
10000140:	100001c1 	.word	0x100001c1
10000144:	100001c1 	.word	0x100001c1
10000148:	100001c1 	.word	0x100001c1
1000014c:	100001c1 	.word	0x100001c1
10000150:	100001c1 	.word	0x100001c1
10000154:	100001c1 	.word	0x100001c1
10000158:	100001c1 	.word	0x100001c1
1000015c:	100001c1 	.word	0x100001c1
10000160:	100001c1 	.word	0x100001c1
10000164:	100001c1 	.word	0x100001c1
10000168:	100001c1 	.word	0x100001c1
1000016c:	100001c1 	.word	0x100001c1
10000170:	100001c1 	.word	0x100001c1
10000174:	100001c1 	.word	0x100001c1
10000178:	100001c1 	.word	0x100001c1
1000017c:	100001c1 	.word	0x100001c1
10000180:	100001c1 	.word	0x100001c1
10000184:	100001c1 	.word	0x100001c1
10000188:	100001c1 	.word	0x100001c1
1000018c:	100001c1 	.word	0x100001c1
10000190:	100001c1 	.word	0x100001c1
10000194:	100001c1 	.word	0x100001c1
10000198:	100001c1 	.word	0x100001c1
1000019c:	100001c1 	.word	0x100001c1
100001a0:	100001c1 	.word	0x100001c1
100001a4:	100001c1 	.word	0x100001c1
100001a8:	100001c1 	.word	0x100001c1
100001ac:	100001c1 	.word	0x100001c1
100001b0:	100001c1 	.word	0x100001c1
100001b4:	100001c1 	.word	0x100001c1
100001b8:	100001c1 	.word	0x100001c1
100001bc:	100001c1 	.word	0x100001c1

100001c0 <__unhandled_user_irq>:
100001c0:	f3ef 8005 	mrs	r0, IPSR
100001c4:	3810      	subs	r0, #16

100001c6 <unhandled_user_irq_num_in_r0>:
100001c6:	be00      	bkpt	0x0000

100001c8 <isr_invalid>:
100001c8:	be00      	bkpt	0x0000

100001ca <isr_nmi>:
100001ca:	be00      	bkpt	0x0000

100001cc <isr_hardfault>:
100001cc:	be00      	bkpt	0x0000

100001ce <isr_svcall>:
100001ce:	be00      	bkpt	0x0000

100001d0 <isr_pendsv>:
100001d0:	be00      	bkpt	0x0000

100001d2 <isr_systick>:
100001d2:	be00      	bkpt	0x0000

100001d4 <__default_isrs_end>:
100001d4:	7188ebf2 	.word	0x7188ebf2
100001d8:	1000bf48 	.word	0x1000bf48
100001dc:	1000bf6c 	.word	0x1000bf6c
100001e0:	10000238 	.word	0x10000238
100001e4:	e71aa390 	.word	0xe71aa390

100001e8 <_entry_point>:
100001e8:	481e      	ldr	r0, [pc, #120]	@ (10000264 <data_cpy_table+0x2c>)

100001ea <_enter_vtable_in_r0>:
100001ea:	491f      	ldr	r1, [pc, #124]	@ (10000268 <data_cpy_table+0x30>)
100001ec:	6008      	str	r0, [r1, #0]
100001ee:	c806      	ldmia	r0!, {r1, r2}
100001f0:	f381 8808 	msr	MSP, r1
100001f4:	4710      	bx	r2

100001f6 <_reset_handler>:
100001f6:	481d      	ldr	r0, [pc, #116]	@ (1000026c <data_cpy_table+0x34>)
100001f8:	6800      	ldr	r0, [r0, #0]
100001fa:	2800      	cmp	r0, #0
100001fc:	d001      	beq.n	10000202 <hold_non_core0_in_bootrom+0x4>

100001fe <hold_non_core0_in_bootrom>:
100001fe:	4819      	ldr	r0, [pc, #100]	@ (10000264 <data_cpy_table+0x2c>)
10000200:	e7f3      	b.n	100001ea <_enter_vtable_in_r0>
10000202:	a40d      	add	r4, pc, #52	@ (adr r4, 10000238 <data_cpy_table>)
10000204:	cc0e      	ldmia	r4!, {r1, r2, r3}
10000206:	2900      	cmp	r1, #0
10000208:	d002      	beq.n	10000210 <hold_non_core0_in_bootrom+0x12>
1000020a:	f000 f812 	bl	10000232 <data_cpy>
1000020e:	e7f9      	b.n	10000204 <hold_non_core0_in_bootrom+0x6>
10000210:	4917      	ldr	r1, [pc, #92]	@ (10000270 <data_cpy_table+0x38>)
10000212:	4a18      	ldr	r2, [pc, #96]	@ (10000274 <data_cpy_table+0x3c>)
10000214:	2000      	movs	r0, #0
10000216:	e000      	b.n	1000021a <bss_fill_test>

10000218 <bss_fill_loop>:
10000218:	c101      	stmia	r1!, {r0}

1000021a <bss_fill_test>:
1000021a:	4291      	cmp	r1, r2
1000021c:	d1fc      	bne.n	10000218 <bss_fill_loop>

1000021e <platform_entry>:
1000021e:	4916      	ldr	r1, [pc, #88]	@ (10000278 <data_cpy_table+0x40>)
10000220:	4788      	blx	r1
10000222:	4916      	ldr	r1, [pc, #88]	@ (1000027c <data_cpy_table+0x44>)
10000224:	4788      	blx	r1
10000226:	4916      	ldr	r1, [pc, #88]	@ (10000280 <data_cpy_table+0x48>)
10000228:	4788      	blx	r1
1000022a:	be00      	bkpt	0x0000
1000022c:	e7fd      	b.n	1000022a <platform_entry+0xc>

1000022e <data_cpy_loop>:
1000022e:	c901      	ldmia	r1!, {r0}
10000230:	c201      	stmia	r2!, {r0}

10000232 <data_cpy>:
10000232:	429a      	cmp	r2, r3
10000234:	d3fb      	bcc.n	1000022e <data_cpy_loop>
10000236:	4770      	bx	lr

10000238 <data_cpy_table>:
10000238:	1000bf6c 	.word	0x1000bf6c
1000023c:	200000c0 	.word	0x200000c0
10000240:	20001080 	.word	0x20001080
10000244:	1000cf2c 	.word	0x1000cf2c
10000248:	20040000 	.word	0x20040000
1000024c:	20040000 	.word	0x20040000
10000250:	1000cf2c 	.word	0x1000cf2c
10000254:	20041000 	.word	0x20041000
10000258:	20041000 	.word	0x20041000
1000025c:	00000000 	.word	0x00000000
10000260:	4770      	bx	lr
10000262:	0000      	.short	0x0000
10000264:	00000000 	.word	0x00000000
10000268:	e000ed08 	.word	0xe000ed08
1000026c:	d0000000 	.word	0xd0000000
10000270:	20001080 	.word	0x20001080
10000274:	2001a42c 	.word	0x2001a42c
10000278:	10007ec1 	.word	0x10007ec1
1000027c:	10000575 	.word	0x10000575
10000280:	10007eb9 	.word	0x10007eb9

10000284 <_init>:
10000284:	b5f8      	push	{r3, r4, r5, r6, r7, lr}
10000286:	46c0      	nop			@ (mov r8, r8)

10000288 <deregister_tm_clones>:
10000288:	4804      	ldr	r0, [pc, #16]	@ (1000029c <deregister_tm_clones+0x14>)
1000028a:	4b05      	ldr	r3, [pc, #20]	@ (100002a0 <deregister_tm_clones+0x18>)
1000028c:	b510      	push	{r4, lr}
1000028e:	4283      	cmp	r3, r0
10000290:	d003      	beq.n	1000029a <deregister_tm_clones+0x12>
10000292:	4b04      	ldr	r3, [pc, #16]	@ (100002a4 <deregister_tm_clones+0x1c>)
10000294:	2b00      	cmp	r3, #0
10000296:	d000      	beq.n	1000029a <deregister_tm_clones+0x12>
10000298:	4798      	blx	r3
1000029a:	bd10      	pop	{r4, pc}
1000029c:	20001080 	.word	0x20001080
100002a0:	20001080 	.word	0x20001080
100002a4:	00000000 	.word	0x00000000

100002a8 <register_tm_clones>:
100002a8:	4806      	ldr	r0, [pc, #24]	@ (100002c4 <register_tm_clones+0x1c>)
100002aa:	4907      	ldr	r1, [pc, #28]	@ (100002c8 <register_tm_clones+0x20>)
100002ac:	1a09      	subs	r1, r1, r0
100002ae:	108b      	asrs	r3, r1, #2
100002b0:	0fc9      	lsrs	r1, r1, #31
100002b2:	18c9      	adds	r1, r1, r3
100002b4:	b510      	push	{r4, lr}
100002b6:	1049      	asrs	r1, r1, #1
100002b8:	d003      	beq.n	100002c2 <register_tm_clones+0x1a>
100002ba:	4b04      	ldr	r3, [pc, #16]	@ (100002cc <register_tm_clones+0x24>)
100002bc:	2b00      	cmp	r3, #0
100002be:	d000      	beq.n	100002c2 <register_tm_clones+0x1a>
100002c0:	4798      	blx	r3
100002c2:	bd10      	pop	{r4, pc}
100002c4:	20001080 	.word	0x20001080
100002c8:	20001080 	.word	0x20001080
100002cc:	00000000 	.word	0x00000000

100002d0 <__do_global_dtors_aux>:
100002d0:	b510      	push	{r4, lr}
100002d2:	4c07      	ldr	r4, [pc, #28]	@ (100002f0 <__do_global_dtors_aux+0x20>)
100002d4:	7823      	ldrb	r3, [r4, #0]
100002d6:	2b00      	cmp	r3, #0
100002d8:	d109      	bne.n	100002ee <__do_global_dtors_aux+0x1e>
100002da:	f7ff ffd5 	bl	10000288 <deregister_tm_clones>
100002de:	4b05      	ldr	r3, [pc, #20]	@ (100002f4 <__do_global_dtors_aux+0x24>)
100002e0:	2b00      	cmp	r3, #0
100002e2:	d002      	beq.n	100002ea <__do_global_dtors_aux+0x1a>
100002e4:	4804      	ldr	r0, [pc, #16]	@ (100002f8 <__do_global_dtors_aux+0x28>)
100002e6:	e000      	b.n	100002ea <__do_global_dtors_aux+0x1a>
100002e8:	bf00      	nop
100002ea:	2301      	movs	r3, #1
100002ec:	7023      	strb	r3, [r4, #0]
100002ee:	bd10      	pop	{r4, pc}
100002f0:	20001400 	.word	0x20001400
100002f4:	00000000 	.word	0x00000000
100002f8:	1000a670 	.word	0x1000a670

100002fc <frame_dummy>:
100002fc:	4b05      	ldr	r3, [pc, #20]	@ (10000314 <frame_dummy+0x18>)
100002fe:	b510      	push	{r4, lr}
10000300:	2b00      	cmp	r3, #0
10000302:	d003      	beq.n	1000030c <frame_dummy+0x10>
10000304:	4904      	ldr	r1, [pc, #16]	@ (10000318 <frame_dummy+0x1c>)
10000306:	4805      	ldr	r0, [pc, #20]	@ (1000031c <frame_dummy+0x20>)
10000308:	e000      	b.n	1000030c <frame_dummy+0x10>
1000030a:	bf00      	nop
1000030c:	f7ff ffcc 	bl	100002a8 <register_tm_clones>
10000310:	bd10      	pop	{r4, pc}
10000312:	46c0      	nop			@ (mov r8, r8)
10000314:	00000000 	.word	0x00000000
10000318:	20001404 	.word	0x20001404
1000031c:	1000a670 	.word	0x1000a670

10000320 <halt_blink>:
10000320:	b570      	push	{r4, r5, r6, lr}
10000322:	2380      	movs	r3, #128	@ 0x80
10000324:	24d0      	movs	r4, #208	@ 0xd0
10000326:	2580      	movs	r5, #128	@ 0x80
10000328:	0624      	lsls	r4, r4, #24
1000032a:	029b      	lsls	r3, r3, #10
1000032c:	6163      	str	r3, [r4, #20]
1000032e:	026d      	lsls	r5, r5, #9
10000330:	2096      	movs	r0, #150	@ 0x96
10000332:	61a5      	str	r5, [r4, #24]
10000334:	0040      	lsls	r0, r0, #1
10000336:	f004 fd59 	bl	10004dec <sleep_ms>
1000033a:	2096      	movs	r0, #150	@ 0x96
1000033c:	6165      	str	r5, [r4, #20]
1000033e:	0040      	lsls	r0, r0, #1
10000340:	f004 fd54 	bl	10004dec <sleep_ms>
10000344:	e7f4      	b.n	10000330 <halt_blink+0x10>
10000346:	46c0      	nop			@ (mov r8, r8)

10000348 <sleep_with_usb>:
10000348:	b570      	push	{r4, r5, r6, lr}
1000034a:	210a      	movs	r1, #10
1000034c:	f005 fa2a 	bl	100057a4 <__wrap___aeabi_uidiv>
10000350:	2400      	movs	r4, #0
10000352:	0005      	movs	r5, r0
10000354:	200a      	movs	r0, #10
10000356:	f004 fd49 	bl	10004dec <sleep_ms>
1000035a:	2001      	movs	r0, #1
1000035c:	2100      	movs	r1, #0
1000035e:	4240      	negs	r0, r0
10000360:	3401      	adds	r4, #1
10000362:	f008 fb93 	bl	10008a8c <tud_task_ext>
10000366:	42ac      	cmp	r4, r5
10000368:	d1f4      	bne.n	10000354 <sleep_with_usb+0xc>
1000036a:	bd70      	pop	{r4, r5, r6, pc}

1000036c <sdio_init_poll>:
1000036c:	b570      	push	{r4, r5, r6, lr}
1000036e:	0005      	movs	r5, r0
10000370:	4822      	ldr	r0, [pc, #136]	@ (100003fc <sdio_init_poll+0x90>)
10000372:	f007 ff2d 	bl	100081d0 <__wrap_puts>
10000376:	f004 fe4f 	bl	10005018 <time_us_64>
1000037a:	2900      	cmp	r1, #0
1000037c:	d037      	beq.n	100003ee <sdio_init_poll+0x82>
1000037e:	22fa      	movs	r2, #250	@ 0xfa
10000380:	2300      	movs	r3, #0
10000382:	0092      	lsls	r2, r2, #2
10000384:	f005 fa4c 	bl	10005820 <__wrap___aeabi_uldivmod>
10000388:	0006      	movs	r6, r0
1000038a:	f004 fe45 	bl	10005018 <time_us_64>
1000038e:	2900      	cmp	r1, #0
10000390:	d020      	beq.n	100003d4 <sdio_init_poll+0x68>
10000392:	22fa      	movs	r2, #250	@ 0xfa
10000394:	2300      	movs	r3, #0
10000396:	0092      	lsls	r2, r2, #2
10000398:	f005 fa42 	bl	10005820 <__wrap___aeabi_uldivmod>
1000039c:	1b80      	subs	r0, r0, r6
1000039e:	42a8      	cmp	r0, r5
100003a0:	d21f      	bcs.n	100003e2 <sdio_init_poll+0x76>
100003a2:	f002 ffbb 	bl	1000331c <sdio_pio_acquire_pins>
100003a6:	4816      	ldr	r0, [pc, #88]	@ (10000400 <sdio_init_poll+0x94>)
100003a8:	f001 ffce 	bl	10002348 <sdio_pio_set_clkdiv>
100003ac:	f003 f81a 	bl	100033e4 <sdio_pio_card_init>
100003b0:	2800      	cmp	r0, #0
100003b2:	d11b      	bne.n	100003ec <sdio_init_poll+0x80>
100003b4:	240a      	movs	r4, #10
100003b6:	200a      	movs	r0, #10
100003b8:	f004 fd18 	bl	10004dec <sleep_ms>
100003bc:	2001      	movs	r0, #1
100003be:	2100      	movs	r1, #0
100003c0:	4240      	negs	r0, r0
100003c2:	3c01      	subs	r4, #1
100003c4:	f008 fb62 	bl	10008a8c <tud_task_ext>
100003c8:	2c00      	cmp	r4, #0
100003ca:	d1f4      	bne.n	100003b6 <sdio_init_poll+0x4a>
100003cc:	f004 fe24 	bl	10005018 <time_us_64>
100003d0:	2900      	cmp	r1, #0
100003d2:	d1de      	bne.n	10000392 <sdio_init_poll+0x26>
100003d4:	21fa      	movs	r1, #250	@ 0xfa
100003d6:	0089      	lsls	r1, r1, #2
100003d8:	f005 f9e4 	bl	100057a4 <__wrap___aeabi_uidiv>
100003dc:	1b80      	subs	r0, r0, r6
100003de:	42a8      	cmp	r0, r5
100003e0:	d3df      	bcc.n	100003a2 <sdio_init_poll+0x36>
100003e2:	0029      	movs	r1, r5
100003e4:	4807      	ldr	r0, [pc, #28]	@ (10000404 <sdio_init_poll+0x98>)
100003e6:	f007 ff77 	bl	100082d8 <__wrap_printf>
100003ea:	2000      	movs	r0, #0
100003ec:	bd70      	pop	{r4, r5, r6, pc}
100003ee:	21fa      	movs	r1, #250	@ 0xfa
100003f0:	0089      	lsls	r1, r1, #2
100003f2:	f005 f9d7 	bl	100057a4 <__wrap___aeabi_uidiv>
100003f6:	0006      	movs	r6, r0
100003f8:	e7c7      	b.n	1000038a <sdio_init_poll+0x1e>
100003fa:	46c0      	nop			@ (mov r8, r8)
100003fc:	1000a670 	.word	0x1000a670
10000400:	427a0000 	.word	0x427a0000
10000404:	1000a68c 	.word	0x1000a68c

10000408 <init_drive>:
10000408:	b570      	push	{r4, r5, r6, lr}
1000040a:	4c49      	ldr	r4, [pc, #292]	@ (10000530 <init_drive+0x128>)
1000040c:	4849      	ldr	r0, [pc, #292]	@ (10000534 <init_drive+0x12c>)
1000040e:	44a5      	add	sp, r4
10000410:	f7ff ffac 	bl	1000036c <sdio_init_poll>
10000414:	2800      	cmp	r0, #0
10000416:	d118      	bne.n	1000044a <init_drive+0x42>
10000418:	24d0      	movs	r4, #208	@ 0xd0
1000041a:	2580      	movs	r5, #128	@ 0x80
1000041c:	0624      	lsls	r4, r4, #24
1000041e:	026d      	lsls	r5, r5, #9
10000420:	4845      	ldr	r0, [pc, #276]	@ (10000538 <init_drive+0x130>)
10000422:	f007 fed5 	bl	100081d0 <__wrap_puts>
10000426:	6165      	str	r5, [r4, #20]
10000428:	f000 fa38 	bl	1000089c <hdd_power_off>
1000042c:	4843      	ldr	r0, [pc, #268]	@ (1000053c <init_drive+0x134>)
1000042e:	f7ff ff8b 	bl	10000348 <sleep_with_usb>
10000432:	f000 fa27 	bl	10000884 <hdd_power_on>
10000436:	4842      	ldr	r0, [pc, #264]	@ (10000540 <init_drive+0x138>)
10000438:	61a5      	str	r5, [r4, #24]
1000043a:	f7ff ff85 	bl	10000348 <sleep_with_usb>
1000043e:	4841      	ldr	r0, [pc, #260]	@ (10000544 <init_drive+0x13c>)
10000440:	f7ff ff94 	bl	1000036c <sdio_init_poll>
10000444:	2800      	cmp	r0, #0
10000446:	d100      	bne.n	1000044a <init_drive+0x42>
10000448:	e067      	b.n	1000051a <init_drive+0x112>
1000044a:	483f      	ldr	r0, [pc, #252]	@ (10000548 <init_drive+0x140>)
1000044c:	f007 fec0 	bl	100081d0 <__wrap_puts>
10000450:	2280      	movs	r2, #128	@ 0x80
10000452:	4c3e      	ldr	r4, [pc, #248]	@ (1000054c <init_drive+0x144>)
10000454:	2100      	movs	r1, #0
10000456:	0092      	lsls	r2, r2, #2
10000458:	0020      	movs	r0, r4
1000045a:	f006 f8a5 	bl	100065a8 <__wrap_memset>
1000045e:	0020      	movs	r0, r4
10000460:	f000 fb96 	bl	10000b90 <ata_identify>
10000464:	1e05      	subs	r5, r0, #0
10000466:	d055      	beq.n	10000514 <init_drive+0x10c>
10000468:	2676      	movs	r6, #118	@ 0x76
1000046a:	0020      	movs	r0, r4
1000046c:	f000 fdd6 	bl	1000101c <ata_print_identify>
10000470:	2362      	movs	r3, #98	@ 0x62
10000472:	225e      	movs	r2, #94	@ 0x5e
10000474:	5ba6      	ldrh	r6, [r4, r6]
10000476:	5ae3      	ldrh	r3, [r4, r3]
10000478:	5aa2      	ldrh	r2, [r4, r2]
1000047a:	8821      	ldrh	r1, [r4, #0]
1000047c:	9600      	str	r6, [sp, #0]
1000047e:	26a8      	movs	r6, #168	@ 0xa8
10000480:	4833      	ldr	r0, [pc, #204]	@ (10000550 <init_drive+0x148>)
10000482:	f007 ff29 	bl	100082d8 <__wrap_printf>
10000486:	23a6      	movs	r3, #166	@ 0xa6
10000488:	22a4      	movs	r2, #164	@ 0xa4
1000048a:	21a0      	movs	r1, #160	@ 0xa0
1000048c:	5ba6      	ldrh	r6, [r4, r6]
1000048e:	5ae3      	ldrh	r3, [r4, r3]
10000490:	5aa2      	ldrh	r2, [r4, r2]
10000492:	5a61      	ldrh	r1, [r4, r1]
10000494:	9600      	str	r6, [sp, #0]
10000496:	2680      	movs	r6, #128	@ 0x80
10000498:	482e      	ldr	r0, [pc, #184]	@ (10000554 <init_drive+0x14c>)
1000049a:	f007 ff1d 	bl	100082d8 <__wrap_printf>
1000049e:	23ae      	movs	r3, #174	@ 0xae
100004a0:	22ac      	movs	r2, #172	@ 0xac
100004a2:	21aa      	movs	r1, #170	@ 0xaa
100004a4:	0076      	lsls	r6, r6, #1
100004a6:	5ba6      	ldrh	r6, [r4, r6]
100004a8:	5aa2      	ldrh	r2, [r4, r2]
100004aa:	5a61      	ldrh	r1, [r4, r1]
100004ac:	5ae3      	ldrh	r3, [r4, r3]
100004ae:	9601      	str	r6, [sp, #4]
100004b0:	26b2      	movs	r6, #178	@ 0xb2
100004b2:	5ba4      	ldrh	r4, [r4, r6]
100004b4:	4828      	ldr	r0, [pc, #160]	@ (10000558 <init_drive+0x150>)
100004b6:	9400      	str	r4, [sp, #0]
100004b8:	f007 ff0e 	bl	100082d8 <__wrap_printf>
100004bc:	f001 f9d0 	bl	10001860 <ata_smart_dump>
100004c0:	2101      	movs	r1, #1
100004c2:	2000      	movs	r0, #0
100004c4:	aa02      	add	r2, sp, #8
100004c6:	f000 fbf9 	bl	10000cbc <ata_read_sectors>
100004ca:	2800      	cmp	r0, #0
100004cc:	d115      	bne.n	100004fa <init_drive+0xf2>
100004ce:	4823      	ldr	r0, [pc, #140]	@ (1000055c <init_drive+0x154>)
100004d0:	f007 fe7e 	bl	100081d0 <__wrap_puts>
100004d4:	2400      	movs	r4, #0
100004d6:	2101      	movs	r1, #1
100004d8:	0020      	movs	r0, r4
100004da:	aa02      	add	r2, sp, #8
100004dc:	f000 fbee 	bl	10000cbc <ata_read_sectors>
100004e0:	2001      	movs	r0, #1
100004e2:	2100      	movs	r1, #0
100004e4:	4240      	negs	r0, r0
100004e6:	3401      	adds	r4, #1
100004e8:	f008 fad0 	bl	10008a8c <tud_task_ext>
100004ec:	2c10      	cmp	r4, #16
100004ee:	d1f2      	bne.n	100004d6 <init_drive+0xce>
100004f0:	0028      	movs	r0, r5
100004f2:	2382      	movs	r3, #130	@ 0x82
100004f4:	009b      	lsls	r3, r3, #2
100004f6:	449d      	add	sp, r3
100004f8:	bd70      	pop	{r4, r5, r6, pc}
100004fa:	2108      	movs	r1, #8
100004fc:	23ff      	movs	r3, #255	@ 0xff
100004fe:	466a      	mov	r2, sp
10000500:	005b      	lsls	r3, r3, #1
10000502:	1852      	adds	r2, r2, r1
10000504:	5cd3      	ldrb	r3, [r2, r3]
10000506:	4916      	ldr	r1, [pc, #88]	@ (10000560 <init_drive+0x158>)
10000508:	2b55      	cmp	r3, #85	@ 0x55
1000050a:	d008      	beq.n	1000051e <init_drive+0x116>
1000050c:	4815      	ldr	r0, [pc, #84]	@ (10000564 <init_drive+0x15c>)
1000050e:	f007 fee3 	bl	100082d8 <__wrap_printf>
10000512:	e7dc      	b.n	100004ce <init_drive+0xc6>
10000514:	4814      	ldr	r0, [pc, #80]	@ (10000568 <init_drive+0x160>)
10000516:	f007 fe5b 	bl	100081d0 <__wrap_puts>
1000051a:	2500      	movs	r5, #0
1000051c:	e7e8      	b.n	100004f0 <init_drive+0xe8>
1000051e:	466a      	mov	r2, sp
10000520:	2008      	movs	r0, #8
10000522:	4b12      	ldr	r3, [pc, #72]	@ (1000056c <init_drive+0x164>)
10000524:	1812      	adds	r2, r2, r0
10000526:	5cd3      	ldrb	r3, [r2, r3]
10000528:	2baa      	cmp	r3, #170	@ 0xaa
1000052a:	d1ef      	bne.n	1000050c <init_drive+0x104>
1000052c:	4910      	ldr	r1, [pc, #64]	@ (10000570 <init_drive+0x168>)
1000052e:	e7ed      	b.n	1000050c <init_drive+0x104>
10000530:	fffffdf8 	.word	0xfffffdf8
10000534:	00002710 	.word	0x00002710
10000538:	1000a6ec 	.word	0x1000a6ec
1000053c:	00000bb8 	.word	0x00000bb8
10000540:	00002ee0 	.word	0x00002ee0
10000544:	00003a98 	.word	0x00003a98
10000548:	1000a6d4 	.word	0x1000a6d4
1000054c:	20009dc4 	.word	0x20009dc4
10000550:	1000a730 	.word	0x1000a730
10000554:	1000a760 	.word	0x1000a760
10000558:	1000a790 	.word	0x1000a790
1000055c:	1000a7d8 	.word	0x1000a7d8
10000560:	1000a6c4 	.word	0x1000a6c4
10000564:	1000a7c8 	.word	0x1000a7c8
10000568:	1000a718 	.word	0x1000a718
1000056c:	000001ff 	.word	0x000001ff
10000570:	1000a6b4 	.word	0x1000a6b4

10000574 <main>:
10000574:	b5f0      	push	{r4, r5, r6, r7, lr}
10000576:	46de      	mov	lr, fp
10000578:	4657      	mov	r7, sl
1000057a:	464e      	mov	r6, r9
1000057c:	4645      	mov	r5, r8
1000057e:	21e1      	movs	r1, #225	@ 0xe1
10000580:	b5e0      	push	{r5, r6, r7, lr}
10000582:	230d      	movs	r3, #13
10000584:	b085      	sub	sp, #20
10000586:	220c      	movs	r2, #12
10000588:	0249      	lsls	r1, r1, #9
1000058a:	4884      	ldr	r0, [pc, #528]	@ (1000079c <main+0x228>)
1000058c:	f007 ff7e 	bl	1000848c <stdio_uart_init_full>
10000590:	2064      	movs	r0, #100	@ 0x64
10000592:	f004 fc2b 	bl	10004dec <sleep_ms>
10000596:	4882      	ldr	r0, [pc, #520]	@ (100007a0 <main+0x22c>)
10000598:	f007 fe1a 	bl	100081d0 <__wrap_puts>
1000059c:	4881      	ldr	r0, [pc, #516]	@ (100007a4 <main+0x230>)
1000059e:	f007 fe17 	bl	100081d0 <__wrap_puts>
100005a2:	4881      	ldr	r0, [pc, #516]	@ (100007a8 <main+0x234>)
100005a4:	f007 fe14 	bl	100081d0 <__wrap_puts>
100005a8:	4880      	ldr	r0, [pc, #512]	@ (100007ac <main+0x238>)
100005aa:	f007 fe11 	bl	100081d0 <__wrap_puts>
100005ae:	466a      	mov	r2, sp
100005b0:	4b7f      	ldr	r3, [pc, #508]	@ (100007b0 <main+0x23c>)
100005b2:	26d0      	movs	r6, #208	@ 0xd0
100005b4:	cb13      	ldmia	r3!, {r0, r1, r4}
100005b6:	c213      	stmia	r2!, {r0, r1, r4}
100005b8:	46eb      	mov	fp, sp
100005ba:	466c      	mov	r4, sp
100005bc:	2701      	movs	r7, #1
100005be:	681b      	ldr	r3, [r3, #0]
100005c0:	0636      	lsls	r6, r6, #24
100005c2:	6013      	str	r3, [r2, #0]
100005c4:	cc20      	ldmia	r4!, {r5}
100005c6:	0028      	movs	r0, r5
100005c8:	f003 fdd0 	bl	1000416c <gpio_init>
100005cc:	003b      	movs	r3, r7
100005ce:	40ab      	lsls	r3, r5
100005d0:	6273      	str	r3, [r6, #36]	@ 0x24
100005d2:	6173      	str	r3, [r6, #20]
100005d4:	ab04      	add	r3, sp, #16
100005d6:	429c      	cmp	r4, r3
100005d8:	d1f4      	bne.n	100005c4 <main+0x50>
100005da:	f000 f927 	bl	1000082c <sdio_init_pins>
100005de:	4875      	ldr	r0, [pc, #468]	@ (100007b4 <main+0x240>)
100005e0:	4975      	ldr	r1, [pc, #468]	@ (100007b8 <main+0x244>)
100005e2:	f007 fe79 	bl	100082d8 <__wrap_printf>
100005e6:	2380      	movs	r3, #128	@ 0x80
100005e8:	031b      	lsls	r3, r3, #12
100005ea:	4699      	mov	r9, r3
100005ec:	4b73      	ldr	r3, [pc, #460]	@ (100007bc <main+0x248>)
100005ee:	25d0      	movs	r5, #208	@ 0xd0
100005f0:	2700      	movs	r7, #0
100005f2:	2600      	movs	r6, #0
100005f4:	469a      	mov	sl, r3
100005f6:	062d      	lsls	r5, r5, #24
100005f8:	4c6f      	ldr	r4, [pc, #444]	@ (100007b8 <main+0x244>)
100005fa:	1ba4      	subs	r4, r4, r6
100005fc:	2c50      	cmp	r4, #80	@ 0x50
100005fe:	d900      	bls.n	10000602 <main+0x8e>
10000600:	2450      	movs	r4, #80	@ 0x50
10000602:	464b      	mov	r3, r9
10000604:	616b      	str	r3, [r5, #20]
10000606:	2380      	movs	r3, #128	@ 0x80
10000608:	02db      	lsls	r3, r3, #11
1000060a:	616b      	str	r3, [r5, #20]
1000060c:	2380      	movs	r3, #128	@ 0x80
1000060e:	029b      	lsls	r3, r3, #10
10000610:	616b      	str	r3, [r5, #20]
10000612:	2380      	movs	r3, #128	@ 0x80
10000614:	025b      	lsls	r3, r3, #9
10000616:	0038      	movs	r0, r7
10000618:	2107      	movs	r1, #7
1000061a:	616b      	str	r3, [r5, #20]
1000061c:	4698      	mov	r8, r3
1000061e:	3701      	adds	r7, #1
10000620:	f005 f8c0 	bl	100057a4 <__wrap___aeabi_uidiv>
10000624:	2905      	cmp	r1, #5
10000626:	d859      	bhi.n	100006dc <main+0x168>
10000628:	4653      	mov	r3, sl
1000062a:	0089      	lsls	r1, r1, #2
1000062c:	585b      	ldr	r3, [r3, r1]
1000062e:	469f      	mov	pc, r3
10000630:	2380      	movs	r3, #128	@ 0x80
10000632:	029b      	lsls	r3, r3, #10
10000634:	61ab      	str	r3, [r5, #24]
10000636:	0020      	movs	r0, r4
10000638:	f004 fbd8 	bl	10004dec <sleep_ms>
1000063c:	4b60      	ldr	r3, [pc, #384]	@ (100007c0 <main+0x24c>)
1000063e:	1936      	adds	r6, r6, r4
10000640:	429e      	cmp	r6, r3
10000642:	d9d9      	bls.n	100005f8 <main+0x84>
10000644:	24d0      	movs	r4, #208	@ 0xd0
10000646:	2380      	movs	r3, #128	@ 0x80
10000648:	0624      	lsls	r4, r4, #24
1000064a:	031b      	lsls	r3, r3, #12
1000064c:	6163      	str	r3, [r4, #20]
1000064e:	2680      	movs	r6, #128	@ 0x80
10000650:	2380      	movs	r3, #128	@ 0x80
10000652:	2580      	movs	r5, #128	@ 0x80
10000654:	02db      	lsls	r3, r3, #11
10000656:	026d      	lsls	r5, r5, #9
10000658:	02b6      	lsls	r6, r6, #10
1000065a:	6163      	str	r3, [r4, #20]
1000065c:	2100      	movs	r1, #0
1000065e:	6166      	str	r6, [r4, #20]
10000660:	2000      	movs	r0, #0
10000662:	6165      	str	r5, [r4, #20]
10000664:	f009 fd30 	bl	1000a0c8 <tusb_rhport_init>
10000668:	4856      	ldr	r0, [pc, #344]	@ (100007c4 <main+0x250>)
1000066a:	f001 fe6d 	bl	10002348 <sdio_pio_set_clkdiv>
1000066e:	f001 fe27 	bl	100022c0 <sdio_pio_init>
10000672:	4855      	ldr	r0, [pc, #340]	@ (100007c8 <main+0x254>)
10000674:	f007 fdac 	bl	100081d0 <__wrap_puts>
10000678:	6166      	str	r6, [r4, #20]
1000067a:	6165      	str	r5, [r4, #20]
1000067c:	f000 f90e 	bl	1000089c <hdd_power_off>
10000680:	20fa      	movs	r0, #250	@ 0xfa
10000682:	0040      	lsls	r0, r0, #1
10000684:	f7ff fe60 	bl	10000348 <sleep_with_usb>
10000688:	f000 f8fc 	bl	10000884 <hdd_power_on>
1000068c:	484f      	ldr	r0, [pc, #316]	@ (100007cc <main+0x258>)
1000068e:	61a5      	str	r5, [r4, #24]
10000690:	f7ff fe5a 	bl	10000348 <sleep_with_usb>
10000694:	f7ff feb8 	bl	10000408 <init_drive>
10000698:	2800      	cmp	r0, #0
1000069a:	d122      	bne.n	100006e2 <main+0x16e>
1000069c:	484c      	ldr	r0, [pc, #304]	@ (100007d0 <main+0x25c>)
1000069e:	f007 fd97 	bl	100081d0 <__wrap_puts>
100006a2:	f7ff fe3d 	bl	10000320 <halt_blink>
100006a6:	2380      	movs	r3, #128	@ 0x80
100006a8:	02db      	lsls	r3, r3, #11
100006aa:	61ab      	str	r3, [r5, #24]
100006ac:	2380      	movs	r3, #128	@ 0x80
100006ae:	029b      	lsls	r3, r3, #10
100006b0:	61ab      	str	r3, [r5, #24]
100006b2:	e7c0      	b.n	10000636 <main+0xc2>
100006b4:	2380      	movs	r3, #128	@ 0x80
100006b6:	02db      	lsls	r3, r3, #11
100006b8:	61ab      	str	r3, [r5, #24]
100006ba:	e7bc      	b.n	10000636 <main+0xc2>
100006bc:	464b      	mov	r3, r9
100006be:	61ab      	str	r3, [r5, #24]
100006c0:	2380      	movs	r3, #128	@ 0x80
100006c2:	02db      	lsls	r3, r3, #11
100006c4:	61ab      	str	r3, [r5, #24]
100006c6:	e7b6      	b.n	10000636 <main+0xc2>
100006c8:	464b      	mov	r3, r9
100006ca:	61ab      	str	r3, [r5, #24]
100006cc:	e7b3      	b.n	10000636 <main+0xc2>
100006ce:	2380      	movs	r3, #128	@ 0x80
100006d0:	029b      	lsls	r3, r3, #10
100006d2:	61ab      	str	r3, [r5, #24]
100006d4:	2380      	movs	r3, #128	@ 0x80
100006d6:	025b      	lsls	r3, r3, #9
100006d8:	61ab      	str	r3, [r5, #24]
100006da:	e7ac      	b.n	10000636 <main+0xc2>
100006dc:	4643      	mov	r3, r8
100006de:	61ab      	str	r3, [r5, #24]
100006e0:	e7a9      	b.n	10000636 <main+0xc2>
100006e2:	2300      	movs	r3, #0
100006e4:	465a      	mov	r2, fp
100006e6:	61a6      	str	r6, [r4, #24]
100006e8:	2107      	movs	r1, #7
100006ea:	2001      	movs	r0, #1
100006ec:	7013      	strb	r3, [r2, #0]
100006ee:	f002 f86b 	bl	100027c8 <sdio_pio_cmd52_read>
100006f2:	2800      	cmp	r0, #0
100006f4:	d03a      	beq.n	1000076c <main+0x1f8>
100006f6:	465b      	mov	r3, fp
100006f8:	4836      	ldr	r0, [pc, #216]	@ (100007d4 <main+0x260>)
100006fa:	7819      	ldrb	r1, [r3, #0]
100006fc:	f007 fdec 	bl	100082d8 <__wrap_printf>
10000700:	4835      	ldr	r0, [pc, #212]	@ (100007d8 <main+0x264>)
10000702:	f000 fc7b 	bl	10000ffc <ata_get_capacity>
10000706:	0004      	movs	r4, r0
10000708:	0ac2      	lsrs	r2, r0, #11
1000070a:	0021      	movs	r1, r4
1000070c:	4833      	ldr	r0, [pc, #204]	@ (100007dc <main+0x268>)
1000070e:	f007 fde3 	bl	100082d8 <__wrap_printf>
10000712:	0020      	movs	r0, r4
10000714:	f003 fa62 	bl	10003bdc <msc_set_drive_params>
10000718:	4831      	ldr	r0, [pc, #196]	@ (100007e0 <main+0x26c>)
1000071a:	f007 fd59 	bl	100081d0 <__wrap_puts>
1000071e:	4e31      	ldr	r6, [pc, #196]	@ (100007e4 <main+0x270>)
10000720:	2001      	movs	r0, #1
10000722:	2100      	movs	r1, #0
10000724:	4240      	negs	r0, r0
10000726:	f008 f9b1 	bl	10008a8c <tud_task_ext>
1000072a:	f003 fab1 	bl	10003c90 <msc_service_write_behind>
1000072e:	f003 fafb 	bl	10003d28 <msc_service_prefetch>
10000732:	f003 fa13 	bl	10003b5c <msc_is_drive_spinning>
10000736:	2800      	cmp	r0, #0
10000738:	d0f2      	beq.n	10000720 <main+0x1ac>
1000073a:	f004 fc6d 	bl	10005018 <time_us_64>
1000073e:	0005      	movs	r5, r0
10000740:	1e0c      	subs	r4, r1, #0
10000742:	d018      	beq.n	10000776 <main+0x202>
10000744:	f003 fa04 	bl	10003b50 <msc_get_last_activity_ms>
10000748:	22fa      	movs	r2, #250	@ 0xfa
1000074a:	0007      	movs	r7, r0
1000074c:	2300      	movs	r3, #0
1000074e:	0028      	movs	r0, r5
10000750:	0021      	movs	r1, r4
10000752:	0092      	lsls	r2, r2, #2
10000754:	f005 f864 	bl	10005820 <__wrap___aeabi_uldivmod>
10000758:	4b19      	ldr	r3, [pc, #100]	@ (100007c0 <main+0x24c>)
1000075a:	1bc1      	subs	r1, r0, r7
1000075c:	4299      	cmp	r1, r3
1000075e:	d9df      	bls.n	10000720 <main+0x1ac>
10000760:	0030      	movs	r0, r6
10000762:	f007 fdb9 	bl	100082d8 <__wrap_printf>
10000766:	f003 fa0d 	bl	10003b84 <msc_power_gate>
1000076a:	e7d9      	b.n	10000720 <main+0x1ac>
1000076c:	481e      	ldr	r0, [pc, #120]	@ (100007e8 <main+0x274>)
1000076e:	f007 fd2f 	bl	100081d0 <__wrap_puts>
10000772:	f7ff fdd5 	bl	10000320 <halt_blink>
10000776:	f003 f9eb 	bl	10003b50 <msc_get_last_activity_ms>
1000077a:	21fa      	movs	r1, #250	@ 0xfa
1000077c:	0004      	movs	r4, r0
1000077e:	0089      	lsls	r1, r1, #2
10000780:	0028      	movs	r0, r5
10000782:	f005 f80f 	bl	100057a4 <__wrap___aeabi_uidiv>
10000786:	4b0e      	ldr	r3, [pc, #56]	@ (100007c0 <main+0x24c>)
10000788:	1b01      	subs	r1, r0, r4
1000078a:	4299      	cmp	r1, r3
1000078c:	d9c8      	bls.n	10000720 <main+0x1ac>
1000078e:	0030      	movs	r0, r6
10000790:	f007 fda2 	bl	100082d8 <__wrap_printf>
10000794:	f003 f9f6 	bl	10003b84 <msc_power_gate>
10000798:	e7c2      	b.n	10000720 <main+0x1ac>
1000079a:	46c0      	nop			@ (mov r8, r8)
1000079c:	40034000 	.word	0x40034000
100007a0:	1000a7f0 	.word	0x1000a7f0
100007a4:	1000a81c 	.word	0x1000a81c
100007a8:	1000a83c 	.word	0x1000a83c
100007ac:	1000a864 	.word	0x1000a864
100007b0:	1000b8bc 	.word	0x1000b8bc
100007b4:	1000a890 	.word	0x1000a890
100007b8:	00001388 	.word	0x00001388
100007bc:	1000b8a4 	.word	0x1000b8a4
100007c0:	00001387 	.word	0x00001387
100007c4:	40480000 	.word	0x40480000
100007c8:	1000a8ac 	.word	0x1000a8ac
100007cc:	000005dc 	.word	0x000005dc
100007d0:	1000a8c8 	.word	0x1000a8c8
100007d4:	1000a908 	.word	0x1000a908
100007d8:	20009dc4 	.word	0x20009dc4
100007dc:	1000a928 	.word	0x1000a928
100007e0:	1000a94c 	.word	0x1000a94c
100007e4:	1000a95c 	.word	0x1000a95c
100007e8:	1000a8ec 	.word	0x1000a8ec

100007ec <tud_suspend_cb>:
100007ec:	b510      	push	{r4, lr}
100007ee:	f003 f9b5 	bl	10003b5c <msc_is_drive_spinning>
100007f2:	2800      	cmp	r0, #0
100007f4:	d003      	beq.n	100007fe <tud_suspend_cb+0x12>
100007f6:	f003 f9bf 	bl	10003b78 <msc_is_power_gated>
100007fa:	2800      	cmp	r0, #0
100007fc:	d003      	beq.n	10000806 <tud_suspend_cb+0x1a>
100007fe:	4805      	ldr	r0, [pc, #20]	@ (10000814 <tud_suspend_cb+0x28>)
10000800:	f007 fce6 	bl	100081d0 <__wrap_puts>
10000804:	bd10      	pop	{r4, pc}
10000806:	4804      	ldr	r0, [pc, #16]	@ (10000818 <tud_suspend_cb+0x2c>)
10000808:	f007 fce2 	bl	100081d0 <__wrap_puts>
1000080c:	f003 f9ba 	bl	10003b84 <msc_power_gate>
10000810:	e7f8      	b.n	10000804 <tud_suspend_cb+0x18>
10000812:	46c0      	nop			@ (mov r8, r8)
10000814:	1000a9a8 	.word	0x1000a9a8
10000818:	1000a988 	.word	0x1000a988

1000081c <tud_resume_cb>:
1000081c:	b510      	push	{r4, lr}
1000081e:	4802      	ldr	r0, [pc, #8]	@ (10000828 <tud_resume_cb+0xc>)
10000820:	f007 fcd6 	bl	100081d0 <__wrap_puts>
10000824:	bd10      	pop	{r4, pc}
10000826:	46c0      	nop			@ (mov r8, r8)
10000828:	1000a9c4 	.word	0x1000a9c4

1000082c <sdio_init_pins>:
1000082c:	b570      	push	{r4, r5, r6, lr}
1000082e:	2002      	movs	r0, #2
10000830:	25d0      	movs	r5, #208	@ 0xd0
10000832:	f003 fc9b 	bl	1000416c <gpio_init>
10000836:	2304      	movs	r3, #4
10000838:	062d      	lsls	r5, r5, #24
1000083a:	626b      	str	r3, [r5, #36]	@ 0x24
1000083c:	2003      	movs	r0, #3
1000083e:	61ab      	str	r3, [r5, #24]
10000840:	f003 fc94 	bl	1000416c <gpio_init>
10000844:	2308      	movs	r3, #8
10000846:	2200      	movs	r2, #0
10000848:	626b      	str	r3, [r5, #36]	@ 0x24
1000084a:	2101      	movs	r1, #1
1000084c:	2003      	movs	r0, #3
1000084e:	616b      	str	r3, [r5, #20]
10000850:	f003 fc78 	bl	10004144 <gpio_set_pulls>
10000854:	2404      	movs	r4, #4
10000856:	2601      	movs	r6, #1
10000858:	0020      	movs	r0, r4
1000085a:	f003 fc87 	bl	1000416c <gpio_init>
1000085e:	0033      	movs	r3, r6
10000860:	40a3      	lsls	r3, r4
10000862:	0020      	movs	r0, r4
10000864:	2200      	movs	r2, #0
10000866:	2101      	movs	r1, #1
10000868:	62ab      	str	r3, [r5, #40]	@ 0x28
1000086a:	3401      	adds	r4, #1
1000086c:	f003 fc6a 	bl	10004144 <gpio_set_pulls>
10000870:	2c08      	cmp	r4, #8
10000872:	d1f1      	bne.n	10000858 <sdio_init_pins+0x2c>
10000874:	2009      	movs	r0, #9
10000876:	f003 fc79 	bl	1000416c <gpio_init>
1000087a:	2380      	movs	r3, #128	@ 0x80
1000087c:	009b      	lsls	r3, r3, #2
1000087e:	626b      	str	r3, [r5, #36]	@ 0x24
10000880:	61ab      	str	r3, [r5, #24]
10000882:	bd70      	pop	{r4, r5, r6, pc}

10000884 <hdd_power_on>:
10000884:	23d0      	movs	r3, #208	@ 0xd0
10000886:	2280      	movs	r2, #128	@ 0x80
10000888:	b510      	push	{r4, lr}
1000088a:	061b      	lsls	r3, r3, #24
1000088c:	0092      	lsls	r2, r2, #2
1000088e:	4802      	ldr	r0, [pc, #8]	@ (10000898 <hdd_power_on+0x14>)
10000890:	615a      	str	r2, [r3, #20]
10000892:	f007 fc9d 	bl	100081d0 <__wrap_puts>
10000896:	bd10      	pop	{r4, pc}
10000898:	1000a9d4 	.word	0x1000a9d4

1000089c <hdd_power_off>:
1000089c:	23d0      	movs	r3, #208	@ 0xd0
1000089e:	2280      	movs	r2, #128	@ 0x80
100008a0:	b510      	push	{r4, lr}
100008a2:	061b      	lsls	r3, r3, #24
100008a4:	0092      	lsls	r2, r2, #2
100008a6:	4802      	ldr	r0, [pc, #8]	@ (100008b0 <hdd_power_off+0x14>)
100008a8:	619a      	str	r2, [r3, #24]
100008aa:	f007 fc91 	bl	100081d0 <__wrap_puts>
100008ae:	bd10      	pop	{r4, pc}
100008b0:	1000a9e8 	.word	0x1000a9e8

100008b4 <ata_wait_drq>:
100008b4:	b570      	push	{r4, r5, r6, lr}
100008b6:	b082      	sub	sp, #8
100008b8:	0005      	movs	r5, r0
100008ba:	f004 fbad 	bl	10005018 <time_us_64>
100008be:	2900      	cmp	r1, #0
100008c0:	d02c      	beq.n	1000091c <ata_wait_drq+0x68>
100008c2:	22fa      	movs	r2, #250	@ 0xfa
100008c4:	2300      	movs	r3, #0
100008c6:	0092      	lsls	r2, r2, #2
100008c8:	f004 ffaa 	bl	10005820 <__wrap___aeabi_uldivmod>
100008cc:	0006      	movs	r6, r0
100008ce:	466b      	mov	r3, sp
100008d0:	1ddc      	adds	r4, r3, #7
100008d2:	f004 fba1 	bl	10005018 <time_us_64>
100008d6:	2900      	cmp	r1, #0
100008d8:	d01b      	beq.n	10000912 <ata_wait_drq+0x5e>
100008da:	22fa      	movs	r2, #250	@ 0xfa
100008dc:	2300      	movs	r3, #0
100008de:	0092      	lsls	r2, r2, #2
100008e0:	f004 ff9e 	bl	10005820 <__wrap___aeabi_uldivmod>
100008e4:	1b80      	subs	r0, r0, r6
100008e6:	42a8      	cmp	r0, r5
100008e8:	d210      	bcs.n	1000090c <ata_wait_drq+0x58>
100008ea:	2300      	movs	r3, #0
100008ec:	0022      	movs	r2, r4
100008ee:	2107      	movs	r1, #7
100008f0:	2001      	movs	r0, #1
100008f2:	7023      	strb	r3, [r4, #0]
100008f4:	f001 ff68 	bl	100027c8 <sdio_pio_cmd52_read>
100008f8:	2800      	cmp	r0, #0
100008fa:	d008      	beq.n	1000090e <ata_wait_drq+0x5a>
100008fc:	7823      	ldrb	r3, [r4, #0]
100008fe:	071a      	lsls	r2, r3, #28
10000900:	d405      	bmi.n	1000090e <ata_wait_drq+0x5a>
10000902:	b25a      	sxtb	r2, r3
10000904:	2a00      	cmp	r2, #0
10000906:	dbe4      	blt.n	100008d2 <ata_wait_drq+0x1e>
10000908:	07db      	lsls	r3, r3, #31
1000090a:	d5e2      	bpl.n	100008d2 <ata_wait_drq+0x1e>
1000090c:	2000      	movs	r0, #0
1000090e:	b002      	add	sp, #8
10000910:	bd70      	pop	{r4, r5, r6, pc}
10000912:	21fa      	movs	r1, #250	@ 0xfa
10000914:	0089      	lsls	r1, r1, #2
10000916:	f004 ff45 	bl	100057a4 <__wrap___aeabi_uidiv>
1000091a:	e7e3      	b.n	100008e4 <ata_wait_drq+0x30>
1000091c:	21fa      	movs	r1, #250	@ 0xfa
1000091e:	0089      	lsls	r1, r1, #2
10000920:	f004 ff40 	bl	100057a4 <__wrap___aeabi_uidiv>
10000924:	0006      	movs	r6, r0
10000926:	e7d2      	b.n	100008ce <ata_wait_drq+0x1a>

10000928 <ata_issue_rw_command>:
10000928:	b570      	push	{r4, r5, r6, lr}
1000092a:	b082      	sub	sp, #8
1000092c:	466b      	mov	r3, sp
1000092e:	2600      	movs	r6, #0
10000930:	0004      	movs	r4, r0
10000932:	0015      	movs	r5, r2
10000934:	71de      	strb	r6, [r3, #7]
10000936:	000a      	movs	r2, r1
10000938:	2001      	movs	r0, #1
1000093a:	2102      	movs	r1, #2
1000093c:	3307      	adds	r3, #7
1000093e:	f001 ff6f 	bl	10002820 <sdio_pio_cmd52_write>
10000942:	2800      	cmp	r0, #0
10000944:	d102      	bne.n	1000094c <ata_issue_rw_command+0x24>
10000946:	2000      	movs	r0, #0
10000948:	b002      	add	sp, #8
1000094a:	bd70      	pop	{r4, r5, r6, pc}
1000094c:	466b      	mov	r3, sp
1000094e:	2103      	movs	r1, #3
10000950:	71de      	strb	r6, [r3, #7]
10000952:	2001      	movs	r0, #1
10000954:	b2e2      	uxtb	r2, r4
10000956:	3307      	adds	r3, #7
10000958:	f001 ff62 	bl	10002820 <sdio_pio_cmd52_write>
1000095c:	2800      	cmp	r0, #0
1000095e:	d0f2      	beq.n	10000946 <ata_issue_rw_command+0x1e>
10000960:	466b      	mov	r3, sp
10000962:	0a22      	lsrs	r2, r4, #8
10000964:	71de      	strb	r6, [r3, #7]
10000966:	2104      	movs	r1, #4
10000968:	2001      	movs	r0, #1
1000096a:	b2d2      	uxtb	r2, r2
1000096c:	3307      	adds	r3, #7
1000096e:	f001 ff57 	bl	10002820 <sdio_pio_cmd52_write>
10000972:	2800      	cmp	r0, #0
10000974:	d0e7      	beq.n	10000946 <ata_issue_rw_command+0x1e>
10000976:	466b      	mov	r3, sp
10000978:	0c22      	lsrs	r2, r4, #16
1000097a:	71de      	strb	r6, [r3, #7]
1000097c:	2105      	movs	r1, #5
1000097e:	2001      	movs	r0, #1
10000980:	b2d2      	uxtb	r2, r2
10000982:	3307      	adds	r3, #7
10000984:	f001 ff4c 	bl	10002820 <sdio_pio_cmd52_write>
10000988:	2800      	cmp	r0, #0
1000098a:	d0dc      	beq.n	10000946 <ata_issue_rw_command+0x1e>
1000098c:	466b      	mov	r3, sp
1000098e:	71de      	strb	r6, [r3, #7]
10000990:	23e0      	movs	r3, #224	@ 0xe0
10000992:	0122      	lsls	r2, r4, #4
10000994:	0f12      	lsrs	r2, r2, #28
10000996:	431a      	orrs	r2, r3
10000998:	466b      	mov	r3, sp
1000099a:	2106      	movs	r1, #6
1000099c:	2001      	movs	r0, #1
1000099e:	3307      	adds	r3, #7
100009a0:	f001 ff3e 	bl	10002820 <sdio_pio_cmd52_write>
100009a4:	2800      	cmp	r0, #0
100009a6:	d0ce      	beq.n	10000946 <ata_issue_rw_command+0x1e>
100009a8:	466b      	mov	r3, sp
100009aa:	002a      	movs	r2, r5
100009ac:	71de      	strb	r6, [r3, #7]
100009ae:	2107      	movs	r1, #7
100009b0:	3307      	adds	r3, #7
100009b2:	2001      	movs	r0, #1
100009b4:	f001 ff34 	bl	10002820 <sdio_pio_cmd52_write>
100009b8:	e7c6      	b.n	10000948 <ata_issue_rw_command+0x20>
100009ba:	46c0      	nop			@ (mov r8, r8)

100009bc <ata_log_status_error>:
100009bc:	b5f0      	push	{r4, r5, r6, r7, lr}
100009be:	b085      	sub	sp, #20
100009c0:	2300      	movs	r3, #0
100009c2:	466a      	mov	r2, sp
100009c4:	7393      	strb	r3, [r2, #14]
100009c6:	73d3      	strb	r3, [r2, #15]
100009c8:	330e      	adds	r3, #14
100009ca:	446b      	add	r3, sp
100009cc:	0005      	movs	r5, r0
100009ce:	000c      	movs	r4, r1
100009d0:	001a      	movs	r2, r3
100009d2:	2107      	movs	r1, #7
100009d4:	2001      	movs	r0, #1
100009d6:	f001 fef7 	bl	100027c8 <sdio_pio_cmd52_read>
100009da:	2800      	cmp	r0, #0
100009dc:	d03c      	beq.n	10000a58 <ata_log_status_error+0x9c>
100009de:	466b      	mov	r3, sp
100009e0:	2601      	movs	r6, #1
100009e2:	7b9a      	ldrb	r2, [r3, #14]
100009e4:	4216      	tst	r6, r2
100009e6:	d10e      	bne.n	10000a06 <ata_log_status_error+0x4a>
100009e8:	0693      	lsls	r3, r2, #26
100009ea:	d43b      	bmi.n	10000a64 <ata_log_status_error+0xa8>
100009ec:	4924      	ldr	r1, [pc, #144]	@ (10000a80 <ata_log_status_error+0xc4>)
100009ee:	000b      	movs	r3, r1
100009f0:	9100      	str	r1, [sp, #0]
100009f2:	4824      	ldr	r0, [pc, #144]	@ (10000a84 <ata_log_status_error+0xc8>)
100009f4:	0029      	movs	r1, r5
100009f6:	f007 fc6f 	bl	100082d8 <__wrap_printf>
100009fa:	0021      	movs	r1, r4
100009fc:	4822      	ldr	r0, [pc, #136]	@ (10000a88 <ata_log_status_error+0xcc>)
100009fe:	f007 fc6b 	bl	100082d8 <__wrap_printf>
10000a02:	b005      	add	sp, #20
10000a04:	bdf0      	pop	{r4, r5, r6, r7, pc}
10000a06:	230f      	movs	r3, #15
10000a08:	446b      	add	r3, sp
10000a0a:	001a      	movs	r2, r3
10000a0c:	2101      	movs	r1, #1
10000a0e:	2001      	movs	r0, #1
10000a10:	f001 feda 	bl	100027c8 <sdio_pio_cmd52_read>
10000a14:	2800      	cmp	r0, #0
10000a16:	d01f      	beq.n	10000a58 <ata_log_status_error+0x9c>
10000a18:	466b      	mov	r3, sp
10000a1a:	7b99      	ldrb	r1, [r3, #14]
10000a1c:	7bdf      	ldrb	r7, [r3, #15]
10000a1e:	000a      	movs	r2, r1
10000a20:	400e      	ands	r6, r1
10000a22:	068b      	lsls	r3, r1, #26
10000a24:	d429      	bmi.n	10000a7a <ata_log_status_error+0xbe>
10000a26:	4b16      	ldr	r3, [pc, #88]	@ (10000a80 <ata_log_status_error+0xc4>)
10000a28:	2e00      	cmp	r6, #0
10000a2a:	d01c      	beq.n	10000a66 <ata_log_status_error+0xaa>
10000a2c:	4a17      	ldr	r2, [pc, #92]	@ (10000a8c <ata_log_status_error+0xd0>)
10000a2e:	4815      	ldr	r0, [pc, #84]	@ (10000a84 <ata_log_status_error+0xc8>)
10000a30:	9200      	str	r2, [sp, #0]
10000a32:	000a      	movs	r2, r1
10000a34:	0029      	movs	r1, r5
10000a36:	f007 fc4f 	bl	100082d8 <__wrap_printf>
10000a3a:	077b      	lsls	r3, r7, #29
10000a3c:	d515      	bpl.n	10000a6a <ata_log_status_error+0xae>
10000a3e:	4a14      	ldr	r2, [pc, #80]	@ (10000a90 <ata_log_status_error+0xd4>)
10000a40:	06fb      	lsls	r3, r7, #27
10000a42:	d515      	bpl.n	10000a70 <ata_log_status_error+0xb4>
10000a44:	4b13      	ldr	r3, [pc, #76]	@ (10000a94 <ata_log_status_error+0xd8>)
10000a46:	0679      	lsls	r1, r7, #25
10000a48:	d515      	bpl.n	10000a76 <ata_log_status_error+0xba>
10000a4a:	4913      	ldr	r1, [pc, #76]	@ (10000a98 <ata_log_status_error+0xdc>)
10000a4c:	9100      	str	r1, [sp, #0]
10000a4e:	4813      	ldr	r0, [pc, #76]	@ (10000a9c <ata_log_status_error+0xe0>)
10000a50:	0039      	movs	r1, r7
10000a52:	f007 fc41 	bl	100082d8 <__wrap_printf>
10000a56:	e7d0      	b.n	100009fa <ata_log_status_error+0x3e>
10000a58:	0022      	movs	r2, r4
10000a5a:	0029      	movs	r1, r5
10000a5c:	4810      	ldr	r0, [pc, #64]	@ (10000aa0 <ata_log_status_error+0xe4>)
10000a5e:	f007 fc3b 	bl	100082d8 <__wrap_printf>
10000a62:	e7ce      	b.n	10000a02 <ata_log_status_error+0x46>
10000a64:	4b0f      	ldr	r3, [pc, #60]	@ (10000aa4 <ata_log_status_error+0xe8>)
10000a66:	4906      	ldr	r1, [pc, #24]	@ (10000a80 <ata_log_status_error+0xc4>)
10000a68:	e7c2      	b.n	100009f0 <ata_log_status_error+0x34>
10000a6a:	4a05      	ldr	r2, [pc, #20]	@ (10000a80 <ata_log_status_error+0xc4>)
10000a6c:	06fb      	lsls	r3, r7, #27
10000a6e:	d4e9      	bmi.n	10000a44 <ata_log_status_error+0x88>
10000a70:	4b03      	ldr	r3, [pc, #12]	@ (10000a80 <ata_log_status_error+0xc4>)
10000a72:	0679      	lsls	r1, r7, #25
10000a74:	d4e9      	bmi.n	10000a4a <ata_log_status_error+0x8e>
10000a76:	4902      	ldr	r1, [pc, #8]	@ (10000a80 <ata_log_status_error+0xc4>)
10000a78:	e7e8      	b.n	10000a4c <ata_log_status_error+0x90>
10000a7a:	4b0a      	ldr	r3, [pc, #40]	@ (10000aa4 <ata_log_status_error+0xe8>)
10000a7c:	e7d4      	b.n	10000a28 <ata_log_status_error+0x6c>
10000a7e:	46c0      	nop			@ (mov r8, r8)
10000a80:	1000ad58 	.word	0x1000ad58
10000a84:	1000aa48 	.word	0x1000aa48
10000a88:	1000acf8 	.word	0x1000acf8
10000a8c:	1000aa60 	.word	0x1000aa60
10000a90:	1000aa04 	.word	0x1000aa04
10000a94:	1000aa0c 	.word	0x1000aa0c
10000a98:	1000aa14 	.word	0x1000aa14
10000a9c:	1000aa68 	.word	0x1000aa68
10000aa0:	1000aa1c 	.word	0x1000aa1c
10000aa4:	1000aa00 	.word	0x1000aa00

10000aa8 <ata_wait_command_result>:
10000aa8:	b5f0      	push	{r4, r5, r6, r7, lr}
10000aaa:	46c6      	mov	lr, r8
10000aac:	b500      	push	{lr}
10000aae:	b082      	sub	sp, #8
10000ab0:	4680      	mov	r8, r0
10000ab2:	000f      	movs	r7, r1
10000ab4:	0015      	movs	r5, r2
10000ab6:	f004 faaf 	bl	10005018 <time_us_64>
10000aba:	2900      	cmp	r1, #0
10000abc:	d04d      	beq.n	10000b5a <ata_wait_command_result+0xb2>
10000abe:	22fa      	movs	r2, #250	@ 0xfa
10000ac0:	2300      	movs	r3, #0
10000ac2:	0092      	lsls	r2, r2, #2
10000ac4:	f004 feac 	bl	10005820 <__wrap___aeabi_uldivmod>
10000ac8:	0006      	movs	r6, r0
10000aca:	466b      	mov	r3, sp
10000acc:	1ddc      	adds	r4, r3, #7
10000ace:	2300      	movs	r3, #0
10000ad0:	7023      	strb	r3, [r4, #0]
10000ad2:	e011      	b.n	10000af8 <ata_wait_command_result+0x50>
10000ad4:	22fa      	movs	r2, #250	@ 0xfa
10000ad6:	2300      	movs	r3, #0
10000ad8:	0092      	lsls	r2, r2, #2
10000ada:	f004 fea1 	bl	10005820 <__wrap___aeabi_uldivmod>
10000ade:	1b80      	subs	r0, r0, r6
10000ae0:	4285      	cmp	r5, r0
10000ae2:	d914      	bls.n	10000b0e <ata_wait_command_result+0x66>
10000ae4:	0022      	movs	r2, r4
10000ae6:	2107      	movs	r1, #7
10000ae8:	2001      	movs	r0, #1
10000aea:	f001 fe6d 	bl	100027c8 <sdio_pio_cmd52_read>
10000aee:	2800      	cmp	r0, #0
10000af0:	d00d      	beq.n	10000b0e <ata_wait_command_result+0x66>
10000af2:	7823      	ldrb	r3, [r4, #0]
10000af4:	2b7f      	cmp	r3, #127	@ 0x7f
10000af6:	d919      	bls.n	10000b2c <ata_wait_command_result+0x84>
10000af8:	f004 fa8e 	bl	10005018 <time_us_64>
10000afc:	2900      	cmp	r1, #0
10000afe:	d1e9      	bne.n	10000ad4 <ata_wait_command_result+0x2c>
10000b00:	21fa      	movs	r1, #250	@ 0xfa
10000b02:	0089      	lsls	r1, r1, #2
10000b04:	f004 fe4e 	bl	100057a4 <__wrap___aeabi_uidiv>
10000b08:	1b80      	subs	r0, r0, r6
10000b0a:	4285      	cmp	r5, r0
10000b0c:	d8ea      	bhi.n	10000ae4 <ata_wait_command_result+0x3c>
10000b0e:	0039      	movs	r1, r7
10000b10:	4642      	mov	r2, r8
10000b12:	481d      	ldr	r0, [pc, #116]	@ (10000b88 <ata_wait_command_result+0xe0>)
10000b14:	f007 fbe0 	bl	100082d8 <__wrap_printf>
10000b18:	4641      	mov	r1, r8
10000b1a:	0038      	movs	r0, r7
10000b1c:	f7ff ff4e 	bl	100009bc <ata_log_status_error>
10000b20:	2500      	movs	r5, #0
10000b22:	0028      	movs	r0, r5
10000b24:	b002      	add	sp, #8
10000b26:	bc80      	pop	{r7}
10000b28:	46b8      	mov	r8, r7
10000b2a:	bdf0      	pop	{r4, r5, r6, r7, pc}
10000b2c:	2300      	movs	r3, #0
10000b2e:	466a      	mov	r2, sp
10000b30:	2107      	movs	r1, #7
10000b32:	7193      	strb	r3, [r2, #6]
10000b34:	2001      	movs	r0, #1
10000b36:	7023      	strb	r3, [r4, #0]
10000b38:	3206      	adds	r2, #6
10000b3a:	f001 fe45 	bl	100027c8 <sdio_pio_cmd52_read>
10000b3e:	1e05      	subs	r5, r0, #0
10000b40:	d011      	beq.n	10000b66 <ata_wait_command_result+0xbe>
10000b42:	466b      	mov	r3, sp
10000b44:	799b      	ldrb	r3, [r3, #6]
10000b46:	07da      	lsls	r2, r3, #31
10000b48:	d413      	bmi.n	10000b72 <ata_wait_command_result+0xca>
10000b4a:	2221      	movs	r2, #33	@ 0x21
10000b4c:	421a      	tst	r2, r3
10000b4e:	d0e8      	beq.n	10000b22 <ata_wait_command_result+0x7a>
10000b50:	4641      	mov	r1, r8
10000b52:	0038      	movs	r0, r7
10000b54:	f7ff ff32 	bl	100009bc <ata_log_status_error>
10000b58:	e7e2      	b.n	10000b20 <ata_wait_command_result+0x78>
10000b5a:	21fa      	movs	r1, #250	@ 0xfa
10000b5c:	0089      	lsls	r1, r1, #2
10000b5e:	f004 fe21 	bl	100057a4 <__wrap___aeabi_uidiv>
10000b62:	0006      	movs	r6, r0
10000b64:	e7b1      	b.n	10000aca <ata_wait_command_result+0x22>
10000b66:	4642      	mov	r2, r8
10000b68:	0039      	movs	r1, r7
10000b6a:	4808      	ldr	r0, [pc, #32]	@ (10000b8c <ata_wait_command_result+0xe4>)
10000b6c:	f007 fbb4 	bl	100082d8 <__wrap_printf>
10000b70:	e7d6      	b.n	10000b20 <ata_wait_command_result+0x78>
10000b72:	0022      	movs	r2, r4
10000b74:	2101      	movs	r1, #1
10000b76:	2001      	movs	r0, #1
10000b78:	f001 fe26 	bl	100027c8 <sdio_pio_cmd52_read>
10000b7c:	2800      	cmp	r0, #0
10000b7e:	d0f2      	beq.n	10000b66 <ata_wait_command_result+0xbe>
10000b80:	466b      	mov	r3, sp
10000b82:	799b      	ldrb	r3, [r3, #6]
10000b84:	e7e1      	b.n	10000b4a <ata_wait_command_result+0xa2>
10000b86:	46c0      	nop			@ (mov r8, r8)
10000b88:	1000aa7c 	.word	0x1000aa7c
10000b8c:	1000aaa4 	.word	0x1000aaa4

10000b90 <ata_identify>:
10000b90:	b5f0      	push	{r4, r5, r6, r7, lr}
10000b92:	464f      	mov	r7, r9
10000b94:	46d6      	mov	lr, sl
10000b96:	4646      	mov	r6, r8
10000b98:	2300      	movs	r3, #0
10000b9a:	b5c0      	push	{r6, r7, lr}
10000b9c:	b082      	sub	sp, #8
10000b9e:	4698      	mov	r8, r3
10000ba0:	466b      	mov	r3, sp
10000ba2:	1ddc      	adds	r4, r3, #7
10000ba4:	4b3d      	ldr	r3, [pc, #244]	@ (10000c9c <ata_identify+0x10c>)
10000ba6:	4681      	mov	r9, r0
10000ba8:	2700      	movs	r7, #0
10000baa:	469a      	mov	sl, r3
10000bac:	f004 fa34 	bl	10005018 <time_us_64>
10000bb0:	2900      	cmp	r1, #0
10000bb2:	d035      	beq.n	10000c20 <ata_identify+0x90>
10000bb4:	22fa      	movs	r2, #250	@ 0xfa
10000bb6:	2300      	movs	r3, #0
10000bb8:	0092      	lsls	r2, r2, #2
10000bba:	f004 fe31 	bl	10005820 <__wrap___aeabi_uldivmod>
10000bbe:	0005      	movs	r5, r0
10000bc0:	4e37      	ldr	r6, [pc, #220]	@ (10000ca0 <ata_identify+0x110>)
10000bc2:	7027      	strb	r7, [r4, #0]
10000bc4:	e011      	b.n	10000bea <ata_identify+0x5a>
10000bc6:	22fa      	movs	r2, #250	@ 0xfa
10000bc8:	2300      	movs	r3, #0
10000bca:	0092      	lsls	r2, r2, #2
10000bcc:	f004 fe28 	bl	10005820 <__wrap___aeabi_uldivmod>
10000bd0:	1b40      	subs	r0, r0, r5
10000bd2:	42b0      	cmp	r0, r6
10000bd4:	d814      	bhi.n	10000c00 <ata_identify+0x70>
10000bd6:	0022      	movs	r2, r4
10000bd8:	2107      	movs	r1, #7
10000bda:	2001      	movs	r0, #1
10000bdc:	f001 fdf4 	bl	100027c8 <sdio_pio_cmd52_read>
10000be0:	2800      	cmp	r0, #0
10000be2:	d00d      	beq.n	10000c00 <ata_identify+0x70>
10000be4:	7823      	ldrb	r3, [r4, #0]
10000be6:	2b7f      	cmp	r3, #127	@ 0x7f
10000be8:	d920      	bls.n	10000c2c <ata_identify+0x9c>
10000bea:	f004 fa15 	bl	10005018 <time_us_64>
10000bee:	2900      	cmp	r1, #0
10000bf0:	d1e9      	bne.n	10000bc6 <ata_identify+0x36>
10000bf2:	21fa      	movs	r1, #250	@ 0xfa
10000bf4:	0089      	lsls	r1, r1, #2
10000bf6:	f004 fdd5 	bl	100057a4 <__wrap___aeabi_uidiv>
10000bfa:	1b40      	subs	r0, r0, r5
10000bfc:	42b0      	cmp	r0, r6
10000bfe:	d9ea      	bls.n	10000bd6 <ata_identify+0x46>
10000c00:	4650      	mov	r0, sl
10000c02:	f007 fae5 	bl	100081d0 <__wrap_puts>
10000c06:	4643      	mov	r3, r8
10000c08:	2b01      	cmp	r3, #1
10000c0a:	d038      	beq.n	10000c7e <ata_identify+0xee>
10000c0c:	2101      	movs	r1, #1
10000c0e:	4825      	ldr	r0, [pc, #148]	@ (10000ca4 <ata_identify+0x114>)
10000c10:	f007 fb62 	bl	100082d8 <__wrap_printf>
10000c14:	2301      	movs	r3, #1
10000c16:	4698      	mov	r8, r3
10000c18:	f004 f9fe 	bl	10005018 <time_us_64>
10000c1c:	2900      	cmp	r1, #0
10000c1e:	d1c9      	bne.n	10000bb4 <ata_identify+0x24>
10000c20:	21fa      	movs	r1, #250	@ 0xfa
10000c22:	0089      	lsls	r1, r1, #2
10000c24:	f004 fdbe 	bl	100057a4 <__wrap___aeabi_uidiv>
10000c28:	0005      	movs	r5, r0
10000c2a:	e7c9      	b.n	10000bc0 <ata_identify+0x30>
10000c2c:	0023      	movs	r3, r4
10000c2e:	2200      	movs	r2, #0
10000c30:	2102      	movs	r1, #2
10000c32:	2001      	movs	r0, #1
10000c34:	7027      	strb	r7, [r4, #0]
10000c36:	f001 fdf3 	bl	10002820 <sdio_pio_cmd52_write>
10000c3a:	2800      	cmp	r0, #0
10000c3c:	d019      	beq.n	10000c72 <ata_identify+0xe2>
10000c3e:	0023      	movs	r3, r4
10000c40:	22ec      	movs	r2, #236	@ 0xec
10000c42:	2107      	movs	r1, #7
10000c44:	2001      	movs	r0, #1
10000c46:	7027      	strb	r7, [r4, #0]
10000c48:	f001 fdea 	bl	10002820 <sdio_pio_cmd52_write>
10000c4c:	2800      	cmp	r0, #0
10000c4e:	d010      	beq.n	10000c72 <ata_identify+0xe2>
10000c50:	4815      	ldr	r0, [pc, #84]	@ (10000ca8 <ata_identify+0x118>)
10000c52:	f7ff fe2f 	bl	100008b4 <ata_wait_drq>
10000c56:	2800      	cmp	r0, #0
10000c58:	d01c      	beq.n	10000c94 <ata_identify+0x104>
10000c5a:	2301      	movs	r3, #1
10000c5c:	464a      	mov	r2, r9
10000c5e:	2100      	movs	r1, #0
10000c60:	2001      	movs	r0, #1
10000c62:	f001 fe11 	bl	10002888 <sdio_pio_cmd53_read_block>
10000c66:	1e05      	subs	r5, r0, #0
10000c68:	d0cd      	beq.n	10000c06 <ata_identify+0x76>
10000c6a:	4810      	ldr	r0, [pc, #64]	@ (10000cac <ata_identify+0x11c>)
10000c6c:	f007 fab0 	bl	100081d0 <__wrap_puts>
10000c70:	e009      	b.n	10000c86 <ata_identify+0xf6>
10000c72:	480f      	ldr	r0, [pc, #60]	@ (10000cb0 <ata_identify+0x120>)
10000c74:	f007 faac 	bl	100081d0 <__wrap_puts>
10000c78:	4643      	mov	r3, r8
10000c7a:	2b01      	cmp	r3, #1
10000c7c:	d1c6      	bne.n	10000c0c <ata_identify+0x7c>
10000c7e:	480d      	ldr	r0, [pc, #52]	@ (10000cb4 <ata_identify+0x124>)
10000c80:	f007 faa6 	bl	100081d0 <__wrap_puts>
10000c84:	2500      	movs	r5, #0
10000c86:	0028      	movs	r0, r5
10000c88:	b002      	add	sp, #8
10000c8a:	bce0      	pop	{r5, r6, r7}
10000c8c:	46ba      	mov	sl, r7
10000c8e:	46b1      	mov	r9, r6
10000c90:	46a8      	mov	r8, r5
10000c92:	bdf0      	pop	{r4, r5, r6, r7, pc}
10000c94:	4808      	ldr	r0, [pc, #32]	@ (10000cb8 <ata_identify+0x128>)
10000c96:	f007 fa9b 	bl	100081d0 <__wrap_puts>
10000c9a:	e7b4      	b.n	10000c06 <ata_identify+0x76>
10000c9c:	1000aad0 	.word	0x1000aad0
10000ca0:	0000270f 	.word	0x0000270f
10000ca4:	1000ab44 	.word	0x1000ab44
10000ca8:	00003a98 	.word	0x00003a98
10000cac:	1000ab2c 	.word	0x1000ab2c
10000cb0:	1000aaec 	.word	0x1000aaec
10000cb4:	1000ab60 	.word	0x1000ab60
10000cb8:	1000ab14 	.word	0x1000ab14

10000cbc <ata_read_sectors>:
10000cbc:	b5f0      	push	{r4, r5, r6, r7, lr}
10000cbe:	4657      	mov	r7, sl
10000cc0:	46de      	mov	lr, fp
10000cc2:	464e      	mov	r6, r9
10000cc4:	4645      	mov	r5, r8
10000cc6:	2300      	movs	r3, #0
10000cc8:	b5e0      	push	{r5, r6, r7, lr}
10000cca:	b085      	sub	sp, #20
10000ccc:	4699      	mov	r9, r3
10000cce:	ab02      	add	r3, sp, #8
10000cd0:	1ddc      	adds	r4, r3, #7
10000cd2:	2300      	movs	r3, #0
10000cd4:	469a      	mov	sl, r3
10000cd6:	4b59      	ldr	r3, [pc, #356]	@ (10000e3c <ata_read_sectors+0x180>)
10000cd8:	0007      	movs	r7, r0
10000cda:	4688      	mov	r8, r1
10000cdc:	469b      	mov	fp, r3
10000cde:	9201      	str	r2, [sp, #4]
10000ce0:	f004 f99a 	bl	10005018 <time_us_64>
10000ce4:	2900      	cmp	r1, #0
10000ce6:	d055      	beq.n	10000d94 <ata_read_sectors+0xd8>
10000ce8:	22fa      	movs	r2, #250	@ 0xfa
10000cea:	2300      	movs	r3, #0
10000cec:	0092      	lsls	r2, r2, #2
10000cee:	f004 fd97 	bl	10005820 <__wrap___aeabi_uldivmod>
10000cf2:	0005      	movs	r5, r0
10000cf4:	4653      	mov	r3, sl
10000cf6:	26fa      	movs	r6, #250	@ 0xfa
10000cf8:	7023      	strb	r3, [r4, #0]
10000cfa:	0076      	lsls	r6, r6, #1
10000cfc:	e011      	b.n	10000d22 <ata_read_sectors+0x66>
10000cfe:	22fa      	movs	r2, #250	@ 0xfa
10000d00:	2300      	movs	r3, #0
10000d02:	0092      	lsls	r2, r2, #2
10000d04:	f004 fd8c 	bl	10005820 <__wrap___aeabi_uldivmod>
10000d08:	1b40      	subs	r0, r0, r5
10000d0a:	42b0      	cmp	r0, r6
10000d0c:	d214      	bcs.n	10000d38 <ata_read_sectors+0x7c>
10000d0e:	0022      	movs	r2, r4
10000d10:	2107      	movs	r1, #7
10000d12:	2001      	movs	r0, #1
10000d14:	f001 fd58 	bl	100027c8 <sdio_pio_cmd52_read>
10000d18:	2800      	cmp	r0, #0
10000d1a:	d00d      	beq.n	10000d38 <ata_read_sectors+0x7c>
10000d1c:	7823      	ldrb	r3, [r4, #0]
10000d1e:	2b7f      	cmp	r3, #127	@ 0x7f
10000d20:	d91a      	bls.n	10000d58 <ata_read_sectors+0x9c>
10000d22:	f004 f979 	bl	10005018 <time_us_64>
10000d26:	2900      	cmp	r1, #0
10000d28:	d1e9      	bne.n	10000cfe <ata_read_sectors+0x42>
10000d2a:	21fa      	movs	r1, #250	@ 0xfa
10000d2c:	0089      	lsls	r1, r1, #2
10000d2e:	f004 fd39 	bl	100057a4 <__wrap___aeabi_uidiv>
10000d32:	1b40      	subs	r0, r0, r5
10000d34:	42b0      	cmp	r0, r6
10000d36:	d3ea      	bcc.n	10000d0e <ata_read_sectors+0x52>
10000d38:	464a      	mov	r2, r9
10000d3a:	0039      	movs	r1, r7
10000d3c:	4658      	mov	r0, fp
10000d3e:	f007 facb 	bl	100082d8 <__wrap_printf>
10000d42:	464b      	mov	r3, r9
10000d44:	2b01      	cmp	r3, #1
10000d46:	d12b      	bne.n	10000da0 <ata_read_sectors+0xe4>
10000d48:	2000      	movs	r0, #0
10000d4a:	b005      	add	sp, #20
10000d4c:	bcf0      	pop	{r4, r5, r6, r7}
10000d4e:	46bb      	mov	fp, r7
10000d50:	46b2      	mov	sl, r6
10000d52:	46a9      	mov	r9, r5
10000d54:	46a0      	mov	r8, r4
10000d56:	bdf0      	pop	{r4, r5, r6, r7, pc}
10000d58:	2220      	movs	r2, #32
10000d5a:	4641      	mov	r1, r8
10000d5c:	0038      	movs	r0, r7
10000d5e:	f7ff fde3 	bl	10000928 <ata_issue_rw_command>
10000d62:	2800      	cmp	r0, #0
10000d64:	d051      	beq.n	10000e0a <ata_read_sectors+0x14e>
10000d66:	20fa      	movs	r0, #250	@ 0xfa
10000d68:	0140      	lsls	r0, r0, #5
10000d6a:	f7ff fda3 	bl	100008b4 <ata_wait_drq>
10000d6e:	2800      	cmp	r0, #0
10000d70:	d042      	beq.n	10000df8 <ata_read_sectors+0x13c>
10000d72:	4643      	mov	r3, r8
10000d74:	2100      	movs	r1, #0
10000d76:	2001      	movs	r0, #1
10000d78:	9a01      	ldr	r2, [sp, #4]
10000d7a:	f001 fd85 	bl	10002888 <sdio_pio_cmd53_read_block>
10000d7e:	2800      	cmp	r0, #0
10000d80:	d052      	beq.n	10000e28 <ata_read_sectors+0x16c>
10000d82:	22fa      	movs	r2, #250	@ 0xfa
10000d84:	0038      	movs	r0, r7
10000d86:	492e      	ldr	r1, [pc, #184]	@ (10000e40 <ata_read_sectors+0x184>)
10000d88:	00d2      	lsls	r2, r2, #3
10000d8a:	f7ff fe8d 	bl	10000aa8 <ata_wait_command_result>
10000d8e:	2800      	cmp	r0, #0
10000d90:	d1db      	bne.n	10000d4a <ata_read_sectors+0x8e>
10000d92:	e7d6      	b.n	10000d42 <ata_read_sectors+0x86>
10000d94:	21fa      	movs	r1, #250	@ 0xfa
10000d96:	0089      	lsls	r1, r1, #2
10000d98:	f004 fd04 	bl	100057a4 <__wrap___aeabi_uidiv>
10000d9c:	0005      	movs	r5, r0
10000d9e:	e7a9      	b.n	10000cf4 <ata_read_sectors+0x38>
10000da0:	003a      	movs	r2, r7
10000da2:	2101      	movs	r1, #1
10000da4:	4827      	ldr	r0, [pc, #156]	@ (10000e44 <ata_read_sectors+0x188>)
10000da6:	f007 fa97 	bl	100082d8 <__wrap_printf>
10000daa:	f004 f935 	bl	10005018 <time_us_64>
10000dae:	2900      	cmp	r1, #0
10000db0:	d130      	bne.n	10000e14 <ata_read_sectors+0x158>
10000db2:	21fa      	movs	r1, #250	@ 0xfa
10000db4:	0089      	lsls	r1, r1, #2
10000db6:	f004 fcf5 	bl	100057a4 <__wrap___aeabi_uidiv>
10000dba:	0005      	movs	r5, r0
10000dbc:	2300      	movs	r3, #0
10000dbe:	7023      	strb	r3, [r4, #0]
10000dc0:	e011      	b.n	10000de6 <ata_read_sectors+0x12a>
10000dc2:	22fa      	movs	r2, #250	@ 0xfa
10000dc4:	2300      	movs	r3, #0
10000dc6:	0092      	lsls	r2, r2, #2
10000dc8:	f004 fd2a 	bl	10005820 <__wrap___aeabi_uldivmod>
10000dcc:	1b40      	subs	r0, r0, r5
10000dce:	28c7      	cmp	r0, #199	@ 0xc7
10000dd0:	d827      	bhi.n	10000e22 <ata_read_sectors+0x166>
10000dd2:	0022      	movs	r2, r4
10000dd4:	2107      	movs	r1, #7
10000dd6:	2001      	movs	r0, #1
10000dd8:	f001 fcf6 	bl	100027c8 <sdio_pio_cmd52_read>
10000ddc:	2800      	cmp	r0, #0
10000dde:	d020      	beq.n	10000e22 <ata_read_sectors+0x166>
10000de0:	7823      	ldrb	r3, [r4, #0]
10000de2:	2b7f      	cmp	r3, #127	@ 0x7f
10000de4:	d91d      	bls.n	10000e22 <ata_read_sectors+0x166>
10000de6:	f004 f917 	bl	10005018 <time_us_64>
10000dea:	2900      	cmp	r1, #0
10000dec:	d1e9      	bne.n	10000dc2 <ata_read_sectors+0x106>
10000dee:	21fa      	movs	r1, #250	@ 0xfa
10000df0:	0089      	lsls	r1, r1, #2
10000df2:	f004 fcd7 	bl	100057a4 <__wrap___aeabi_uidiv>
10000df6:	e7e9      	b.n	10000dcc <ata_read_sectors+0x110>
10000df8:	0039      	movs	r1, r7
10000dfa:	4813      	ldr	r0, [pc, #76]	@ (10000e48 <ata_read_sectors+0x18c>)
10000dfc:	f007 fa6c 	bl	100082d8 <__wrap_printf>
10000e00:	0039      	movs	r1, r7
10000e02:	480f      	ldr	r0, [pc, #60]	@ (10000e40 <ata_read_sectors+0x184>)
10000e04:	f7ff fdda 	bl	100009bc <ata_log_status_error>
10000e08:	e79b      	b.n	10000d42 <ata_read_sectors+0x86>
10000e0a:	0039      	movs	r1, r7
10000e0c:	480f      	ldr	r0, [pc, #60]	@ (10000e4c <ata_read_sectors+0x190>)
10000e0e:	f007 fa63 	bl	100082d8 <__wrap_printf>
10000e12:	e796      	b.n	10000d42 <ata_read_sectors+0x86>
10000e14:	22fa      	movs	r2, #250	@ 0xfa
10000e16:	2300      	movs	r3, #0
10000e18:	0092      	lsls	r2, r2, #2
10000e1a:	f004 fd01 	bl	10005820 <__wrap___aeabi_uldivmod>
10000e1e:	0005      	movs	r5, r0
10000e20:	e7cc      	b.n	10000dbc <ata_read_sectors+0x100>
10000e22:	2301      	movs	r3, #1
10000e24:	4699      	mov	r9, r3
10000e26:	e75b      	b.n	10000ce0 <ata_read_sectors+0x24>
10000e28:	4641      	mov	r1, r8
10000e2a:	4809      	ldr	r0, [pc, #36]	@ (10000e50 <ata_read_sectors+0x194>)
10000e2c:	f007 fa54 	bl	100082d8 <__wrap_printf>
10000e30:	0039      	movs	r1, r7
10000e32:	4803      	ldr	r0, [pc, #12]	@ (10000e40 <ata_read_sectors+0x184>)
10000e34:	f7ff fdc2 	bl	100009bc <ata_log_status_error>
10000e38:	e783      	b.n	10000d42 <ata_read_sectors+0x86>
10000e3a:	46c0      	nop			@ (mov r8, r8)
10000e3c:	1000ab78 	.word	0x1000ab78
10000e40:	1000abf0 	.word	0x1000abf0
10000e44:	1000ac18 	.word	0x1000ac18
10000e48:	1000abcc 	.word	0x1000abcc
10000e4c:	1000aba0 	.word	0x1000aba0
10000e50:	1000abf8 	.word	0x1000abf8

10000e54 <ata_write_sectors>:
10000e54:	b5f0      	push	{r4, r5, r6, r7, lr}
10000e56:	4657      	mov	r7, sl
10000e58:	46de      	mov	lr, fp
10000e5a:	464e      	mov	r6, r9
10000e5c:	4645      	mov	r5, r8
10000e5e:	2300      	movs	r3, #0
10000e60:	b5e0      	push	{r5, r6, r7, lr}
10000e62:	b085      	sub	sp, #20
10000e64:	4699      	mov	r9, r3
10000e66:	ab02      	add	r3, sp, #8
10000e68:	1ddc      	adds	r4, r3, #7
10000e6a:	2300      	movs	r3, #0
10000e6c:	469a      	mov	sl, r3
10000e6e:	4b5a      	ldr	r3, [pc, #360]	@ (10000fd8 <ata_write_sectors+0x184>)
10000e70:	0007      	movs	r7, r0
10000e72:	4688      	mov	r8, r1
10000e74:	469b      	mov	fp, r3
10000e76:	9201      	str	r2, [sp, #4]
10000e78:	f004 f8ce 	bl	10005018 <time_us_64>
10000e7c:	2900      	cmp	r1, #0
10000e7e:	d100      	bne.n	10000e82 <ata_write_sectors+0x2e>
10000e80:	e081      	b.n	10000f86 <ata_write_sectors+0x132>
10000e82:	22fa      	movs	r2, #250	@ 0xfa
10000e84:	2300      	movs	r3, #0
10000e86:	0092      	lsls	r2, r2, #2
10000e88:	f004 fcca 	bl	10005820 <__wrap___aeabi_uldivmod>
10000e8c:	0005      	movs	r5, r0
10000e8e:	4653      	mov	r3, sl
10000e90:	4e52      	ldr	r6, [pc, #328]	@ (10000fdc <ata_write_sectors+0x188>)
10000e92:	7023      	strb	r3, [r4, #0]
10000e94:	e011      	b.n	10000eba <ata_write_sectors+0x66>
10000e96:	22fa      	movs	r2, #250	@ 0xfa
10000e98:	2300      	movs	r3, #0
10000e9a:	0092      	lsls	r2, r2, #2
10000e9c:	f004 fcc0 	bl	10005820 <__wrap___aeabi_uldivmod>
10000ea0:	1b40      	subs	r0, r0, r5
10000ea2:	42b0      	cmp	r0, r6
10000ea4:	d814      	bhi.n	10000ed0 <ata_write_sectors+0x7c>
10000ea6:	0022      	movs	r2, r4
10000ea8:	2107      	movs	r1, #7
10000eaa:	2001      	movs	r0, #1
10000eac:	f001 fc8c 	bl	100027c8 <sdio_pio_cmd52_read>
10000eb0:	2800      	cmp	r0, #0
10000eb2:	d00d      	beq.n	10000ed0 <ata_write_sectors+0x7c>
10000eb4:	7823      	ldrb	r3, [r4, #0]
10000eb6:	2b7f      	cmp	r3, #127	@ 0x7f
10000eb8:	d93f      	bls.n	10000f3a <ata_write_sectors+0xe6>
10000eba:	f004 f8ad 	bl	10005018 <time_us_64>
10000ebe:	2900      	cmp	r1, #0
10000ec0:	d1e9      	bne.n	10000e96 <ata_write_sectors+0x42>
10000ec2:	21fa      	movs	r1, #250	@ 0xfa
10000ec4:	0089      	lsls	r1, r1, #2
10000ec6:	f004 fc6d 	bl	100057a4 <__wrap___aeabi_uidiv>
10000eca:	1b40      	subs	r0, r0, r5
10000ecc:	42b0      	cmp	r0, r6
10000ece:	d9ea      	bls.n	10000ea6 <ata_write_sectors+0x52>
10000ed0:	464a      	mov	r2, r9
10000ed2:	0039      	movs	r1, r7
10000ed4:	4658      	mov	r0, fp
10000ed6:	f007 f9ff 	bl	100082d8 <__wrap_printf>
10000eda:	464b      	mov	r3, r9
10000edc:	2b01      	cmp	r3, #1
10000ede:	d04a      	beq.n	10000f76 <ata_write_sectors+0x122>
10000ee0:	003a      	movs	r2, r7
10000ee2:	2101      	movs	r1, #1
10000ee4:	483e      	ldr	r0, [pc, #248]	@ (10000fe0 <ata_write_sectors+0x18c>)
10000ee6:	f007 f9f7 	bl	100082d8 <__wrap_printf>
10000eea:	f004 f895 	bl	10005018 <time_us_64>
10000eee:	2900      	cmp	r1, #0
10000ef0:	d15d      	bne.n	10000fae <ata_write_sectors+0x15a>
10000ef2:	21fa      	movs	r1, #250	@ 0xfa
10000ef4:	0089      	lsls	r1, r1, #2
10000ef6:	f004 fc55 	bl	100057a4 <__wrap___aeabi_uidiv>
10000efa:	0005      	movs	r5, r0
10000efc:	2300      	movs	r3, #0
10000efe:	4e37      	ldr	r6, [pc, #220]	@ (10000fdc <ata_write_sectors+0x188>)
10000f00:	7023      	strb	r3, [r4, #0]
10000f02:	e011      	b.n	10000f28 <ata_write_sectors+0xd4>
10000f04:	22fa      	movs	r2, #250	@ 0xfa
10000f06:	2300      	movs	r3, #0
10000f08:	0092      	lsls	r2, r2, #2
10000f0a:	f004 fc89 	bl	10005820 <__wrap___aeabi_uldivmod>
10000f0e:	1b40      	subs	r0, r0, r5
10000f10:	42b0      	cmp	r0, r6
10000f12:	d85d      	bhi.n	10000fd0 <ata_write_sectors+0x17c>
10000f14:	0022      	movs	r2, r4
10000f16:	2107      	movs	r1, #7
10000f18:	2001      	movs	r0, #1
10000f1a:	f001 fc55 	bl	100027c8 <sdio_pio_cmd52_read>
10000f1e:	2800      	cmp	r0, #0
10000f20:	d056      	beq.n	10000fd0 <ata_write_sectors+0x17c>
10000f22:	7823      	ldrb	r3, [r4, #0]
10000f24:	2b7f      	cmp	r3, #127	@ 0x7f
10000f26:	d953      	bls.n	10000fd0 <ata_write_sectors+0x17c>
10000f28:	f004 f876 	bl	10005018 <time_us_64>
10000f2c:	2900      	cmp	r1, #0
10000f2e:	d1e9      	bne.n	10000f04 <ata_write_sectors+0xb0>
10000f30:	21fa      	movs	r1, #250	@ 0xfa
10000f32:	0089      	lsls	r1, r1, #2
10000f34:	f004 fc36 	bl	100057a4 <__wrap___aeabi_uidiv>
10000f38:	e7e9      	b.n	10000f0e <ata_write_sectors+0xba>
10000f3a:	2230      	movs	r2, #48	@ 0x30
10000f3c:	4641      	mov	r1, r8
10000f3e:	0038      	movs	r0, r7
10000f40:	f7ff fcf2 	bl	10000928 <ata_issue_rw_command>
10000f44:	2800      	cmp	r0, #0
10000f46:	d024      	beq.n	10000f92 <ata_write_sectors+0x13e>
10000f48:	4826      	ldr	r0, [pc, #152]	@ (10000fe4 <ata_write_sectors+0x190>)
10000f4a:	f7ff fcb3 	bl	100008b4 <ata_wait_drq>
10000f4e:	2800      	cmp	r0, #0
10000f50:	d024      	beq.n	10000f9c <ata_write_sectors+0x148>
10000f52:	4643      	mov	r3, r8
10000f54:	2100      	movs	r1, #0
10000f56:	2001      	movs	r0, #1
10000f58:	9a01      	ldr	r2, [sp, #4]
10000f5a:	f002 f81d 	bl	10002f98 <sdio_pio_cmd53_write_block>
10000f5e:	2800      	cmp	r0, #0
10000f60:	d02c      	beq.n	10000fbc <ata_write_sectors+0x168>
10000f62:	0038      	movs	r0, r7
10000f64:	4920      	ldr	r1, [pc, #128]	@ (10000fe8 <ata_write_sectors+0x194>)
10000f66:	4a21      	ldr	r2, [pc, #132]	@ (10000fec <ata_write_sectors+0x198>)
10000f68:	f7ff fd9e 	bl	10000aa8 <ata_wait_command_result>
10000f6c:	2800      	cmp	r0, #0
10000f6e:	d103      	bne.n	10000f78 <ata_write_sectors+0x124>
10000f70:	464b      	mov	r3, r9
10000f72:	2b01      	cmp	r3, #1
10000f74:	d1b4      	bne.n	10000ee0 <ata_write_sectors+0x8c>
10000f76:	2000      	movs	r0, #0
10000f78:	b005      	add	sp, #20
10000f7a:	bcf0      	pop	{r4, r5, r6, r7}
10000f7c:	46bb      	mov	fp, r7
10000f7e:	46b2      	mov	sl, r6
10000f80:	46a9      	mov	r9, r5
10000f82:	46a0      	mov	r8, r4
10000f84:	bdf0      	pop	{r4, r5, r6, r7, pc}
10000f86:	21fa      	movs	r1, #250	@ 0xfa
10000f88:	0089      	lsls	r1, r1, #2
10000f8a:	f004 fc0b 	bl	100057a4 <__wrap___aeabi_uidiv>
10000f8e:	0005      	movs	r5, r0
10000f90:	e77d      	b.n	10000e8e <ata_write_sectors+0x3a>
10000f92:	0039      	movs	r1, r7
10000f94:	4816      	ldr	r0, [pc, #88]	@ (10000ff0 <ata_write_sectors+0x19c>)
10000f96:	f007 f99f 	bl	100082d8 <__wrap_printf>
10000f9a:	e79e      	b.n	10000eda <ata_write_sectors+0x86>
10000f9c:	0039      	movs	r1, r7
10000f9e:	4815      	ldr	r0, [pc, #84]	@ (10000ff4 <ata_write_sectors+0x1a0>)
10000fa0:	f007 f99a 	bl	100082d8 <__wrap_printf>
10000fa4:	0039      	movs	r1, r7
10000fa6:	4810      	ldr	r0, [pc, #64]	@ (10000fe8 <ata_write_sectors+0x194>)
10000fa8:	f7ff fd08 	bl	100009bc <ata_log_status_error>
10000fac:	e795      	b.n	10000eda <ata_write_sectors+0x86>
10000fae:	22fa      	movs	r2, #250	@ 0xfa
10000fb0:	2300      	movs	r3, #0
10000fb2:	0092      	lsls	r2, r2, #2
10000fb4:	f004 fc34 	bl	10005820 <__wrap___aeabi_uldivmod>
10000fb8:	0005      	movs	r5, r0
10000fba:	e79f      	b.n	10000efc <ata_write_sectors+0xa8>
10000fbc:	4641      	mov	r1, r8
10000fbe:	003a      	movs	r2, r7
10000fc0:	480d      	ldr	r0, [pc, #52]	@ (10000ff8 <ata_write_sectors+0x1a4>)
10000fc2:	f007 f989 	bl	100082d8 <__wrap_printf>
10000fc6:	0039      	movs	r1, r7
10000fc8:	4807      	ldr	r0, [pc, #28]	@ (10000fe8 <ata_write_sectors+0x194>)
10000fca:	f7ff fcf7 	bl	100009bc <ata_log_status_error>
10000fce:	e784      	b.n	10000eda <ata_write_sectors+0x86>
10000fd0:	2301      	movs	r3, #1
10000fd2:	4699      	mov	r9, r3
10000fd4:	e750      	b.n	10000e78 <ata_write_sectors+0x24>
10000fd6:	46c0      	nop			@ (mov r8, r8)
10000fd8:	1000ac38 	.word	0x1000ac38
10000fdc:	00001387 	.word	0x00001387
10000fe0:	1000ace4 	.word	0x1000ace4
10000fe4:	00001388 	.word	0x00001388
10000fe8:	1000acb4 	.word	0x1000acb4
10000fec:	00002710 	.word	0x00002710
10000ff0:	1000ac64 	.word	0x1000ac64
10000ff4:	1000ac90 	.word	0x1000ac90
10000ff8:	1000acbc 	.word	0x1000acbc

10000ffc <ata_get_capacity>:
10000ffc:	2279      	movs	r2, #121	@ 0x79
10000ffe:	2378      	movs	r3, #120	@ 0x78
10001000:	5c82      	ldrb	r2, [r0, r2]
10001002:	5cc3      	ldrb	r3, [r0, r3]
10001004:	0212      	lsls	r2, r2, #8
10001006:	431a      	orrs	r2, r3
10001008:	237a      	movs	r3, #122	@ 0x7a
1000100a:	5cc3      	ldrb	r3, [r0, r3]
1000100c:	041b      	lsls	r3, r3, #16
1000100e:	4313      	orrs	r3, r2
10001010:	227b      	movs	r2, #123	@ 0x7b
10001012:	5c80      	ldrb	r0, [r0, r2]
10001014:	0600      	lsls	r0, r0, #24
10001016:	4318      	orrs	r0, r3
10001018:	4770      	bx	lr
1000101a:	46c0      	nop			@ (mov r8, r8)

1000101c <ata_print_identify>:
1000101c:	b5f0      	push	{r4, r5, r6, r7, lr}
1000101e:	46de      	mov	lr, fp
10001020:	4657      	mov	r7, sl
10001022:	464e      	mov	r6, r9
10001024:	4645      	mov	r5, r8
10001026:	0004      	movs	r4, r0
10001028:	b5e0      	push	{r5, r6, r7, lr}
1000102a:	b099      	sub	sp, #100	@ 0x64
1000102c:	2215      	movs	r2, #21
1000102e:	2100      	movs	r1, #0
10001030:	a807      	add	r0, sp, #28
10001032:	f005 fab9 	bl	100065a8 <__wrap_memset>
10001036:	ad0d      	add	r5, sp, #52	@ 0x34
10001038:	2209      	movs	r2, #9
1000103a:	2100      	movs	r1, #0
1000103c:	a804      	add	r0, sp, #16
1000103e:	f005 fab3 	bl	100065a8 <__wrap_memset>
10001042:	2229      	movs	r2, #41	@ 0x29
10001044:	2100      	movs	r1, #0
10001046:	0028      	movs	r0, r5
10001048:	f005 faae 	bl	100065a8 <__wrap_memset>
1000104c:	7e23      	ldrb	r3, [r4, #24]
1000104e:	7e60      	ldrb	r0, [r4, #25]
10001050:	021b      	lsls	r3, r3, #8
10001052:	4f80      	ldr	r7, [pc, #512]	@ (10001254 <ata_print_identify+0x238>)
10001054:	4318      	orrs	r0, r3
10001056:	7ee3      	ldrb	r3, [r4, #27]
10001058:	4038      	ands	r0, r7
1000105a:	041b      	lsls	r3, r3, #16
1000105c:	4318      	orrs	r0, r3
1000105e:	7ea3      	ldrb	r3, [r4, #26]
10001060:	0200      	lsls	r0, r0, #8
10001062:	061b      	lsls	r3, r3, #24
10001064:	0a00      	lsrs	r0, r0, #8
10001066:	4318      	orrs	r0, r3
10001068:	7f23      	ldrb	r3, [r4, #28]
1000106a:	7f61      	ldrb	r1, [r4, #29]
1000106c:	021b      	lsls	r3, r3, #8
1000106e:	4319      	orrs	r1, r3
10001070:	7fe3      	ldrb	r3, [r4, #31]
10001072:	4039      	ands	r1, r7
10001074:	041b      	lsls	r3, r3, #16
10001076:	4319      	orrs	r1, r3
10001078:	7fa3      	ldrb	r3, [r4, #30]
1000107a:	0209      	lsls	r1, r1, #8
1000107c:	061b      	lsls	r3, r3, #24
1000107e:	0a09      	lsrs	r1, r1, #8
10001080:	4319      	orrs	r1, r3
10001082:	2320      	movs	r3, #32
10001084:	2221      	movs	r2, #33	@ 0x21
10001086:	5ce3      	ldrb	r3, [r4, r3]
10001088:	5ca2      	ldrb	r2, [r4, r2]
1000108a:	021b      	lsls	r3, r3, #8
1000108c:	431a      	orrs	r2, r3
1000108e:	2323      	movs	r3, #35	@ 0x23
10001090:	5ce3      	ldrb	r3, [r4, r3]
10001092:	403a      	ands	r2, r7
10001094:	041b      	lsls	r3, r3, #16
10001096:	431a      	orrs	r2, r3
10001098:	2322      	movs	r3, #34	@ 0x22
1000109a:	5ce3      	ldrb	r3, [r4, r3]
1000109c:	0212      	lsls	r2, r2, #8
1000109e:	061b      	lsls	r3, r3, #24
100010a0:	0a12      	lsrs	r2, r2, #8
100010a2:	431a      	orrs	r2, r3
100010a4:	2324      	movs	r3, #36	@ 0x24
100010a6:	5ce3      	ldrb	r3, [r4, r3]
100010a8:	920a      	str	r2, [sp, #40]	@ 0x28
100010aa:	021b      	lsls	r3, r3, #8
100010ac:	469c      	mov	ip, r3
100010ae:	2325      	movs	r3, #37	@ 0x25
100010b0:	4666      	mov	r6, ip
100010b2:	5ce3      	ldrb	r3, [r4, r3]
100010b4:	aa02      	add	r2, sp, #8
100010b6:	4333      	orrs	r3, r6
100010b8:	2627      	movs	r6, #39	@ 0x27
100010ba:	403b      	ands	r3, r7
100010bc:	2726      	movs	r7, #38	@ 0x26
100010be:	5da6      	ldrb	r6, [r4, r6]
100010c0:	5de7      	ldrb	r7, [r4, r7]
100010c2:	0436      	lsls	r6, r6, #16
100010c4:	4333      	orrs	r3, r6
100010c6:	021b      	lsls	r3, r3, #8
100010c8:	063f      	lsls	r7, r7, #24
100010ca:	0a1b      	lsrs	r3, r3, #8
100010cc:	433b      	orrs	r3, r7
100010ce:	4694      	mov	ip, r2
100010d0:	930b      	str	r3, [sp, #44]	@ 0x2c
100010d2:	2327      	movs	r3, #39	@ 0x27
100010d4:	7d27      	ldrb	r7, [r4, #20]
100010d6:	9109      	str	r1, [sp, #36]	@ 0x24
100010d8:	023e      	lsls	r6, r7, #8
100010da:	7d67      	ldrb	r7, [r4, #21]
100010dc:	2100      	movs	r1, #0
100010de:	4337      	orrs	r7, r6
100010e0:	7de6      	ldrb	r6, [r4, #23]
100010e2:	9008      	str	r0, [sp, #32]
100010e4:	0436      	lsls	r6, r6, #16
100010e6:	4337      	orrs	r7, r6
100010e8:	7da6      	ldrb	r6, [r4, #22]
100010ea:	023f      	lsls	r7, r7, #8
100010ec:	0636      	lsls	r6, r6, #24
100010ee:	0a3f      	lsrs	r7, r7, #8
100010f0:	4337      	orrs	r7, r6
100010f2:	9707      	str	r7, [sp, #28]
100010f4:	4463      	add	r3, ip
100010f6:	e000      	b.n	100010fa <ata_print_identify+0xde>
100010f8:	0013      	movs	r3, r2
100010fa:	781a      	ldrb	r2, [r3, #0]
100010fc:	2a20      	cmp	r2, #32
100010fe:	d104      	bne.n	1000110a <ata_print_identify+0xee>
10001100:	a807      	add	r0, sp, #28
10001102:	7019      	strb	r1, [r3, #0]
10001104:	1e5a      	subs	r2, r3, #1
10001106:	4298      	cmp	r0, r3
10001108:	d1f6      	bne.n	100010f8 <ata_print_identify+0xdc>
1000110a:	232f      	movs	r3, #47	@ 0x2f
1000110c:	5ce3      	ldrb	r3, [r4, r3]
1000110e:	9302      	str	r3, [sp, #8]
10001110:	232e      	movs	r3, #46	@ 0x2e
10001112:	5ce2      	ldrb	r2, [r4, r3]
10001114:	3303      	adds	r3, #3
10001116:	0016      	movs	r6, r2
10001118:	9203      	str	r2, [sp, #12]
1000111a:	5ce2      	ldrb	r2, [r4, r3]
1000111c:	3b01      	subs	r3, #1
1000111e:	4691      	mov	r9, r2
10001120:	5ce2      	ldrb	r2, [r4, r3]
10001122:	3303      	adds	r3, #3
10001124:	4690      	mov	r8, r2
10001126:	5ce2      	ldrb	r2, [r4, r3]
10001128:	3b01      	subs	r3, #1
1000112a:	5ce7      	ldrb	r7, [r4, r3]
1000112c:	3303      	adds	r3, #3
1000112e:	5ce0      	ldrb	r0, [r4, r3]
10001130:	3b01      	subs	r3, #1
10001132:	5ce1      	ldrb	r1, [r4, r3]
10001134:	0233      	lsls	r3, r6, #8
10001136:	464e      	mov	r6, r9
10001138:	0436      	lsls	r6, r6, #16
1000113a:	46b3      	mov	fp, r6
1000113c:	9e02      	ldr	r6, [sp, #8]
1000113e:	4694      	mov	ip, r2
10001140:	4333      	orrs	r3, r6
10001142:	4646      	mov	r6, r8
10001144:	0636      	lsls	r6, r6, #24
10001146:	46b2      	mov	sl, r6
10001148:	465e      	mov	r6, fp
1000114a:	4333      	orrs	r3, r6
1000114c:	4656      	mov	r6, sl
1000114e:	4333      	orrs	r3, r6
10001150:	0406      	lsls	r6, r0, #16
10001152:	46b3      	mov	fp, r6
10001154:	4666      	mov	r6, ip
10001156:	9304      	str	r3, [sp, #16]
10001158:	023b      	lsls	r3, r7, #8
1000115a:	4333      	orrs	r3, r6
1000115c:	060e      	lsls	r6, r1, #24
1000115e:	46b2      	mov	sl, r6
10001160:	465e      	mov	r6, fp
10001162:	4333      	orrs	r3, r6
10001164:	4656      	mov	r6, sl
10001166:	4333      	orrs	r3, r6
10001168:	2200      	movs	r2, #0
1000116a:	9305      	str	r3, [sp, #20]
1000116c:	2920      	cmp	r1, #32
1000116e:	d120      	bne.n	100011b2 <ata_print_identify+0x196>
10001170:	ab02      	add	r3, sp, #8
10001172:	73da      	strb	r2, [r3, #15]
10001174:	2820      	cmp	r0, #32
10001176:	d11c      	bne.n	100011b2 <ata_print_identify+0x196>
10001178:	739a      	strb	r2, [r3, #14]
1000117a:	2f20      	cmp	r7, #32
1000117c:	d119      	bne.n	100011b2 <ata_print_identify+0x196>
1000117e:	735a      	strb	r2, [r3, #13]
10001180:	4663      	mov	r3, ip
10001182:	2b20      	cmp	r3, #32
10001184:	d115      	bne.n	100011b2 <ata_print_identify+0x196>
10001186:	466b      	mov	r3, sp
10001188:	751a      	strb	r2, [r3, #20]
1000118a:	4643      	mov	r3, r8
1000118c:	2b20      	cmp	r3, #32
1000118e:	d110      	bne.n	100011b2 <ata_print_identify+0x196>
10001190:	ab02      	add	r3, sp, #8
10001192:	72da      	strb	r2, [r3, #11]
10001194:	464b      	mov	r3, r9
10001196:	2b20      	cmp	r3, #32
10001198:	d10b      	bne.n	100011b2 <ata_print_identify+0x196>
1000119a:	ab02      	add	r3, sp, #8
1000119c:	729a      	strb	r2, [r3, #10]
1000119e:	9b03      	ldr	r3, [sp, #12]
100011a0:	2b20      	cmp	r3, #32
100011a2:	d106      	bne.n	100011b2 <ata_print_identify+0x196>
100011a4:	ab02      	add	r3, sp, #8
100011a6:	725a      	strb	r2, [r3, #9]
100011a8:	9b02      	ldr	r3, [sp, #8]
100011aa:	2b20      	cmp	r3, #32
100011ac:	d101      	bne.n	100011b2 <ata_print_identify+0x196>
100011ae:	466b      	mov	r3, sp
100011b0:	741a      	strb	r2, [r3, #16]
100011b2:	0022      	movs	r2, r4
100011b4:	002b      	movs	r3, r5
100011b6:	3236      	adds	r2, #54	@ 0x36
100011b8:	a817      	add	r0, sp, #92	@ 0x5c
100011ba:	7851      	ldrb	r1, [r2, #1]
100011bc:	7019      	strb	r1, [r3, #0]
100011be:	7811      	ldrb	r1, [r2, #0]
100011c0:	3202      	adds	r2, #2
100011c2:	7059      	strb	r1, [r3, #1]
100011c4:	3302      	adds	r3, #2
100011c6:	4298      	cmp	r0, r3
100011c8:	d1f7      	bne.n	100011ba <ata_print_identify+0x19e>
100011ca:	2328      	movs	r3, #40	@ 0x28
100011cc:	2200      	movs	r2, #0
100011ce:	54ea      	strb	r2, [r5, r3]
100011d0:	aa02      	add	r2, sp, #8
100011d2:	4694      	mov	ip, r2
100011d4:	332b      	adds	r3, #43	@ 0x2b
100011d6:	2100      	movs	r1, #0
100011d8:	4463      	add	r3, ip
100011da:	e000      	b.n	100011de <ata_print_identify+0x1c2>
100011dc:	0013      	movs	r3, r2
100011de:	781a      	ldrb	r2, [r3, #0]
100011e0:	2a20      	cmp	r2, #32
100011e2:	d103      	bne.n	100011ec <ata_print_identify+0x1d0>
100011e4:	7019      	strb	r1, [r3, #0]
100011e6:	1e5a      	subs	r2, r3, #1
100011e8:	429d      	cmp	r5, r3
100011ea:	d1f7      	bne.n	100011dc <ata_print_identify+0x1c0>
100011ec:	2378      	movs	r3, #120	@ 0x78
100011ee:	5ce2      	ldrb	r2, [r4, r3]
100011f0:	3301      	adds	r3, #1
100011f2:	5ce3      	ldrb	r3, [r4, r3]
100011f4:	0029      	movs	r1, r5
100011f6:	021b      	lsls	r3, r3, #8
100011f8:	4313      	orrs	r3, r2
100011fa:	227a      	movs	r2, #122	@ 0x7a
100011fc:	5ca2      	ldrb	r2, [r4, r2]
100011fe:	4816      	ldr	r0, [pc, #88]	@ (10001258 <ata_print_identify+0x23c>)
10001200:	0412      	lsls	r2, r2, #16
10001202:	431a      	orrs	r2, r3
10001204:	237b      	movs	r3, #123	@ 0x7b
10001206:	5ce3      	ldrb	r3, [r4, r3]
10001208:	061b      	lsls	r3, r3, #24
1000120a:	4313      	orrs	r3, r2
1000120c:	0ada      	lsrs	r2, r3, #11
1000120e:	9201      	str	r2, [sp, #4]
10001210:	9300      	str	r3, [sp, #0]
10001212:	aa07      	add	r2, sp, #28
10001214:	ab04      	add	r3, sp, #16
10001216:	f007 f85f 	bl	100082d8 <__wrap_printf>
1000121a:	0022      	movs	r2, r4
1000121c:	23aa      	movs	r3, #170	@ 0xaa
1000121e:	32aa      	adds	r2, #170	@ 0xaa
10001220:	7850      	ldrb	r0, [r2, #1]
10001222:	5ce3      	ldrb	r3, [r4, r3]
10001224:	0200      	lsls	r0, r0, #8
10001226:	4318      	orrs	r0, r3
10001228:	23a4      	movs	r3, #164	@ 0xa4
1000122a:	5ce1      	ldrb	r1, [r4, r3]
1000122c:	3ba3      	subs	r3, #163	@ 0xa3
1000122e:	000a      	movs	r2, r1
10001230:	401a      	ands	r2, r3
10001232:	4219      	tst	r1, r3
10001234:	d00c      	beq.n	10001250 <ata_print_identify+0x234>
10001236:	4909      	ldr	r1, [pc, #36]	@ (1000125c <ata_print_identify+0x240>)
10001238:	2301      	movs	r3, #1
1000123a:	4003      	ands	r3, r0
1000123c:	4808      	ldr	r0, [pc, #32]	@ (10001260 <ata_print_identify+0x244>)
1000123e:	f007 f84b 	bl	100082d8 <__wrap_printf>
10001242:	b019      	add	sp, #100	@ 0x64
10001244:	bcf0      	pop	{r4, r5, r6, r7}
10001246:	46bb      	mov	fp, r7
10001248:	46b2      	mov	sl, r6
1000124a:	46a9      	mov	r9, r5
1000124c:	46a0      	mov	r8, r4
1000124e:	bdf0      	pop	{r4, r5, r6, r7, pc}
10001250:	4904      	ldr	r1, [pc, #16]	@ (10001264 <ata_print_identify+0x248>)
10001252:	e7f1      	b.n	10001238 <ata_print_identify+0x21c>
10001254:	ff00ffff 	.word	0xff00ffff
10001258:	1000ad14 	.word	0x1000ad14
1000125c:	1000ad08 	.word	0x1000ad08
10001260:	1000ad5c 	.word	0x1000ad5c
10001264:	1000ad04 	.word	0x1000ad04

10001268 <ata_error_recovery>:
10001268:	b5f0      	push	{r4, r5, r6, r7, lr}
1000126a:	b083      	sub	sp, #12
1000126c:	466b      	mov	r3, sp
1000126e:	466a      	mov	r2, sp
10001270:	1cdd      	adds	r5, r3, #3
10001272:	2300      	movs	r3, #0
10001274:	7113      	strb	r3, [r2, #4]
10001276:	7153      	strb	r3, [r2, #5]
10001278:	702b      	strb	r3, [r5, #0]
1000127a:	466b      	mov	r3, sp
1000127c:	2201      	movs	r2, #1
1000127e:	3305      	adds	r3, #5
10001280:	2106      	movs	r1, #6
10001282:	2000      	movs	r0, #0
10001284:	f001 facc 	bl	10002820 <sdio_pio_cmd52_write>
10001288:	002a      	movs	r2, r5
1000128a:	2107      	movs	r1, #7
1000128c:	2001      	movs	r0, #1
1000128e:	f001 fa9b 	bl	100027c8 <sdio_pio_cmd52_read>
10001292:	782b      	ldrb	r3, [r5, #0]
10001294:	2800      	cmp	r0, #0
10001296:	d001      	beq.n	1000129c <ata_error_recovery+0x34>
10001298:	07da      	lsls	r2, r3, #31
1000129a:	d431      	bmi.n	10001300 <ata_error_recovery+0x98>
1000129c:	b25b      	sxtb	r3, r3
1000129e:	2b00      	cmp	r3, #0
100012a0:	db01      	blt.n	100012a6 <ata_error_recovery+0x3e>
100012a2:	b003      	add	sp, #12
100012a4:	bdf0      	pop	{r4, r5, r6, r7, pc}
100012a6:	4867      	ldr	r0, [pc, #412]	@ (10001444 <ata_error_recovery+0x1dc>)
100012a8:	f006 ff92 	bl	100081d0 <__wrap_puts>
100012ac:	f003 feb4 	bl	10005018 <time_us_64>
100012b0:	2900      	cmp	r1, #0
100012b2:	d032      	beq.n	1000131a <ata_error_recovery+0xb2>
100012b4:	22fa      	movs	r2, #250	@ 0xfa
100012b6:	2300      	movs	r3, #0
100012b8:	0092      	lsls	r2, r2, #2
100012ba:	f004 fab1 	bl	10005820 <__wrap___aeabi_uldivmod>
100012be:	0006      	movs	r6, r0
100012c0:	466b      	mov	r3, sp
100012c2:	1ddc      	adds	r4, r3, #7
100012c4:	2300      	movs	r3, #0
100012c6:	7023      	strb	r3, [r4, #0]
100012c8:	e011      	b.n	100012ee <ata_error_recovery+0x86>
100012ca:	22fa      	movs	r2, #250	@ 0xfa
100012cc:	2300      	movs	r3, #0
100012ce:	0092      	lsls	r2, r2, #2
100012d0:	f004 faa6 	bl	10005820 <__wrap___aeabi_uldivmod>
100012d4:	1b80      	subs	r0, r0, r6
100012d6:	2863      	cmp	r0, #99	@ 0x63
100012d8:	d825      	bhi.n	10001326 <ata_error_recovery+0xbe>
100012da:	0022      	movs	r2, r4
100012dc:	2107      	movs	r1, #7
100012de:	2001      	movs	r0, #1
100012e0:	f001 fa72 	bl	100027c8 <sdio_pio_cmd52_read>
100012e4:	2800      	cmp	r0, #0
100012e6:	d01e      	beq.n	10001326 <ata_error_recovery+0xbe>
100012e8:	7823      	ldrb	r3, [r4, #0]
100012ea:	2b7f      	cmp	r3, #127	@ 0x7f
100012ec:	d96b      	bls.n	100013c6 <ata_error_recovery+0x15e>
100012ee:	f003 fe93 	bl	10005018 <time_us_64>
100012f2:	2900      	cmp	r1, #0
100012f4:	d1e9      	bne.n	100012ca <ata_error_recovery+0x62>
100012f6:	21fa      	movs	r1, #250	@ 0xfa
100012f8:	0089      	lsls	r1, r1, #2
100012fa:	f004 fa53 	bl	100057a4 <__wrap___aeabi_uidiv>
100012fe:	e7e9      	b.n	100012d4 <ata_error_recovery+0x6c>
10001300:	2101      	movs	r1, #1
10001302:	aa01      	add	r2, sp, #4
10001304:	2001      	movs	r0, #1
10001306:	f001 fa5f 	bl	100027c8 <sdio_pio_cmd52_read>
1000130a:	466b      	mov	r3, sp
1000130c:	7829      	ldrb	r1, [r5, #0]
1000130e:	791a      	ldrb	r2, [r3, #4]
10001310:	484d      	ldr	r0, [pc, #308]	@ (10001448 <ata_error_recovery+0x1e0>)
10001312:	f006 ffe1 	bl	100082d8 <__wrap_printf>
10001316:	782b      	ldrb	r3, [r5, #0]
10001318:	e7c0      	b.n	1000129c <ata_error_recovery+0x34>
1000131a:	21fa      	movs	r1, #250	@ 0xfa
1000131c:	0089      	lsls	r1, r1, #2
1000131e:	f004 fa41 	bl	100057a4 <__wrap___aeabi_uidiv>
10001322:	0006      	movs	r6, r0
10001324:	e7cc      	b.n	100012c0 <ata_error_recovery+0x58>
10001326:	2001      	movs	r0, #1
10001328:	2100      	movs	r1, #0
1000132a:	4240      	negs	r0, r0
1000132c:	f007 fbae 	bl	10008a8c <tud_task_ext>
10001330:	4846      	ldr	r0, [pc, #280]	@ (1000144c <ata_error_recovery+0x1e4>)
10001332:	f006 ff4d 	bl	100081d0 <__wrap_puts>
10001336:	466b      	mov	r3, sp
10001338:	2200      	movs	r2, #0
1000133a:	3305      	adds	r3, #5
1000133c:	2102      	movs	r1, #2
1000133e:	2000      	movs	r0, #0
10001340:	f001 fa6e 	bl	10002820 <sdio_pio_cmd52_write>
10001344:	2005      	movs	r0, #5
10001346:	f003 fd51 	bl	10004dec <sleep_ms>
1000134a:	2001      	movs	r0, #1
1000134c:	2100      	movs	r1, #0
1000134e:	4240      	negs	r0, r0
10001350:	f007 fb9c 	bl	10008a8c <tud_task_ext>
10001354:	466b      	mov	r3, sp
10001356:	2202      	movs	r2, #2
10001358:	2102      	movs	r1, #2
1000135a:	3305      	adds	r3, #5
1000135c:	2000      	movs	r0, #0
1000135e:	f001 fa5f 	bl	10002820 <sdio_pio_cmd52_write>
10001362:	f003 fe59 	bl	10005018 <time_us_64>
10001366:	2900      	cmp	r1, #0
10001368:	d066      	beq.n	10001438 <ata_error_recovery+0x1d0>
1000136a:	22fa      	movs	r2, #250	@ 0xfa
1000136c:	2300      	movs	r3, #0
1000136e:	0092      	lsls	r2, r2, #2
10001370:	f004 fa56 	bl	10005820 <__wrap___aeabi_uldivmod>
10001374:	0007      	movs	r7, r0
10001376:	466b      	mov	r3, sp
10001378:	1d9e      	adds	r6, r3, #6
1000137a:	2300      	movs	r3, #0
1000137c:	7033      	strb	r3, [r6, #0]
1000137e:	e019      	b.n	100013b4 <ata_error_recovery+0x14c>
10001380:	22fa      	movs	r2, #250	@ 0xfa
10001382:	2300      	movs	r3, #0
10001384:	0092      	lsls	r2, r2, #2
10001386:	f004 fa4b 	bl	10005820 <__wrap___aeabi_uldivmod>
1000138a:	1bc0      	subs	r0, r0, r7
1000138c:	28c7      	cmp	r0, #199	@ 0xc7
1000138e:	d825      	bhi.n	100013dc <ata_error_recovery+0x174>
10001390:	0032      	movs	r2, r6
10001392:	2103      	movs	r1, #3
10001394:	2000      	movs	r0, #0
10001396:	f001 fa17 	bl	100027c8 <sdio_pio_cmd52_read>
1000139a:	2800      	cmp	r0, #0
1000139c:	d002      	beq.n	100013a4 <ata_error_recovery+0x13c>
1000139e:	7833      	ldrb	r3, [r6, #0]
100013a0:	079b      	lsls	r3, r3, #30
100013a2:	d41b      	bmi.n	100013dc <ata_error_recovery+0x174>
100013a4:	2005      	movs	r0, #5
100013a6:	f003 fd21 	bl	10004dec <sleep_ms>
100013aa:	2001      	movs	r0, #1
100013ac:	2100      	movs	r1, #0
100013ae:	4240      	negs	r0, r0
100013b0:	f007 fb6c 	bl	10008a8c <tud_task_ext>
100013b4:	f003 fe30 	bl	10005018 <time_us_64>
100013b8:	2900      	cmp	r1, #0
100013ba:	d1e1      	bne.n	10001380 <ata_error_recovery+0x118>
100013bc:	21fa      	movs	r1, #250	@ 0xfa
100013be:	0089      	lsls	r1, r1, #2
100013c0:	f004 f9f0 	bl	100057a4 <__wrap___aeabi_uidiv>
100013c4:	e7e1      	b.n	1000138a <ata_error_recovery+0x122>
100013c6:	2001      	movs	r0, #1
100013c8:	2100      	movs	r1, #0
100013ca:	4240      	negs	r0, r0
100013cc:	f007 fb5e 	bl	10008a8c <tud_task_ext>
100013d0:	002a      	movs	r2, r5
100013d2:	2107      	movs	r1, #7
100013d4:	2001      	movs	r0, #1
100013d6:	f001 f9f7 	bl	100027c8 <sdio_pio_cmd52_read>
100013da:	e762      	b.n	100012a2 <ata_error_recovery+0x3a>
100013dc:	f003 fe1c 	bl	10005018 <time_us_64>
100013e0:	2900      	cmp	r1, #0
100013e2:	d122      	bne.n	1000142a <ata_error_recovery+0x1c2>
100013e4:	21fa      	movs	r1, #250	@ 0xfa
100013e6:	0089      	lsls	r1, r1, #2
100013e8:	f004 f9dc 	bl	100057a4 <__wrap___aeabi_uidiv>
100013ec:	0006      	movs	r6, r0
100013ee:	2300      	movs	r3, #0
100013f0:	7023      	strb	r3, [r4, #0]
100013f2:	e011      	b.n	10001418 <ata_error_recovery+0x1b0>
100013f4:	22fa      	movs	r2, #250	@ 0xfa
100013f6:	2300      	movs	r3, #0
100013f8:	0092      	lsls	r2, r2, #2
100013fa:	f004 fa11 	bl	10005820 <__wrap___aeabi_uldivmod>
100013fe:	1b80      	subs	r0, r0, r6
10001400:	28c7      	cmp	r0, #199	@ 0xc7
10001402:	d8e0      	bhi.n	100013c6 <ata_error_recovery+0x15e>
10001404:	0022      	movs	r2, r4
10001406:	2107      	movs	r1, #7
10001408:	2001      	movs	r0, #1
1000140a:	f001 f9dd 	bl	100027c8 <sdio_pio_cmd52_read>
1000140e:	2800      	cmp	r0, #0
10001410:	d0d9      	beq.n	100013c6 <ata_error_recovery+0x15e>
10001412:	7823      	ldrb	r3, [r4, #0]
10001414:	2b7f      	cmp	r3, #127	@ 0x7f
10001416:	d9d6      	bls.n	100013c6 <ata_error_recovery+0x15e>
10001418:	f003 fdfe 	bl	10005018 <time_us_64>
1000141c:	2900      	cmp	r1, #0
1000141e:	d1e9      	bne.n	100013f4 <ata_error_recovery+0x18c>
10001420:	21fa      	movs	r1, #250	@ 0xfa
10001422:	0089      	lsls	r1, r1, #2
10001424:	f004 f9be 	bl	100057a4 <__wrap___aeabi_uidiv>
10001428:	e7e9      	b.n	100013fe <ata_error_recovery+0x196>
1000142a:	22fa      	movs	r2, #250	@ 0xfa
1000142c:	2300      	movs	r3, #0
1000142e:	0092      	lsls	r2, r2, #2
10001430:	f004 f9f6 	bl	10005820 <__wrap___aeabi_uldivmod>
10001434:	0006      	movs	r6, r0
10001436:	e7da      	b.n	100013ee <ata_error_recovery+0x186>
10001438:	21fa      	movs	r1, #250	@ 0xfa
1000143a:	0089      	lsls	r1, r1, #2
1000143c:	f004 f9b2 	bl	100057a4 <__wrap___aeabi_uidiv>
10001440:	0007      	movs	r7, r0
10001442:	e798      	b.n	10001376 <ata_error_recovery+0x10e>
10001444:	1000adb0 	.word	0x1000adb0
10001448:	1000ad88 	.word	0x1000ad88
1000144c:	1000add4 	.word	0x1000add4

10001450 <ata_read_sector_fast>:
10001450:	b5f0      	push	{r4, r5, r6, r7, lr}
10001452:	46c6      	mov	lr, r8
10001454:	b500      	push	{lr}
10001456:	b082      	sub	sp, #8
10001458:	0007      	movs	r7, r0
1000145a:	4688      	mov	r8, r1
1000145c:	f003 fddc 	bl	10005018 <time_us_64>
10001460:	2900      	cmp	r1, #0
10001462:	d04e      	beq.n	10001502 <ata_read_sector_fast+0xb2>
10001464:	22fa      	movs	r2, #250	@ 0xfa
10001466:	2300      	movs	r3, #0
10001468:	0092      	lsls	r2, r2, #2
1000146a:	f004 f9d9 	bl	10005820 <__wrap___aeabi_uldivmod>
1000146e:	0005      	movs	r5, r0
10001470:	466b      	mov	r3, sp
10001472:	26fa      	movs	r6, #250	@ 0xfa
10001474:	1ddc      	adds	r4, r3, #7
10001476:	2300      	movs	r3, #0
10001478:	00f6      	lsls	r6, r6, #3
1000147a:	7023      	strb	r3, [r4, #0]
1000147c:	e011      	b.n	100014a2 <ata_read_sector_fast+0x52>
1000147e:	22fa      	movs	r2, #250	@ 0xfa
10001480:	2300      	movs	r3, #0
10001482:	0092      	lsls	r2, r2, #2
10001484:	f004 f9cc 	bl	10005820 <__wrap___aeabi_uldivmod>
10001488:	1b40      	subs	r0, r0, r5
1000148a:	42b0      	cmp	r0, r6
1000148c:	d214      	bcs.n	100014b8 <ata_read_sector_fast+0x68>
1000148e:	0022      	movs	r2, r4
10001490:	2107      	movs	r1, #7
10001492:	2001      	movs	r0, #1
10001494:	f001 f998 	bl	100027c8 <sdio_pio_cmd52_read>
10001498:	2800      	cmp	r0, #0
1000149a:	d00d      	beq.n	100014b8 <ata_read_sector_fast+0x68>
1000149c:	7823      	ldrb	r3, [r4, #0]
1000149e:	2b7f      	cmp	r3, #127	@ 0x7f
100014a0:	d913      	bls.n	100014ca <ata_read_sector_fast+0x7a>
100014a2:	f003 fdb9 	bl	10005018 <time_us_64>
100014a6:	2900      	cmp	r1, #0
100014a8:	d1e9      	bne.n	1000147e <ata_read_sector_fast+0x2e>
100014aa:	21fa      	movs	r1, #250	@ 0xfa
100014ac:	0089      	lsls	r1, r1, #2
100014ae:	f004 f979 	bl	100057a4 <__wrap___aeabi_uidiv>
100014b2:	1b40      	subs	r0, r0, r5
100014b4:	42b0      	cmp	r0, r6
100014b6:	d3ea      	bcc.n	1000148e <ata_read_sector_fast+0x3e>
100014b8:	0039      	movs	r1, r7
100014ba:	481a      	ldr	r0, [pc, #104]	@ (10001524 <ata_read_sector_fast+0xd4>)
100014bc:	f006 ff0c 	bl	100082d8 <__wrap_printf>
100014c0:	2000      	movs	r0, #0
100014c2:	b002      	add	sp, #8
100014c4:	bc80      	pop	{r7}
100014c6:	46b8      	mov	r8, r7
100014c8:	bdf0      	pop	{r4, r5, r6, r7, pc}
100014ca:	2220      	movs	r2, #32
100014cc:	2101      	movs	r1, #1
100014ce:	0038      	movs	r0, r7
100014d0:	f7ff fa2a 	bl	10000928 <ata_issue_rw_command>
100014d4:	2800      	cmp	r0, #0
100014d6:	d0f3      	beq.n	100014c0 <ata_read_sector_fast+0x70>
100014d8:	20fa      	movs	r0, #250	@ 0xfa
100014da:	0140      	lsls	r0, r0, #5
100014dc:	f7ff f9ea 	bl	100008b4 <ata_wait_drq>
100014e0:	2800      	cmp	r0, #0
100014e2:	d01d      	beq.n	10001520 <ata_read_sector_fast+0xd0>
100014e4:	2301      	movs	r3, #1
100014e6:	4642      	mov	r2, r8
100014e8:	2100      	movs	r1, #0
100014ea:	2001      	movs	r0, #1
100014ec:	f001 f9cc 	bl	10002888 <sdio_pio_cmd53_read_block>
100014f0:	2800      	cmp	r0, #0
100014f2:	d00c      	beq.n	1000150e <ata_read_sector_fast+0xbe>
100014f4:	22fa      	movs	r2, #250	@ 0xfa
100014f6:	0038      	movs	r0, r7
100014f8:	490b      	ldr	r1, [pc, #44]	@ (10001528 <ata_read_sector_fast+0xd8>)
100014fa:	00d2      	lsls	r2, r2, #3
100014fc:	f7ff fad4 	bl	10000aa8 <ata_wait_command_result>
10001500:	e7df      	b.n	100014c2 <ata_read_sector_fast+0x72>
10001502:	21fa      	movs	r1, #250	@ 0xfa
10001504:	0089      	lsls	r1, r1, #2
10001506:	f004 f94d 	bl	100057a4 <__wrap___aeabi_uidiv>
1000150a:	0005      	movs	r5, r0
1000150c:	e7b0      	b.n	10001470 <ata_read_sector_fast+0x20>
1000150e:	4807      	ldr	r0, [pc, #28]	@ (1000152c <ata_read_sector_fast+0xdc>)
10001510:	0039      	movs	r1, r7
10001512:	f006 fee1 	bl	100082d8 <__wrap_printf>
10001516:	0039      	movs	r1, r7
10001518:	4803      	ldr	r0, [pc, #12]	@ (10001528 <ata_read_sector_fast+0xd8>)
1000151a:	f7ff fa4f 	bl	100009bc <ata_log_status_error>
1000151e:	e7cf      	b.n	100014c0 <ata_read_sector_fast+0x70>
10001520:	4803      	ldr	r0, [pc, #12]	@ (10001530 <ata_read_sector_fast+0xe0>)
10001522:	e7f5      	b.n	10001510 <ata_read_sector_fast+0xc0>
10001524:	1000adf0 	.word	0x1000adf0
10001528:	1000ae30 	.word	0x1000ae30
1000152c:	1000ae38 	.word	0x1000ae38
10001530:	1000ae0c 	.word	0x1000ae0c

10001534 <ata_write_sector_fast>:
10001534:	b5f0      	push	{r4, r5, r6, r7, lr}
10001536:	46c6      	mov	lr, r8
10001538:	b500      	push	{lr}
1000153a:	b082      	sub	sp, #8
1000153c:	0007      	movs	r7, r0
1000153e:	4688      	mov	r8, r1
10001540:	f003 fd6a 	bl	10005018 <time_us_64>
10001544:	2900      	cmp	r1, #0
10001546:	d04d      	beq.n	100015e4 <ata_write_sector_fast+0xb0>
10001548:	22fa      	movs	r2, #250	@ 0xfa
1000154a:	2300      	movs	r3, #0
1000154c:	0092      	lsls	r2, r2, #2
1000154e:	f004 f967 	bl	10005820 <__wrap___aeabi_uldivmod>
10001552:	0005      	movs	r5, r0
10001554:	466b      	mov	r3, sp
10001556:	26fa      	movs	r6, #250	@ 0xfa
10001558:	1ddc      	adds	r4, r3, #7
1000155a:	2300      	movs	r3, #0
1000155c:	00f6      	lsls	r6, r6, #3
1000155e:	7023      	strb	r3, [r4, #0]
10001560:	e011      	b.n	10001586 <ata_write_sector_fast+0x52>
10001562:	22fa      	movs	r2, #250	@ 0xfa
10001564:	2300      	movs	r3, #0
10001566:	0092      	lsls	r2, r2, #2
10001568:	f004 f95a 	bl	10005820 <__wrap___aeabi_uldivmod>
1000156c:	1b40      	subs	r0, r0, r5
1000156e:	42b0      	cmp	r0, r6
10001570:	d214      	bcs.n	1000159c <ata_write_sector_fast+0x68>
10001572:	0022      	movs	r2, r4
10001574:	2107      	movs	r1, #7
10001576:	2001      	movs	r0, #1
10001578:	f001 f926 	bl	100027c8 <sdio_pio_cmd52_read>
1000157c:	2800      	cmp	r0, #0
1000157e:	d00d      	beq.n	1000159c <ata_write_sector_fast+0x68>
10001580:	7823      	ldrb	r3, [r4, #0]
10001582:	2b7f      	cmp	r3, #127	@ 0x7f
10001584:	d913      	bls.n	100015ae <ata_write_sector_fast+0x7a>
10001586:	f003 fd47 	bl	10005018 <time_us_64>
1000158a:	2900      	cmp	r1, #0
1000158c:	d1e9      	bne.n	10001562 <ata_write_sector_fast+0x2e>
1000158e:	21fa      	movs	r1, #250	@ 0xfa
10001590:	0089      	lsls	r1, r1, #2
10001592:	f004 f907 	bl	100057a4 <__wrap___aeabi_uidiv>
10001596:	1b40      	subs	r0, r0, r5
10001598:	42b0      	cmp	r0, r6
1000159a:	d3ea      	bcc.n	10001572 <ata_write_sector_fast+0x3e>
1000159c:	0039      	movs	r1, r7
1000159e:	481a      	ldr	r0, [pc, #104]	@ (10001608 <ata_write_sector_fast+0xd4>)
100015a0:	f006 fe9a 	bl	100082d8 <__wrap_printf>
100015a4:	2000      	movs	r0, #0
100015a6:	b002      	add	sp, #8
100015a8:	bc80      	pop	{r7}
100015aa:	46b8      	mov	r8, r7
100015ac:	bdf0      	pop	{r4, r5, r6, r7, pc}
100015ae:	2230      	movs	r2, #48	@ 0x30
100015b0:	2101      	movs	r1, #1
100015b2:	0038      	movs	r0, r7
100015b4:	f7ff f9b8 	bl	10000928 <ata_issue_rw_command>
100015b8:	2800      	cmp	r0, #0
100015ba:	d0f3      	beq.n	100015a4 <ata_write_sector_fast+0x70>
100015bc:	20fa      	movs	r0, #250	@ 0xfa
100015be:	00c0      	lsls	r0, r0, #3
100015c0:	f7ff f978 	bl	100008b4 <ata_wait_drq>
100015c4:	2800      	cmp	r0, #0
100015c6:	d01c      	beq.n	10001602 <ata_write_sector_fast+0xce>
100015c8:	2301      	movs	r3, #1
100015ca:	4642      	mov	r2, r8
100015cc:	2100      	movs	r1, #0
100015ce:	2001      	movs	r0, #1
100015d0:	f001 fce2 	bl	10002f98 <sdio_pio_cmd53_write_block>
100015d4:	2800      	cmp	r0, #0
100015d6:	d00b      	beq.n	100015f0 <ata_write_sector_fast+0xbc>
100015d8:	0038      	movs	r0, r7
100015da:	490c      	ldr	r1, [pc, #48]	@ (1000160c <ata_write_sector_fast+0xd8>)
100015dc:	4a0c      	ldr	r2, [pc, #48]	@ (10001610 <ata_write_sector_fast+0xdc>)
100015de:	f7ff fa63 	bl	10000aa8 <ata_wait_command_result>
100015e2:	e7e0      	b.n	100015a6 <ata_write_sector_fast+0x72>
100015e4:	21fa      	movs	r1, #250	@ 0xfa
100015e6:	0089      	lsls	r1, r1, #2
100015e8:	f004 f8dc 	bl	100057a4 <__wrap___aeabi_uidiv>
100015ec:	0005      	movs	r5, r0
100015ee:	e7b1      	b.n	10001554 <ata_write_sector_fast+0x20>
100015f0:	4808      	ldr	r0, [pc, #32]	@ (10001614 <ata_write_sector_fast+0xe0>)
100015f2:	0039      	movs	r1, r7
100015f4:	f006 fe70 	bl	100082d8 <__wrap_printf>
100015f8:	0039      	movs	r1, r7
100015fa:	4804      	ldr	r0, [pc, #16]	@ (1000160c <ata_write_sector_fast+0xd8>)
100015fc:	f7ff f9de 	bl	100009bc <ata_log_status_error>
10001600:	e7d0      	b.n	100015a4 <ata_write_sector_fast+0x70>
10001602:	4805      	ldr	r0, [pc, #20]	@ (10001618 <ata_write_sector_fast+0xe4>)
10001604:	e7f5      	b.n	100015f2 <ata_write_sector_fast+0xbe>
10001606:	46c0      	nop			@ (mov r8, r8)
10001608:	1000ae5c 	.word	0x1000ae5c
1000160c:	1000ae9c 	.word	0x1000ae9c
10001610:	00001388 	.word	0x00001388
10001614:	1000aea4 	.word	0x1000aea4
10001618:	1000ae78 	.word	0x1000ae78

1000161c <ata_standby_immediate>:
1000161c:	b570      	push	{r4, r5, r6, lr}
1000161e:	b082      	sub	sp, #8
10001620:	f003 fcfa 	bl	10005018 <time_us_64>
10001624:	2900      	cmp	r1, #0
10001626:	d02b      	beq.n	10001680 <ata_standby_immediate+0x64>
10001628:	22fa      	movs	r2, #250	@ 0xfa
1000162a:	2300      	movs	r3, #0
1000162c:	0092      	lsls	r2, r2, #2
1000162e:	f004 f8f7 	bl	10005820 <__wrap___aeabi_uldivmod>
10001632:	0005      	movs	r5, r0
10001634:	466b      	mov	r3, sp
10001636:	1ddc      	adds	r4, r3, #7
10001638:	2300      	movs	r3, #0
1000163a:	4e31      	ldr	r6, [pc, #196]	@ (10001700 <ata_standby_immediate+0xe4>)
1000163c:	7023      	strb	r3, [r4, #0]
1000163e:	e011      	b.n	10001664 <ata_standby_immediate+0x48>
10001640:	22fa      	movs	r2, #250	@ 0xfa
10001642:	2300      	movs	r3, #0
10001644:	0092      	lsls	r2, r2, #2
10001646:	f004 f8eb 	bl	10005820 <__wrap___aeabi_uldivmod>
1000164a:	1b40      	subs	r0, r0, r5
1000164c:	42b0      	cmp	r0, r6
1000164e:	d814      	bhi.n	1000167a <ata_standby_immediate+0x5e>
10001650:	0022      	movs	r2, r4
10001652:	2107      	movs	r1, #7
10001654:	2001      	movs	r0, #1
10001656:	f001 f8b7 	bl	100027c8 <sdio_pio_cmd52_read>
1000165a:	2800      	cmp	r0, #0
1000165c:	d00d      	beq.n	1000167a <ata_standby_immediate+0x5e>
1000165e:	7823      	ldrb	r3, [r4, #0]
10001660:	2b7f      	cmp	r3, #127	@ 0x7f
10001662:	d913      	bls.n	1000168c <ata_standby_immediate+0x70>
10001664:	f003 fcd8 	bl	10005018 <time_us_64>
10001668:	2900      	cmp	r1, #0
1000166a:	d1e9      	bne.n	10001640 <ata_standby_immediate+0x24>
1000166c:	21fa      	movs	r1, #250	@ 0xfa
1000166e:	0089      	lsls	r1, r1, #2
10001670:	f004 f898 	bl	100057a4 <__wrap___aeabi_uidiv>
10001674:	1b40      	subs	r0, r0, r5
10001676:	42b0      	cmp	r0, r6
10001678:	d9ea      	bls.n	10001650 <ata_standby_immediate+0x34>
1000167a:	2000      	movs	r0, #0
1000167c:	b002      	add	sp, #8
1000167e:	bd70      	pop	{r4, r5, r6, pc}
10001680:	21fa      	movs	r1, #250	@ 0xfa
10001682:	0089      	lsls	r1, r1, #2
10001684:	f004 f88e 	bl	100057a4 <__wrap___aeabi_uidiv>
10001688:	0005      	movs	r5, r0
1000168a:	e7d3      	b.n	10001634 <ata_standby_immediate+0x18>
1000168c:	2300      	movs	r3, #0
1000168e:	22e0      	movs	r2, #224	@ 0xe0
10001690:	7023      	strb	r3, [r4, #0]
10001692:	2107      	movs	r1, #7
10001694:	0023      	movs	r3, r4
10001696:	2001      	movs	r0, #1
10001698:	f001 f8c2 	bl	10002820 <sdio_pio_cmd52_write>
1000169c:	2800      	cmp	r0, #0
1000169e:	d0ec      	beq.n	1000167a <ata_standby_immediate+0x5e>
100016a0:	f003 fcba 	bl	10005018 <time_us_64>
100016a4:	2900      	cmp	r1, #0
100016a6:	d024      	beq.n	100016f2 <ata_standby_immediate+0xd6>
100016a8:	22fa      	movs	r2, #250	@ 0xfa
100016aa:	2300      	movs	r3, #0
100016ac:	0092      	lsls	r2, r2, #2
100016ae:	f004 f8b7 	bl	10005820 <__wrap___aeabi_uldivmod>
100016b2:	0005      	movs	r5, r0
100016b4:	2300      	movs	r3, #0
100016b6:	4e12      	ldr	r6, [pc, #72]	@ (10001700 <ata_standby_immediate+0xe4>)
100016b8:	7023      	strb	r3, [r4, #0]
100016ba:	e011      	b.n	100016e0 <ata_standby_immediate+0xc4>
100016bc:	22fa      	movs	r2, #250	@ 0xfa
100016be:	2300      	movs	r3, #0
100016c0:	0092      	lsls	r2, r2, #2
100016c2:	f004 f8ad 	bl	10005820 <__wrap___aeabi_uldivmod>
100016c6:	1b40      	subs	r0, r0, r5
100016c8:	42b0      	cmp	r0, r6
100016ca:	d8d6      	bhi.n	1000167a <ata_standby_immediate+0x5e>
100016cc:	0022      	movs	r2, r4
100016ce:	2107      	movs	r1, #7
100016d0:	2001      	movs	r0, #1
100016d2:	f001 f879 	bl	100027c8 <sdio_pio_cmd52_read>
100016d6:	2800      	cmp	r0, #0
100016d8:	d0cf      	beq.n	1000167a <ata_standby_immediate+0x5e>
100016da:	7823      	ldrb	r3, [r4, #0]
100016dc:	2b7f      	cmp	r3, #127	@ 0x7f
100016de:	d9cd      	bls.n	1000167c <ata_standby_immediate+0x60>
100016e0:	f003 fc9a 	bl	10005018 <time_us_64>
100016e4:	2900      	cmp	r1, #0
100016e6:	d1e9      	bne.n	100016bc <ata_standby_immediate+0xa0>
100016e8:	21fa      	movs	r1, #250	@ 0xfa
100016ea:	0089      	lsls	r1, r1, #2
100016ec:	f004 f85a 	bl	100057a4 <__wrap___aeabi_uidiv>
100016f0:	e7e9      	b.n	100016c6 <ata_standby_immediate+0xaa>
100016f2:	21fa      	movs	r1, #250	@ 0xfa
100016f4:	0089      	lsls	r1, r1, #2
100016f6:	f004 f855 	bl	100057a4 <__wrap___aeabi_uidiv>
100016fa:	0005      	movs	r5, r0
100016fc:	e7da      	b.n	100016b4 <ata_standby_immediate+0x98>
100016fe:	46c0      	nop			@ (mov r8, r8)
10001700:	00001387 	.word	0x00001387

10001704 <ata_flush_cache>:
10001704:	b5f0      	push	{r4, r5, r6, r7, lr}
10001706:	46c6      	mov	lr, r8
10001708:	b500      	push	{lr}
1000170a:	4b50      	ldr	r3, [pc, #320]	@ (1000184c <ata_flush_cache+0x148>)
1000170c:	b082      	sub	sp, #8
1000170e:	781f      	ldrb	r7, [r3, #0]
10001710:	4698      	mov	r8, r3
10001712:	2f00      	cmp	r7, #0
10001714:	d005      	beq.n	10001722 <ata_flush_cache+0x1e>
10001716:	2701      	movs	r7, #1
10001718:	0038      	movs	r0, r7
1000171a:	b002      	add	sp, #8
1000171c:	bc80      	pop	{r7}
1000171e:	46b8      	mov	r8, r7
10001720:	bdf0      	pop	{r4, r5, r6, r7, pc}
10001722:	f003 fc79 	bl	10005018 <time_us_64>
10001726:	2900      	cmp	r1, #0
10001728:	d026      	beq.n	10001778 <ata_flush_cache+0x74>
1000172a:	22fa      	movs	r2, #250	@ 0xfa
1000172c:	2300      	movs	r3, #0
1000172e:	0092      	lsls	r2, r2, #2
10001730:	f004 f876 	bl	10005820 <__wrap___aeabi_uldivmod>
10001734:	0005      	movs	r5, r0
10001736:	466b      	mov	r3, sp
10001738:	1ddc      	adds	r4, r3, #7
1000173a:	2300      	movs	r3, #0
1000173c:	4e44      	ldr	r6, [pc, #272]	@ (10001850 <ata_flush_cache+0x14c>)
1000173e:	7023      	strb	r3, [r4, #0]
10001740:	e011      	b.n	10001766 <ata_flush_cache+0x62>
10001742:	22fa      	movs	r2, #250	@ 0xfa
10001744:	2300      	movs	r3, #0
10001746:	0092      	lsls	r2, r2, #2
10001748:	f004 f86a 	bl	10005820 <__wrap___aeabi_uldivmod>
1000174c:	1b40      	subs	r0, r0, r5
1000174e:	42b0      	cmp	r0, r6
10001750:	d8e2      	bhi.n	10001718 <ata_flush_cache+0x14>
10001752:	0022      	movs	r2, r4
10001754:	2107      	movs	r1, #7
10001756:	2001      	movs	r0, #1
10001758:	f001 f836 	bl	100027c8 <sdio_pio_cmd52_read>
1000175c:	2800      	cmp	r0, #0
1000175e:	d0db      	beq.n	10001718 <ata_flush_cache+0x14>
10001760:	7823      	ldrb	r3, [r4, #0]
10001762:	2b7f      	cmp	r3, #127	@ 0x7f
10001764:	d90e      	bls.n	10001784 <ata_flush_cache+0x80>
10001766:	f003 fc57 	bl	10005018 <time_us_64>
1000176a:	2900      	cmp	r1, #0
1000176c:	d1e9      	bne.n	10001742 <ata_flush_cache+0x3e>
1000176e:	21fa      	movs	r1, #250	@ 0xfa
10001770:	0089      	lsls	r1, r1, #2
10001772:	f004 f817 	bl	100057a4 <__wrap___aeabi_uidiv>
10001776:	e7e9      	b.n	1000174c <ata_flush_cache+0x48>
10001778:	21fa      	movs	r1, #250	@ 0xfa
1000177a:	0089      	lsls	r1, r1, #2
1000177c:	f004 f812 	bl	100057a4 <__wrap___aeabi_uidiv>
10001780:	0005      	movs	r5, r0
10001782:	e7d8      	b.n	10001736 <ata_flush_cache+0x32>
10001784:	2300      	movs	r3, #0
10001786:	22e7      	movs	r2, #231	@ 0xe7
10001788:	7023      	strb	r3, [r4, #0]
1000178a:	2107      	movs	r1, #7
1000178c:	0023      	movs	r3, r4
1000178e:	2001      	movs	r0, #1
10001790:	f001 f846 	bl	10002820 <sdio_pio_cmd52_write>
10001794:	2800      	cmp	r0, #0
10001796:	d0bf      	beq.n	10001718 <ata_flush_cache+0x14>
10001798:	f003 fc3e 	bl	10005018 <time_us_64>
1000179c:	2900      	cmp	r1, #0
1000179e:	d024      	beq.n	100017ea <ata_flush_cache+0xe6>
100017a0:	22fa      	movs	r2, #250	@ 0xfa
100017a2:	2300      	movs	r3, #0
100017a4:	0092      	lsls	r2, r2, #2
100017a6:	f004 f83b 	bl	10005820 <__wrap___aeabi_uldivmod>
100017aa:	0005      	movs	r5, r0
100017ac:	2300      	movs	r3, #0
100017ae:	4e29      	ldr	r6, [pc, #164]	@ (10001854 <ata_flush_cache+0x150>)
100017b0:	7023      	strb	r3, [r4, #0]
100017b2:	e011      	b.n	100017d8 <ata_flush_cache+0xd4>
100017b4:	22fa      	movs	r2, #250	@ 0xfa
100017b6:	2300      	movs	r3, #0
100017b8:	0092      	lsls	r2, r2, #2
100017ba:	f004 f831 	bl	10005820 <__wrap___aeabi_uldivmod>
100017be:	1b40      	subs	r0, r0, r5
100017c0:	42b0      	cmp	r0, r6
100017c2:	d8a9      	bhi.n	10001718 <ata_flush_cache+0x14>
100017c4:	0022      	movs	r2, r4
100017c6:	2107      	movs	r1, #7
100017c8:	2001      	movs	r0, #1
100017ca:	f000 fffd 	bl	100027c8 <sdio_pio_cmd52_read>
100017ce:	2800      	cmp	r0, #0
100017d0:	d0a2      	beq.n	10001718 <ata_flush_cache+0x14>
100017d2:	7823      	ldrb	r3, [r4, #0]
100017d4:	2b7f      	cmp	r3, #127	@ 0x7f
100017d6:	d90e      	bls.n	100017f6 <ata_flush_cache+0xf2>
100017d8:	f003 fc1e 	bl	10005018 <time_us_64>
100017dc:	2900      	cmp	r1, #0
100017de:	d1e9      	bne.n	100017b4 <ata_flush_cache+0xb0>
100017e0:	21fa      	movs	r1, #250	@ 0xfa
100017e2:	0089      	lsls	r1, r1, #2
100017e4:	f003 ffde 	bl	100057a4 <__wrap___aeabi_uidiv>
100017e8:	e7e9      	b.n	100017be <ata_flush_cache+0xba>
100017ea:	21fa      	movs	r1, #250	@ 0xfa
100017ec:	0089      	lsls	r1, r1, #2
100017ee:	f003 ffd9 	bl	100057a4 <__wrap___aeabi_uidiv>
100017f2:	0005      	movs	r5, r0
100017f4:	e7da      	b.n	100017ac <ata_flush_cache+0xa8>
100017f6:	466b      	mov	r3, sp
100017f8:	1d9d      	adds	r5, r3, #6
100017fa:	2300      	movs	r3, #0
100017fc:	002a      	movs	r2, r5
100017fe:	2107      	movs	r1, #7
10001800:	2001      	movs	r0, #1
10001802:	7023      	strb	r3, [r4, #0]
10001804:	702b      	strb	r3, [r5, #0]
10001806:	f000 ffdf 	bl	100027c8 <sdio_pio_cmd52_read>
1000180a:	2800      	cmp	r0, #0
1000180c:	d100      	bne.n	10001810 <ata_flush_cache+0x10c>
1000180e:	e783      	b.n	10001718 <ata_flush_cache+0x14>
10001810:	2601      	movs	r6, #1
10001812:	782b      	ldrb	r3, [r5, #0]
10001814:	421e      	tst	r6, r3
10001816:	d100      	bne.n	1000181a <ata_flush_cache+0x116>
10001818:	e77d      	b.n	10001716 <ata_flush_cache+0x12>
1000181a:	0022      	movs	r2, r4
1000181c:	2101      	movs	r1, #1
1000181e:	2001      	movs	r0, #1
10001820:	f000 ffd2 	bl	100027c8 <sdio_pio_cmd52_read>
10001824:	2800      	cmp	r0, #0
10001826:	d100      	bne.n	1000182a <ata_flush_cache+0x126>
10001828:	e776      	b.n	10001718 <ata_flush_cache+0x14>
1000182a:	7829      	ldrb	r1, [r5, #0]
1000182c:	7822      	ldrb	r2, [r4, #0]
1000182e:	420e      	tst	r6, r1
10001830:	d100      	bne.n	10001834 <ata_flush_cache+0x130>
10001832:	e770      	b.n	10001716 <ata_flush_cache+0x12>
10001834:	0753      	lsls	r3, r2, #29
10001836:	d505      	bpl.n	10001844 <ata_flush_cache+0x140>
10001838:	4807      	ldr	r0, [pc, #28]	@ (10001858 <ata_flush_cache+0x154>)
1000183a:	f006 fcc9 	bl	100081d0 <__wrap_puts>
1000183e:	4643      	mov	r3, r8
10001840:	701e      	strb	r6, [r3, #0]
10001842:	e768      	b.n	10001716 <ata_flush_cache+0x12>
10001844:	4805      	ldr	r0, [pc, #20]	@ (1000185c <ata_flush_cache+0x158>)
10001846:	f006 fd47 	bl	100082d8 <__wrap_printf>
1000184a:	e765      	b.n	10001718 <ata_flush_cache+0x14>
1000184c:	2001a422 	.word	0x2001a422
10001850:	00001387 	.word	0x00001387
10001854:	0000270f 	.word	0x0000270f
10001858:	1000aec8 	.word	0x1000aec8
1000185c:	1000af08 	.word	0x1000af08

10001860 <ata_smart_dump>:
10001860:	b5f0      	push	{r4, r5, r6, r7, lr}
10001862:	46de      	mov	lr, fp
10001864:	4657      	mov	r7, sl
10001866:	464e      	mov	r6, r9
10001868:	4645      	mov	r5, r8
1000186a:	b5e0      	push	{r5, r6, r7, lr}
1000186c:	4873      	ldr	r0, [pc, #460]	@ (10001a3c <ata_smart_dump+0x1dc>)
1000186e:	b089      	sub	sp, #36	@ 0x24
10001870:	f006 fcae 	bl	100081d0 <__wrap_puts>
10001874:	4872      	ldr	r0, [pc, #456]	@ (10001a40 <ata_smart_dump+0x1e0>)
10001876:	f006 fcab 	bl	100081d0 <__wrap_puts>
1000187a:	4872      	ldr	r0, [pc, #456]	@ (10001a44 <ata_smart_dump+0x1e4>)
1000187c:	f006 fca8 	bl	100081d0 <__wrap_puts>
10001880:	2348      	movs	r3, #72	@ 0x48
10001882:	469b      	mov	fp, r3
10001884:	4b70      	ldr	r3, [pc, #448]	@ (10001a48 <ata_smart_dump+0x1e8>)
10001886:	2417      	movs	r4, #23
10001888:	469a      	mov	sl, r3
1000188a:	4b70      	ldr	r3, [pc, #448]	@ (10001a4c <ata_smart_dump+0x1ec>)
1000188c:	4f70      	ldr	r7, [pc, #448]	@ (10001a50 <ata_smart_dump+0x1f0>)
1000188e:	4699      	mov	r9, r3
10001890:	44bb      	add	fp, r7
10001892:	446c      	add	r4, sp
10001894:	783b      	ldrb	r3, [r7, #0]
10001896:	687a      	ldr	r2, [r7, #4]
10001898:	0019      	movs	r1, r3
1000189a:	4650      	mov	r0, sl
1000189c:	4698      	mov	r8, r3
1000189e:	f006 fd1b 	bl	100082d8 <__wrap_printf>
100018a2:	f003 fbb9 	bl	10005018 <time_us_64>
100018a6:	2900      	cmp	r1, #0
100018a8:	d036      	beq.n	10001918 <ata_smart_dump+0xb8>
100018aa:	22fa      	movs	r2, #250	@ 0xfa
100018ac:	2300      	movs	r3, #0
100018ae:	0092      	lsls	r2, r2, #2
100018b0:	f003 ffb6 	bl	10005820 <__wrap___aeabi_uldivmod>
100018b4:	0005      	movs	r5, r0
100018b6:	2300      	movs	r3, #0
100018b8:	4e66      	ldr	r6, [pc, #408]	@ (10001a54 <ata_smart_dump+0x1f4>)
100018ba:	7023      	strb	r3, [r4, #0]
100018bc:	e011      	b.n	100018e2 <ata_smart_dump+0x82>
100018be:	22fa      	movs	r2, #250	@ 0xfa
100018c0:	2300      	movs	r3, #0
100018c2:	0092      	lsls	r2, r2, #2
100018c4:	f003 ffac 	bl	10005820 <__wrap___aeabi_uldivmod>
100018c8:	1b40      	subs	r0, r0, r5
100018ca:	42b0      	cmp	r0, r6
100018cc:	d814      	bhi.n	100018f8 <ata_smart_dump+0x98>
100018ce:	0022      	movs	r2, r4
100018d0:	2107      	movs	r1, #7
100018d2:	2001      	movs	r0, #1
100018d4:	f000 ff78 	bl	100027c8 <sdio_pio_cmd52_read>
100018d8:	2800      	cmp	r0, #0
100018da:	d00d      	beq.n	100018f8 <ata_smart_dump+0x98>
100018dc:	7823      	ldrb	r3, [r4, #0]
100018de:	2b7f      	cmp	r3, #127	@ 0x7f
100018e0:	d920      	bls.n	10001924 <ata_smart_dump+0xc4>
100018e2:	f003 fb99 	bl	10005018 <time_us_64>
100018e6:	2900      	cmp	r1, #0
100018e8:	d1e9      	bne.n	100018be <ata_smart_dump+0x5e>
100018ea:	21fa      	movs	r1, #250	@ 0xfa
100018ec:	0089      	lsls	r1, r1, #2
100018ee:	f003 ff59 	bl	100057a4 <__wrap___aeabi_uidiv>
100018f2:	1b40      	subs	r0, r0, r5
100018f4:	42b0      	cmp	r0, r6
100018f6:	d9ea      	bls.n	100018ce <ata_smart_dump+0x6e>
100018f8:	4648      	mov	r0, r9
100018fa:	f006 fc69 	bl	100081d0 <__wrap_puts>
100018fe:	3708      	adds	r7, #8
10001900:	455f      	cmp	r7, fp
10001902:	d1c7      	bne.n	10001894 <ata_smart_dump+0x34>
10001904:	200a      	movs	r0, #10
10001906:	f006 fc19 	bl	1000813c <__wrap_putchar>
1000190a:	b009      	add	sp, #36	@ 0x24
1000190c:	bcf0      	pop	{r4, r5, r6, r7}
1000190e:	46bb      	mov	fp, r7
10001910:	46b2      	mov	sl, r6
10001912:	46a9      	mov	r9, r5
10001914:	46a0      	mov	r8, r4
10001916:	bdf0      	pop	{r4, r5, r6, r7, pc}
10001918:	21fa      	movs	r1, #250	@ 0xfa
1000191a:	0089      	lsls	r1, r1, #2
1000191c:	f003 ff42 	bl	100057a4 <__wrap___aeabi_uidiv>
10001920:	0005      	movs	r5, r0
10001922:	e7c8      	b.n	100018b6 <ata_smart_dump+0x56>
10001924:	2500      	movs	r5, #0
10001926:	0023      	movs	r3, r4
10001928:	4642      	mov	r2, r8
1000192a:	2101      	movs	r1, #1
1000192c:	2001      	movs	r0, #1
1000192e:	7025      	strb	r5, [r4, #0]
10001930:	f000 ff76 	bl	10002820 <sdio_pio_cmd52_write>
10001934:	2800      	cmp	r0, #0
10001936:	d0df      	beq.n	100018f8 <ata_smart_dump+0x98>
10001938:	0023      	movs	r3, r4
1000193a:	22c2      	movs	r2, #194	@ 0xc2
1000193c:	2107      	movs	r1, #7
1000193e:	2001      	movs	r0, #1
10001940:	7025      	strb	r5, [r4, #0]
10001942:	f000 ff6d 	bl	10002820 <sdio_pio_cmd52_write>
10001946:	2800      	cmp	r0, #0
10001948:	d0d6      	beq.n	100018f8 <ata_smart_dump+0x98>
1000194a:	f003 fb65 	bl	10005018 <time_us_64>
1000194e:	2900      	cmp	r1, #0
10001950:	d024      	beq.n	1000199c <ata_smart_dump+0x13c>
10001952:	22fa      	movs	r2, #250	@ 0xfa
10001954:	2300      	movs	r3, #0
10001956:	0092      	lsls	r2, r2, #2
10001958:	f003 ff62 	bl	10005820 <__wrap___aeabi_uldivmod>
1000195c:	0005      	movs	r5, r0
1000195e:	2300      	movs	r3, #0
10001960:	4e3c      	ldr	r6, [pc, #240]	@ (10001a54 <ata_smart_dump+0x1f4>)
10001962:	7023      	strb	r3, [r4, #0]
10001964:	e011      	b.n	1000198a <ata_smart_dump+0x12a>
10001966:	22fa      	movs	r2, #250	@ 0xfa
10001968:	2300      	movs	r3, #0
1000196a:	0092      	lsls	r2, r2, #2
1000196c:	f003 ff58 	bl	10005820 <__wrap___aeabi_uldivmod>
10001970:	1b40      	subs	r0, r0, r5
10001972:	42b0      	cmp	r0, r6
10001974:	d8c0      	bhi.n	100018f8 <ata_smart_dump+0x98>
10001976:	0022      	movs	r2, r4
10001978:	2105      	movs	r1, #5
1000197a:	2000      	movs	r0, #0
1000197c:	f000 ff24 	bl	100027c8 <sdio_pio_cmd52_read>
10001980:	2800      	cmp	r0, #0
10001982:	d0b9      	beq.n	100018f8 <ata_smart_dump+0x98>
10001984:	7823      	ldrb	r3, [r4, #0]
10001986:	079b      	lsls	r3, r3, #30
10001988:	d40e      	bmi.n	100019a8 <ata_smart_dump+0x148>
1000198a:	f003 fb45 	bl	10005018 <time_us_64>
1000198e:	2900      	cmp	r1, #0
10001990:	d1e9      	bne.n	10001966 <ata_smart_dump+0x106>
10001992:	21fa      	movs	r1, #250	@ 0xfa
10001994:	0089      	lsls	r1, r1, #2
10001996:	f003 ff05 	bl	100057a4 <__wrap___aeabi_uidiv>
1000199a:	e7e9      	b.n	10001970 <ata_smart_dump+0x110>
1000199c:	21fa      	movs	r1, #250	@ 0xfa
1000199e:	0089      	lsls	r1, r1, #2
100019a0:	f003 ff00 	bl	100057a4 <__wrap___aeabi_uidiv>
100019a4:	0005      	movs	r5, r0
100019a6:	e7da      	b.n	1000195e <ata_smart_dump+0xfe>
100019a8:	ad06      	add	r5, sp, #24
100019aa:	002a      	movs	r2, r5
100019ac:	2101      	movs	r1, #1
100019ae:	2001      	movs	r0, #1
100019b0:	f000 ff0a 	bl	100027c8 <sdio_pio_cmd52_read>
100019b4:	2800      	cmp	r0, #0
100019b6:	d09f      	beq.n	100018f8 <ata_smart_dump+0x98>
100019b8:	2219      	movs	r2, #25
100019ba:	2102      	movs	r1, #2
100019bc:	2001      	movs	r0, #1
100019be:	446a      	add	r2, sp
100019c0:	f000 ff02 	bl	100027c8 <sdio_pio_cmd52_read>
100019c4:	2800      	cmp	r0, #0
100019c6:	d097      	beq.n	100018f8 <ata_smart_dump+0x98>
100019c8:	221a      	movs	r2, #26
100019ca:	2103      	movs	r1, #3
100019cc:	2001      	movs	r0, #1
100019ce:	446a      	add	r2, sp
100019d0:	f000 fefa 	bl	100027c8 <sdio_pio_cmd52_read>
100019d4:	2800      	cmp	r0, #0
100019d6:	d100      	bne.n	100019da <ata_smart_dump+0x17a>
100019d8:	e78e      	b.n	100018f8 <ata_smart_dump+0x98>
100019da:	221b      	movs	r2, #27
100019dc:	2104      	movs	r1, #4
100019de:	2001      	movs	r0, #1
100019e0:	446a      	add	r2, sp
100019e2:	f000 fef1 	bl	100027c8 <sdio_pio_cmd52_read>
100019e6:	2800      	cmp	r0, #0
100019e8:	d100      	bne.n	100019ec <ata_smart_dump+0x18c>
100019ea:	e785      	b.n	100018f8 <ata_smart_dump+0x98>
100019ec:	2105      	movs	r1, #5
100019ee:	2001      	movs	r0, #1
100019f0:	aa07      	add	r2, sp, #28
100019f2:	f000 fee9 	bl	100027c8 <sdio_pio_cmd52_read>
100019f6:	2800      	cmp	r0, #0
100019f8:	d100      	bne.n	100019fc <ata_smart_dump+0x19c>
100019fa:	e77d      	b.n	100018f8 <ata_smart_dump+0x98>
100019fc:	221d      	movs	r2, #29
100019fe:	2107      	movs	r1, #7
10001a00:	2001      	movs	r0, #1
10001a02:	446a      	add	r2, sp
10001a04:	f000 fee0 	bl	100027c8 <sdio_pio_cmd52_read>
10001a08:	2800      	cmp	r0, #0
10001a0a:	d100      	bne.n	10001a0e <ata_smart_dump+0x1ae>
10001a0c:	e774      	b.n	100018f8 <ata_smart_dump+0x98>
10001a0e:	78eb      	ldrb	r3, [r5, #3]
10001a10:	7869      	ldrb	r1, [r5, #1]
10001a12:	78aa      	ldrb	r2, [r5, #2]
10001a14:	792e      	ldrb	r6, [r5, #4]
10001a16:	796d      	ldrb	r5, [r5, #5]
10001a18:	4698      	mov	r8, r3
10001a1a:	07e8      	lsls	r0, r5, #31
10001a1c:	d50a      	bpl.n	10001a34 <ata_smart_dump+0x1d4>
10001a1e:	4b0e      	ldr	r3, [pc, #56]	@ (10001a58 <ata_smart_dump+0x1f8>)
10001a20:	469c      	mov	ip, r3
10001a22:	4663      	mov	r3, ip
10001a24:	9501      	str	r5, [sp, #4]
10001a26:	9302      	str	r3, [sp, #8]
10001a28:	9600      	str	r6, [sp, #0]
10001a2a:	4643      	mov	r3, r8
10001a2c:	480b      	ldr	r0, [pc, #44]	@ (10001a5c <ata_smart_dump+0x1fc>)
10001a2e:	f006 fc53 	bl	100082d8 <__wrap_printf>
10001a32:	e764      	b.n	100018fe <ata_smart_dump+0x9e>
10001a34:	4b0a      	ldr	r3, [pc, #40]	@ (10001a60 <ata_smart_dump+0x200>)
10001a36:	469c      	mov	ip, r3
10001a38:	e7f3      	b.n	10001a22 <ata_smart_dump+0x1c2>
10001a3a:	46c0      	nop			@ (mov r8, r8)
10001a3c:	1000af38 	.word	0x1000af38
10001a40:	1000af5c 	.word	0x1000af5c
10001a44:	1000af9c 	.word	0x1000af9c
10001a48:	1000afbc 	.word	0x1000afbc
10001a4c:	1000b000 	.word	0x1000b000
10001a50:	1000b8cc 	.word	0x1000b8cc
10001a54:	00001387 	.word	0x00001387
10001a58:	1000aa60 	.word	0x1000aa60
10001a5c:	1000afd8 	.word	0x1000afd8
10001a60:	1000ad58 	.word	0x1000ad58

10001a64 <dat_read_start_block>:
10001a64:	2101      	movs	r1, #1
10001a66:	4a1b      	ldr	r2, [pc, #108]	@ (10001ad4 <dat_read_start_block+0x70>)
10001a68:	b530      	push	{r4, r5, lr}
10001a6a:	6813      	ldr	r3, [r2, #0]
10001a6c:	25a0      	movs	r5, #160	@ 0xa0
10001a6e:	438b      	bics	r3, r1
10001a70:	2180      	movs	r1, #128	@ 0x80
10001a72:	6013      	str	r3, [r2, #0]
10001a74:	4b18      	ldr	r3, [pc, #96]	@ (10001ad8 <dat_read_start_block+0x74>)
10001a76:	0609      	lsls	r1, r1, #24
10001a78:	6019      	str	r1, [r3, #0]
10001a7a:	6019      	str	r1, [r3, #0]
10001a7c:	2110      	movs	r1, #16
10001a7e:	4b17      	ldr	r3, [pc, #92]	@ (10001adc <dat_read_start_block+0x78>)
10001a80:	05ed      	lsls	r5, r5, #23
10001a82:	6019      	str	r1, [r3, #0]
10001a84:	23d8      	movs	r3, #216	@ 0xd8
10001a86:	2100      	movs	r1, #0
10001a88:	46ac      	mov	ip, r5
10001a8a:	50d1      	str	r1, [r2, r3]
10001a8c:	4b14      	ldr	r3, [pc, #80]	@ (10001ae0 <dat_read_start_block+0x7c>)
10001a8e:	4915      	ldr	r1, [pc, #84]	@ (10001ae4 <dat_read_start_block+0x80>)
10001a90:	681c      	ldr	r4, [r3, #0]
10001a92:	4d15      	ldr	r5, [pc, #84]	@ (10001ae8 <dat_read_start_block+0x84>)
10001a94:	02e3      	lsls	r3, r4, #11
10001a96:	400b      	ands	r3, r1
10001a98:	4914      	ldr	r1, [pc, #80]	@ (10001aec <dat_read_start_block+0x88>)
10001a9a:	4319      	orrs	r1, r3
10001a9c:	01a3      	lsls	r3, r4, #6
10001a9e:	4463      	add	r3, ip
10001aa0:	601d      	str	r5, [r3, #0]
10001aa2:	6058      	str	r0, [r3, #4]
10001aa4:	2080      	movs	r0, #128	@ 0x80
10001aa6:	6098      	str	r0, [r3, #8]
10001aa8:	6119      	str	r1, [r3, #16]
10001aaa:	2180      	movs	r1, #128	@ 0x80
10001aac:	0249      	lsls	r1, r1, #9
10001aae:	6853      	ldr	r3, [r2, #4]
10001ab0:	420b      	tst	r3, r1
10001ab2:	d1fc      	bne.n	10001aae <dat_read_start_block+0x4a>
10001ab4:	2382      	movs	r3, #130	@ 0x82
10001ab6:	2101      	movs	r1, #1
10001ab8:	00db      	lsls	r3, r3, #3
10001aba:	6113      	str	r3, [r2, #16]
10001abc:	000b      	movs	r3, r1
10001abe:	40a3      	lsls	r3, r4
10001ac0:	20a0      	movs	r0, #160	@ 0xa0
10001ac2:	001c      	movs	r4, r3
10001ac4:	2386      	movs	r3, #134	@ 0x86
10001ac6:	05c0      	lsls	r0, r0, #23
10001ac8:	00db      	lsls	r3, r3, #3
10001aca:	50c4      	str	r4, [r0, r3]
10001acc:	6813      	ldr	r3, [r2, #0]
10001ace:	430b      	orrs	r3, r1
10001ad0:	6013      	str	r3, [r2, #0]
10001ad2:	bd30      	pop	{r4, r5, pc}
10001ad4:	50200000 	.word	0x50200000
10001ad8:	502010d0 	.word	0x502010d0
10001adc:	50202000 	.word	0x50202000
10001ae0:	20000fa4 	.word	0x20000fa4
10001ae4:	ff007ffd 	.word	0xff007ffd
10001ae8:	50200020 	.word	0x50200020
10001aec:	00420029 	.word	0x00420029

10001af0 <crc16_all_lines.constprop.0>:
10001af0:	2380      	movs	r3, #128	@ 0x80
10001af2:	009b      	lsls	r3, r3, #2
10001af4:	469c      	mov	ip, r3
10001af6:	b5f0      	push	{r4, r5, r6, r7, lr}
10001af8:	464e      	mov	r6, r9
10001afa:	4657      	mov	r7, sl
10001afc:	4645      	mov	r5, r8
10001afe:	46de      	mov	lr, fp
10001b00:	4484      	add	ip, r0
10001b02:	4663      	mov	r3, ip
10001b04:	b5e0      	push	{r5, r6, r7, lr}
10001b06:	b087      	sub	sp, #28
10001b08:	9304      	str	r3, [sp, #16]
10001b0a:	2300      	movs	r3, #0
10001b0c:	9302      	str	r3, [sp, #8]
10001b0e:	9301      	str	r3, [sp, #4]
10001b10:	9300      	str	r3, [sp, #0]
10001b12:	4b66      	ldr	r3, [pc, #408]	@ (10001cac <crc16_all_lines.constprop.0+0x1bc>)
10001b14:	2600      	movs	r6, #0
10001b16:	469a      	mov	sl, r3
10001b18:	2340      	movs	r3, #64	@ 0x40
10001b1a:	4699      	mov	r9, r3
10001b1c:	3b30      	subs	r3, #48	@ 0x30
10001b1e:	4698      	mov	r8, r3
10001b20:	3b0c      	subs	r3, #12
10001b22:	469c      	mov	ip, r3
10001b24:	9603      	str	r6, [sp, #12]
10001b26:	9105      	str	r1, [sp, #20]
10001b28:	464f      	mov	r7, r9
10001b2a:	7805      	ldrb	r5, [r0, #0]
10001b2c:	7844      	ldrb	r4, [r0, #1]
10001b2e:	01ae      	lsls	r6, r5, #6
10001b30:	403e      	ands	r6, r7
10001b32:	4647      	mov	r7, r8
10001b34:	092b      	lsrs	r3, r5, #4
10001b36:	01db      	lsls	r3, r3, #7
10001b38:	4333      	orrs	r3, r6
10001b3a:	0126      	lsls	r6, r4, #4
10001b3c:	403e      	ands	r6, r7
10001b3e:	4667      	mov	r7, ip
10001b40:	7881      	ldrb	r1, [r0, #2]
10001b42:	4333      	orrs	r3, r6
10001b44:	008e      	lsls	r6, r1, #2
10001b46:	403e      	ands	r6, r7
10001b48:	2720      	movs	r7, #32
10001b4a:	4333      	orrs	r3, r6
10001b4c:	0066      	lsls	r6, r4, #1
10001b4e:	403e      	ands	r6, r7
10001b50:	4333      	orrs	r3, r6
10001b52:	084e      	lsrs	r6, r1, #1
10001b54:	0037      	movs	r7, r6
10001b56:	2608      	movs	r6, #8
10001b58:	4037      	ands	r7, r6
10001b5a:	003e      	movs	r6, r7
10001b5c:	431e      	orrs	r6, r3
10001b5e:	46b3      	mov	fp, r6
10001b60:	2602      	movs	r6, #2
10001b62:	465f      	mov	r7, fp
10001b64:	78c2      	ldrb	r2, [r0, #3]
10001b66:	3004      	adds	r0, #4
10001b68:	08d3      	lsrs	r3, r2, #3
10001b6a:	4033      	ands	r3, r6
10001b6c:	433b      	orrs	r3, r7
10001b6e:	2701      	movs	r7, #1
10001b70:	9e03      	ldr	r6, [sp, #12]
10001b72:	4017      	ands	r7, r2
10001b74:	433b      	orrs	r3, r7
10001b76:	b2db      	uxtb	r3, r3
10001b78:	0a37      	lsrs	r7, r6, #8
10001b7a:	407b      	eors	r3, r7
10001b7c:	4657      	mov	r7, sl
10001b7e:	005b      	lsls	r3, r3, #1
10001b80:	5afb      	ldrh	r3, [r7, r3]
10001b82:	0236      	lsls	r6, r6, #8
10001b84:	2720      	movs	r7, #32
10001b86:	405e      	eors	r6, r3
10001b88:	b2b3      	uxth	r3, r6
10001b8a:	464e      	mov	r6, r9
10001b8c:	9303      	str	r3, [sp, #12]
10001b8e:	096b      	lsrs	r3, r5, #5
10001b90:	4027      	ands	r7, r4
10001b92:	01db      	lsls	r3, r3, #7
10001b94:	433b      	orrs	r3, r7
10001b96:	016f      	lsls	r7, r5, #5
10001b98:	4037      	ands	r7, r6
10001b9a:	4646      	mov	r6, r8
10001b9c:	433b      	orrs	r3, r7
10001b9e:	00e7      	lsls	r7, r4, #3
10001ba0:	4037      	ands	r7, r6
10001ba2:	2608      	movs	r6, #8
10001ba4:	433b      	orrs	r3, r7
10001ba6:	088f      	lsrs	r7, r1, #2
10001ba8:	4037      	ands	r7, r6
10001baa:	4666      	mov	r6, ip
10001bac:	433b      	orrs	r3, r7
10001bae:	004f      	lsls	r7, r1, #1
10001bb0:	4037      	ands	r7, r6
10001bb2:	2602      	movs	r6, #2
10001bb4:	433b      	orrs	r3, r7
10001bb6:	0917      	lsrs	r7, r2, #4
10001bb8:	4037      	ands	r7, r6
10001bba:	433b      	orrs	r3, r7
10001bbc:	3e01      	subs	r6, #1
10001bbe:	0857      	lsrs	r7, r2, #1
10001bc0:	4037      	ands	r7, r6
10001bc2:	433b      	orrs	r3, r7
10001bc4:	9f00      	ldr	r7, [sp, #0]
10001bc6:	b2db      	uxtb	r3, r3
10001bc8:	0a3e      	lsrs	r6, r7, #8
10001bca:	023f      	lsls	r7, r7, #8
10001bcc:	46bb      	mov	fp, r7
10001bce:	4657      	mov	r7, sl
10001bd0:	4073      	eors	r3, r6
10001bd2:	005b      	lsls	r3, r3, #1
10001bd4:	5afb      	ldrh	r3, [r7, r3]
10001bd6:	465f      	mov	r7, fp
10001bd8:	407b      	eors	r3, r7
10001bda:	4667      	mov	r7, ip
10001bdc:	464e      	mov	r6, r9
10001bde:	b29b      	uxth	r3, r3
10001be0:	9300      	str	r3, [sp, #0]
10001be2:	09ab      	lsrs	r3, r5, #6
10001be4:	400f      	ands	r7, r1
10001be6:	01db      	lsls	r3, r3, #7
10001be8:	433b      	orrs	r3, r7
10001bea:	012f      	lsls	r7, r5, #4
10001bec:	4037      	ands	r7, r6
10001bee:	433b      	orrs	r3, r7
10001bf0:	0867      	lsrs	r7, r4, #1
10001bf2:	003e      	movs	r6, r7
10001bf4:	2720      	movs	r7, #32
10001bf6:	403e      	ands	r6, r7
10001bf8:	4333      	orrs	r3, r6
10001bfa:	4646      	mov	r6, r8
10001bfc:	00a7      	lsls	r7, r4, #2
10001bfe:	4037      	ands	r7, r6
10001c00:	2608      	movs	r6, #8
10001c02:	433b      	orrs	r3, r7
10001c04:	08cf      	lsrs	r7, r1, #3
10001c06:	4037      	ands	r7, r6
10001c08:	433b      	orrs	r3, r7
10001c0a:	3e06      	subs	r6, #6
10001c0c:	0957      	lsrs	r7, r2, #5
10001c0e:	4037      	ands	r7, r6
10001c10:	433b      	orrs	r3, r7
10001c12:	2701      	movs	r7, #1
10001c14:	0896      	lsrs	r6, r2, #2
10001c16:	403e      	ands	r6, r7
10001c18:	4333      	orrs	r3, r6
10001c1a:	9e01      	ldr	r6, [sp, #4]
10001c1c:	b2db      	uxtb	r3, r3
10001c1e:	0a37      	lsrs	r7, r6, #8
10001c20:	0236      	lsls	r6, r6, #8
10001c22:	46b3      	mov	fp, r6
10001c24:	4656      	mov	r6, sl
10001c26:	407b      	eors	r3, r7
10001c28:	005b      	lsls	r3, r3, #1
10001c2a:	5af3      	ldrh	r3, [r6, r3]
10001c2c:	465e      	mov	r6, fp
10001c2e:	4073      	eors	r3, r6
10001c30:	b29b      	uxth	r3, r3
10001c32:	9301      	str	r3, [sp, #4]
10001c34:	09e3      	lsrs	r3, r4, #7
10001c36:	015b      	lsls	r3, r3, #5
10001c38:	469b      	mov	fp, r3
10001c3a:	465e      	mov	r6, fp
10001c3c:	09cb      	lsrs	r3, r1, #7
10001c3e:	00db      	lsls	r3, r3, #3
10001c40:	4333      	orrs	r3, r6
10001c42:	277f      	movs	r7, #127	@ 0x7f
10001c44:	002e      	movs	r6, r5
10001c46:	43be      	bics	r6, r7
10001c48:	4333      	orrs	r3, r6
10001c4a:	09d6      	lsrs	r6, r2, #7
10001c4c:	0076      	lsls	r6, r6, #1
10001c4e:	4333      	orrs	r3, r6
10001c50:	464e      	mov	r6, r9
10001c52:	00ed      	lsls	r5, r5, #3
10001c54:	4035      	ands	r5, r6
10001c56:	431d      	orrs	r5, r3
10001c58:	4643      	mov	r3, r8
10001c5a:	0064      	lsls	r4, r4, #1
10001c5c:	401c      	ands	r4, r3
10001c5e:	4663      	mov	r3, ip
10001c60:	0849      	lsrs	r1, r1, #1
10001c62:	4019      	ands	r1, r3
10001c64:	2301      	movs	r3, #1
10001c66:	432c      	orrs	r4, r5
10001c68:	430c      	orrs	r4, r1
10001c6a:	08d1      	lsrs	r1, r2, #3
10001c6c:	4019      	ands	r1, r3
10001c6e:	9b02      	ldr	r3, [sp, #8]
10001c70:	4321      	orrs	r1, r4
10001c72:	0a1a      	lsrs	r2, r3, #8
10001c74:	4051      	eors	r1, r2
10001c76:	021a      	lsls	r2, r3, #8
10001c78:	4653      	mov	r3, sl
10001c7a:	0049      	lsls	r1, r1, #1
10001c7c:	5a5b      	ldrh	r3, [r3, r1]
10001c7e:	4053      	eors	r3, r2
10001c80:	b29b      	uxth	r3, r3
10001c82:	9302      	str	r3, [sp, #8]
10001c84:	9b04      	ldr	r3, [sp, #16]
10001c86:	4298      	cmp	r0, r3
10001c88:	d000      	beq.n	10001c8c <crc16_all_lines.constprop.0+0x19c>
10001c8a:	e74d      	b.n	10001b28 <crc16_all_lines.constprop.0+0x38>
10001c8c:	9905      	ldr	r1, [sp, #20]
10001c8e:	9b00      	ldr	r3, [sp, #0]
10001c90:	9e03      	ldr	r6, [sp, #12]
10001c92:	804b      	strh	r3, [r1, #2]
10001c94:	9b01      	ldr	r3, [sp, #4]
10001c96:	800e      	strh	r6, [r1, #0]
10001c98:	808b      	strh	r3, [r1, #4]
10001c9a:	9b02      	ldr	r3, [sp, #8]
10001c9c:	80cb      	strh	r3, [r1, #6]
10001c9e:	b007      	add	sp, #28
10001ca0:	bcf0      	pop	{r4, r5, r6, r7}
10001ca2:	46bb      	mov	fp, r7
10001ca4:	46b2      	mov	sl, r6
10001ca6:	46a9      	mov	r9, r5
10001ca8:	46a0      	mov	r8, r4
10001caa:	bdf0      	pop	{r4, r5, r6, r7, pc}
10001cac:	1000b914 	.word	0x1000b914

10001cb0 <build_write_stream>:
10001cb0:	b5f0      	push	{r4, r5, r6, r7, lr}
10001cb2:	4645      	mov	r5, r8
10001cb4:	46de      	mov	lr, fp
10001cb6:	4657      	mov	r7, sl
10001cb8:	464e      	mov	r6, r9
10001cba:	b5e0      	push	{r5, r6, r7, lr}
10001cbc:	b08d      	sub	sp, #52	@ 0x34
10001cbe:	ab05      	add	r3, sp, #20
10001cc0:	000c      	movs	r4, r1
10001cc2:	2580      	movs	r5, #128	@ 0x80
10001cc4:	0019      	movs	r1, r3
10001cc6:	4698      	mov	r8, r3
10001cc8:	0007      	movs	r7, r0
10001cca:	f7ff ff11 	bl	10001af0 <crc16_all_lines.constprop.0>
10001cce:	2200      	movs	r2, #0
10001cd0:	2300      	movs	r3, #0
10001cd2:	210f      	movs	r1, #15
10001cd4:	00ad      	lsls	r5, r5, #2
10001cd6:	58be      	ldr	r6, [r7, r2]
10001cd8:	071b      	lsls	r3, r3, #28
10001cda:	ba30      	rev	r0, r6
10001cdc:	0900      	lsrs	r0, r0, #4
10001cde:	4303      	orrs	r3, r0
10001ce0:	50a3      	str	r3, [r4, r2]
10001ce2:	0e33      	lsrs	r3, r6, #24
10001ce4:	3204      	adds	r2, #4
10001ce6:	400b      	ands	r3, r1
10001ce8:	42aa      	cmp	r2, r5
10001cea:	d1f4      	bne.n	10001cd6 <build_write_stream+0x26>
10001cec:	9201      	str	r2, [sp, #4]
10001cee:	4642      	mov	r2, r8
10001cf0:	9402      	str	r4, [sp, #8]
10001cf2:	88d7      	ldrh	r7, [r2, #6]
10001cf4:	8896      	ldrh	r6, [r2, #4]
10001cf6:	8852      	ldrh	r2, [r2, #2]
10001cf8:	13f8      	asrs	r0, r7, #15
10001cfa:	4694      	mov	ip, r2
10001cfc:	4642      	mov	r2, r8
10001cfe:	8815      	ldrh	r5, [r2, #0]
10001d00:	2200      	movs	r2, #0
10001d02:	4692      	mov	sl, r2
10001d04:	13f2      	asrs	r2, r6, #15
10001d06:	0092      	lsls	r2, r2, #2
10001d08:	00c0      	lsls	r0, r0, #3
10001d0a:	4310      	orrs	r0, r2
10001d0c:	13ea      	asrs	r2, r5, #15
10001d0e:	4310      	orrs	r0, r2
10001d10:	4662      	mov	r2, ip
10001d12:	13d2      	asrs	r2, r2, #15
10001d14:	0052      	lsls	r2, r2, #1
10001d16:	4310      	orrs	r0, r2
10001d18:	0202      	lsls	r2, r0, #8
10001d1a:	2001      	movs	r0, #1
10001d1c:	4691      	mov	r9, r2
10001d1e:	13ba      	asrs	r2, r7, #14
10001d20:	4002      	ands	r2, r0
10001d22:	00d2      	lsls	r2, r2, #3
10001d24:	4693      	mov	fp, r2
10001d26:	13b2      	asrs	r2, r6, #14
10001d28:	4002      	ands	r2, r0
10001d2a:	0092      	lsls	r2, r2, #2
10001d2c:	4690      	mov	r8, r2
10001d2e:	465a      	mov	r2, fp
10001d30:	4644      	mov	r4, r8
10001d32:	4322      	orrs	r2, r4
10001d34:	4690      	mov	r8, r2
10001d36:	13aa      	asrs	r2, r5, #14
10001d38:	4002      	ands	r2, r0
10001d3a:	4693      	mov	fp, r2
10001d3c:	4642      	mov	r2, r8
10001d3e:	465c      	mov	r4, fp
10001d40:	4322      	orrs	r2, r4
10001d42:	4690      	mov	r8, r2
10001d44:	4662      	mov	r2, ip
10001d46:	1392      	asrs	r2, r2, #14
10001d48:	4002      	ands	r2, r0
10001d4a:	0052      	lsls	r2, r2, #1
10001d4c:	4693      	mov	fp, r2
10001d4e:	4642      	mov	r2, r8
10001d50:	465c      	mov	r4, fp
10001d52:	4322      	orrs	r2, r4
10001d54:	0414      	lsls	r4, r2, #16
10001d56:	137a      	asrs	r2, r7, #13
10001d58:	4002      	ands	r2, r0
10001d5a:	00d2      	lsls	r2, r2, #3
10001d5c:	4693      	mov	fp, r2
10001d5e:	1372      	asrs	r2, r6, #13
10001d60:	4002      	ands	r2, r0
10001d62:	0092      	lsls	r2, r2, #2
10001d64:	4690      	mov	r8, r2
10001d66:	9403      	str	r4, [sp, #12]
10001d68:	465a      	mov	r2, fp
10001d6a:	4644      	mov	r4, r8
10001d6c:	4322      	orrs	r2, r4
10001d6e:	4690      	mov	r8, r2
10001d70:	136a      	asrs	r2, r5, #13
10001d72:	4002      	ands	r2, r0
10001d74:	4693      	mov	fp, r2
10001d76:	4642      	mov	r2, r8
10001d78:	465c      	mov	r4, fp
10001d7a:	4322      	orrs	r2, r4
10001d7c:	4690      	mov	r8, r2
10001d7e:	4662      	mov	r2, ip
10001d80:	1352      	asrs	r2, r2, #13
10001d82:	4002      	ands	r2, r0
10001d84:	0052      	lsls	r2, r2, #1
10001d86:	4693      	mov	fp, r2
10001d88:	4642      	mov	r2, r8
10001d8a:	465c      	mov	r4, fp
10001d8c:	4322      	orrs	r2, r4
10001d8e:	0612      	lsls	r2, r2, #24
10001d90:	4690      	mov	r8, r2
10001d92:	464a      	mov	r2, r9
10001d94:	4313      	orrs	r3, r2
10001d96:	4642      	mov	r2, r8
10001d98:	9c03      	ldr	r4, [sp, #12]
10001d9a:	4323      	orrs	r3, r4
10001d9c:	4313      	orrs	r3, r2
10001d9e:	9307      	str	r3, [sp, #28]
10001da0:	1332      	asrs	r2, r6, #12
10001da2:	133b      	asrs	r3, r7, #12
10001da4:	4003      	ands	r3, r0
10001da6:	4002      	ands	r2, r0
10001da8:	0092      	lsls	r2, r2, #2
10001daa:	00db      	lsls	r3, r3, #3
10001dac:	4313      	orrs	r3, r2
10001dae:	132a      	asrs	r2, r5, #12
10001db0:	4002      	ands	r2, r0
10001db2:	4313      	orrs	r3, r2
10001db4:	4662      	mov	r2, ip
10001db6:	1312      	asrs	r2, r2, #12
10001db8:	4002      	ands	r2, r0
10001dba:	0052      	lsls	r2, r2, #1
10001dbc:	4691      	mov	r9, r2
10001dbe:	12f2      	asrs	r2, r6, #11
10001dc0:	4002      	ands	r2, r0
10001dc2:	0092      	lsls	r2, r2, #2
10001dc4:	4693      	mov	fp, r2
10001dc6:	12fa      	asrs	r2, r7, #11
10001dc8:	4002      	ands	r2, r0
10001dca:	00d2      	lsls	r2, r2, #3
10001dcc:	4690      	mov	r8, r2
10001dce:	465a      	mov	r2, fp
10001dd0:	4644      	mov	r4, r8
10001dd2:	4322      	orrs	r2, r4
10001dd4:	4690      	mov	r8, r2
10001dd6:	12ea      	asrs	r2, r5, #11
10001dd8:	4002      	ands	r2, r0
10001dda:	4693      	mov	fp, r2
10001ddc:	4642      	mov	r2, r8
10001dde:	465c      	mov	r4, fp
10001de0:	4322      	orrs	r2, r4
10001de2:	4690      	mov	r8, r2
10001de4:	4662      	mov	r2, ip
10001de6:	12d2      	asrs	r2, r2, #11
10001de8:	4002      	ands	r2, r0
10001dea:	0052      	lsls	r2, r2, #1
10001dec:	4693      	mov	fp, r2
10001dee:	4642      	mov	r2, r8
10001df0:	465c      	mov	r4, fp
10001df2:	4322      	orrs	r2, r4
10001df4:	0212      	lsls	r2, r2, #8
10001df6:	4690      	mov	r8, r2
10001df8:	464a      	mov	r2, r9
10001dfa:	4313      	orrs	r3, r2
10001dfc:	4642      	mov	r2, r8
10001dfe:	431a      	orrs	r2, r3
10001e00:	12bb      	asrs	r3, r7, #10
10001e02:	4003      	ands	r3, r0
10001e04:	00db      	lsls	r3, r3, #3
10001e06:	4698      	mov	r8, r3
10001e08:	4691      	mov	r9, r2
10001e0a:	4642      	mov	r2, r8
10001e0c:	12b3      	asrs	r3, r6, #10
10001e0e:	4003      	ands	r3, r0
10001e10:	009b      	lsls	r3, r3, #2
10001e12:	4313      	orrs	r3, r2
10001e14:	12aa      	asrs	r2, r5, #10
10001e16:	4002      	ands	r2, r0
10001e18:	4313      	orrs	r3, r2
10001e1a:	4662      	mov	r2, ip
10001e1c:	1292      	asrs	r2, r2, #10
10001e1e:	4002      	ands	r2, r0
10001e20:	0052      	lsls	r2, r2, #1
10001e22:	4313      	orrs	r3, r2
10001e24:	041b      	lsls	r3, r3, #16
10001e26:	4698      	mov	r8, r3
10001e28:	464b      	mov	r3, r9
10001e2a:	4644      	mov	r4, r8
10001e2c:	4a95      	ldr	r2, [pc, #596]	@ (10002084 <build_write_stream+0x3d4>)
10001e2e:	4013      	ands	r3, r2
10001e30:	4323      	orrs	r3, r4
10001e32:	127c      	asrs	r4, r7, #9
10001e34:	4004      	ands	r4, r0
10001e36:	00e4      	lsls	r4, r4, #3
10001e38:	46a1      	mov	r9, r4
10001e3a:	1274      	asrs	r4, r6, #9
10001e3c:	4004      	ands	r4, r0
10001e3e:	00a4      	lsls	r4, r4, #2
10001e40:	46a0      	mov	r8, r4
10001e42:	464c      	mov	r4, r9
10001e44:	4642      	mov	r2, r8
10001e46:	4314      	orrs	r4, r2
10001e48:	126a      	asrs	r2, r5, #9
10001e4a:	46a0      	mov	r8, r4
10001e4c:	0014      	movs	r4, r2
10001e4e:	4004      	ands	r4, r0
10001e50:	46a1      	mov	r9, r4
10001e52:	4644      	mov	r4, r8
10001e54:	464a      	mov	r2, r9
10001e56:	4314      	orrs	r4, r2
10001e58:	4662      	mov	r2, ip
10001e5a:	1252      	asrs	r2, r2, #9
10001e5c:	46a0      	mov	r8, r4
10001e5e:	0014      	movs	r4, r2
10001e60:	4004      	ands	r4, r0
10001e62:	0062      	lsls	r2, r4, #1
10001e64:	4644      	mov	r4, r8
10001e66:	021b      	lsls	r3, r3, #8
10001e68:	4314      	orrs	r4, r2
10001e6a:	0622      	lsls	r2, r4, #24
10001e6c:	0a1b      	lsrs	r3, r3, #8
10001e6e:	4313      	orrs	r3, r2
10001e70:	1232      	asrs	r2, r6, #8
10001e72:	0014      	movs	r4, r2
10001e74:	9308      	str	r3, [sp, #32]
10001e76:	123b      	asrs	r3, r7, #8
10001e78:	4004      	ands	r4, r0
10001e7a:	4003      	ands	r3, r0
10001e7c:	00a2      	lsls	r2, r4, #2
10001e7e:	00db      	lsls	r3, r3, #3
10001e80:	4313      	orrs	r3, r2
10001e82:	122a      	asrs	r2, r5, #8
10001e84:	0014      	movs	r4, r2
10001e86:	4662      	mov	r2, ip
10001e88:	4004      	ands	r4, r0
10001e8a:	1212      	asrs	r2, r2, #8
10001e8c:	4323      	orrs	r3, r4
10001e8e:	0014      	movs	r4, r2
10001e90:	4004      	ands	r4, r0
10001e92:	0062      	lsls	r2, r4, #1
10001e94:	4691      	mov	r9, r2
10001e96:	11fa      	asrs	r2, r7, #7
10001e98:	0014      	movs	r4, r2
10001e9a:	4004      	ands	r4, r0
10001e9c:	00e2      	lsls	r2, r4, #3
10001e9e:	4693      	mov	fp, r2
10001ea0:	11f2      	asrs	r2, r6, #7
10001ea2:	0014      	movs	r4, r2
10001ea4:	4004      	ands	r4, r0
10001ea6:	00a2      	lsls	r2, r4, #2
10001ea8:	465c      	mov	r4, fp
10001eaa:	4314      	orrs	r4, r2
10001eac:	11ea      	asrs	r2, r5, #7
10001eae:	46a0      	mov	r8, r4
10001eb0:	0014      	movs	r4, r2
10001eb2:	4004      	ands	r4, r0
10001eb4:	46a3      	mov	fp, r4
10001eb6:	4644      	mov	r4, r8
10001eb8:	465a      	mov	r2, fp
10001eba:	4314      	orrs	r4, r2
10001ebc:	4662      	mov	r2, ip
10001ebe:	11d2      	asrs	r2, r2, #7
10001ec0:	46a0      	mov	r8, r4
10001ec2:	0014      	movs	r4, r2
10001ec4:	4004      	ands	r4, r0
10001ec6:	0062      	lsls	r2, r4, #1
10001ec8:	4644      	mov	r4, r8
10001eca:	4314      	orrs	r4, r2
10001ecc:	0222      	lsls	r2, r4, #8
10001ece:	4690      	mov	r8, r2
10001ed0:	464a      	mov	r2, r9
10001ed2:	4644      	mov	r4, r8
10001ed4:	4313      	orrs	r3, r2
10001ed6:	431c      	orrs	r4, r3
10001ed8:	11bb      	asrs	r3, r7, #6
10001eda:	4003      	ands	r3, r0
10001edc:	00db      	lsls	r3, r3, #3
10001ede:	4698      	mov	r8, r3
10001ee0:	4642      	mov	r2, r8
10001ee2:	11b3      	asrs	r3, r6, #6
10001ee4:	4003      	ands	r3, r0
10001ee6:	009b      	lsls	r3, r3, #2
10001ee8:	4313      	orrs	r3, r2
10001eea:	11aa      	asrs	r2, r5, #6
10001eec:	46a1      	mov	r9, r4
10001eee:	0014      	movs	r4, r2
10001ef0:	4662      	mov	r2, ip
10001ef2:	4004      	ands	r4, r0
10001ef4:	1192      	asrs	r2, r2, #6
10001ef6:	4323      	orrs	r3, r4
10001ef8:	0014      	movs	r4, r2
10001efa:	4004      	ands	r4, r0
10001efc:	0062      	lsls	r2, r4, #1
10001efe:	4313      	orrs	r3, r2
10001f00:	041b      	lsls	r3, r3, #16
10001f02:	4698      	mov	r8, r3
10001f04:	464b      	mov	r3, r9
10001f06:	4a5f      	ldr	r2, [pc, #380]	@ (10002084 <build_write_stream+0x3d4>)
10001f08:	4013      	ands	r3, r2
10001f0a:	4642      	mov	r2, r8
10001f0c:	4313      	orrs	r3, r2
10001f0e:	117a      	asrs	r2, r7, #5
10001f10:	4002      	ands	r2, r0
10001f12:	00d2      	lsls	r2, r2, #3
10001f14:	4690      	mov	r8, r2
10001f16:	1172      	asrs	r2, r6, #5
10001f18:	4002      	ands	r2, r0
10001f1a:	0092      	lsls	r2, r2, #2
10001f1c:	4691      	mov	r9, r2
10001f1e:	4642      	mov	r2, r8
10001f20:	464c      	mov	r4, r9
10001f22:	4322      	orrs	r2, r4
10001f24:	4690      	mov	r8, r2
10001f26:	116a      	asrs	r2, r5, #5
10001f28:	4002      	ands	r2, r0
10001f2a:	4691      	mov	r9, r2
10001f2c:	4642      	mov	r2, r8
10001f2e:	464c      	mov	r4, r9
10001f30:	4322      	orrs	r2, r4
10001f32:	4690      	mov	r8, r2
10001f34:	4662      	mov	r2, ip
10001f36:	1152      	asrs	r2, r2, #5
10001f38:	4002      	ands	r2, r0
10001f3a:	0052      	lsls	r2, r2, #1
10001f3c:	4691      	mov	r9, r2
10001f3e:	4642      	mov	r2, r8
10001f40:	464c      	mov	r4, r9
10001f42:	021b      	lsls	r3, r3, #8
10001f44:	4322      	orrs	r2, r4
10001f46:	0612      	lsls	r2, r2, #24
10001f48:	0a1b      	lsrs	r3, r3, #8
10001f4a:	4313      	orrs	r3, r2
10001f4c:	9309      	str	r3, [sp, #36]	@ 0x24
10001f4e:	1132      	asrs	r2, r6, #4
10001f50:	113b      	asrs	r3, r7, #4
10001f52:	4003      	ands	r3, r0
10001f54:	4002      	ands	r2, r0
10001f56:	0092      	lsls	r2, r2, #2
10001f58:	00db      	lsls	r3, r3, #3
10001f5a:	4313      	orrs	r3, r2
10001f5c:	112a      	asrs	r2, r5, #4
10001f5e:	4002      	ands	r2, r0
10001f60:	431a      	orrs	r2, r3
10001f62:	4663      	mov	r3, ip
10001f64:	111b      	asrs	r3, r3, #4
10001f66:	4003      	ands	r3, r0
10001f68:	005b      	lsls	r3, r3, #1
10001f6a:	469b      	mov	fp, r3
10001f6c:	10fb      	asrs	r3, r7, #3
10001f6e:	4003      	ands	r3, r0
10001f70:	00db      	lsls	r3, r3, #3
10001f72:	4698      	mov	r8, r3
10001f74:	4691      	mov	r9, r2
10001f76:	4642      	mov	r2, r8
10001f78:	10f3      	asrs	r3, r6, #3
10001f7a:	4003      	ands	r3, r0
10001f7c:	009b      	lsls	r3, r3, #2
10001f7e:	4313      	orrs	r3, r2
10001f80:	10ea      	asrs	r2, r5, #3
10001f82:	4002      	ands	r2, r0
10001f84:	4313      	orrs	r3, r2
10001f86:	4662      	mov	r2, ip
10001f88:	10d2      	asrs	r2, r2, #3
10001f8a:	4002      	ands	r2, r0
10001f8c:	0052      	lsls	r2, r2, #1
10001f8e:	4313      	orrs	r3, r2
10001f90:	021b      	lsls	r3, r3, #8
10001f92:	4698      	mov	r8, r3
10001f94:	465a      	mov	r2, fp
10001f96:	464b      	mov	r3, r9
10001f98:	4313      	orrs	r3, r2
10001f9a:	4642      	mov	r2, r8
10001f9c:	4313      	orrs	r3, r2
10001f9e:	10ba      	asrs	r2, r7, #2
10001fa0:	4002      	ands	r2, r0
10001fa2:	00d2      	lsls	r2, r2, #3
10001fa4:	4690      	mov	r8, r2
10001fa6:	10b2      	asrs	r2, r6, #2
10001fa8:	4002      	ands	r2, r0
10001faa:	0092      	lsls	r2, r2, #2
10001fac:	4691      	mov	r9, r2
10001fae:	4642      	mov	r2, r8
10001fb0:	464c      	mov	r4, r9
10001fb2:	4322      	orrs	r2, r4
10001fb4:	4690      	mov	r8, r2
10001fb6:	10aa      	asrs	r2, r5, #2
10001fb8:	4002      	ands	r2, r0
10001fba:	4691      	mov	r9, r2
10001fbc:	4642      	mov	r2, r8
10001fbe:	464c      	mov	r4, r9
10001fc0:	4322      	orrs	r2, r4
10001fc2:	4690      	mov	r8, r2
10001fc4:	4662      	mov	r2, ip
10001fc6:	1092      	asrs	r2, r2, #2
10001fc8:	4002      	ands	r2, r0
10001fca:	0052      	lsls	r2, r2, #1
10001fcc:	4691      	mov	r9, r2
10001fce:	4642      	mov	r2, r8
10001fd0:	464c      	mov	r4, r9
10001fd2:	4322      	orrs	r2, r4
10001fd4:	0412      	lsls	r2, r2, #16
10001fd6:	4313      	orrs	r3, r2
10001fd8:	107a      	asrs	r2, r7, #1
10001fda:	4002      	ands	r2, r0
10001fdc:	00d2      	lsls	r2, r2, #3
10001fde:	4690      	mov	r8, r2
10001fe0:	1072      	asrs	r2, r6, #1
10001fe2:	4002      	ands	r2, r0
10001fe4:	0092      	lsls	r2, r2, #2
10001fe6:	4691      	mov	r9, r2
10001fe8:	4642      	mov	r2, r8
10001fea:	464c      	mov	r4, r9
10001fec:	4322      	orrs	r2, r4
10001fee:	4690      	mov	r8, r2
10001ff0:	106a      	asrs	r2, r5, #1
10001ff2:	4002      	ands	r2, r0
10001ff4:	4691      	mov	r9, r2
10001ff6:	4642      	mov	r2, r8
10001ff8:	464c      	mov	r4, r9
10001ffa:	4322      	orrs	r2, r4
10001ffc:	4690      	mov	r8, r2
10001ffe:	4662      	mov	r2, ip
10002000:	1052      	asrs	r2, r2, #1
10002002:	4002      	ands	r2, r0
10002004:	0052      	lsls	r2, r2, #1
10002006:	4691      	mov	r9, r2
10002008:	4642      	mov	r2, r8
1000200a:	464c      	mov	r4, r9
1000200c:	021b      	lsls	r3, r3, #8
1000200e:	4322      	orrs	r2, r4
10002010:	0612      	lsls	r2, r2, #24
10002012:	0a1b      	lsrs	r3, r3, #8
10002014:	4313      	orrs	r3, r2
10002016:	930a      	str	r3, [sp, #40]	@ 0x28
10002018:	ab07      	add	r3, sp, #28
1000201a:	4698      	mov	r8, r3
1000201c:	4663      	mov	r3, ip
1000201e:	4006      	ands	r6, r0
10002020:	4007      	ands	r7, r0
10002022:	00b6      	lsls	r6, r6, #2
10002024:	00ff      	lsls	r7, r7, #3
10002026:	433e      	orrs	r6, r7
10002028:	4005      	ands	r5, r0
1000202a:	4018      	ands	r0, r3
1000202c:	0043      	lsls	r3, r0, #1
1000202e:	4335      	orrs	r5, r6
10002030:	431d      	orrs	r5, r3
10002032:	4643      	mov	r3, r8
10002034:	741d      	strb	r5, [r3, #16]
10002036:	7459      	strb	r1, [r3, #17]
10002038:	2382      	movs	r3, #130	@ 0x82
1000203a:	4652      	mov	r2, sl
1000203c:	9c02      	ldr	r4, [sp, #8]
1000203e:	009b      	lsls	r3, r3, #2
10002040:	50e2      	str	r2, [r4, r3]
10002042:	3b04      	subs	r3, #4
10002044:	50e2      	str	r2, [r4, r3]
10002046:	4653      	mov	r3, sl
10002048:	4640      	mov	r0, r8
1000204a:	2100      	movs	r1, #0
1000204c:	260f      	movs	r6, #15
1000204e:	2507      	movs	r5, #7
10002050:	9a01      	ldr	r2, [sp, #4]
10002052:	50a3      	str	r3, [r4, r2]
10002054:	002f      	movs	r7, r5
10002056:	7802      	ldrb	r2, [r0, #0]
10002058:	438f      	bics	r7, r1
1000205a:	00bf      	lsls	r7, r7, #2
1000205c:	4032      	ands	r2, r6
1000205e:	40ba      	lsls	r2, r7
10002060:	10cb      	asrs	r3, r1, #3
10002062:	3380      	adds	r3, #128	@ 0x80
10002064:	009b      	lsls	r3, r3, #2
10002066:	18e3      	adds	r3, r4, r3
10002068:	681f      	ldr	r7, [r3, #0]
1000206a:	3101      	adds	r1, #1
1000206c:	433a      	orrs	r2, r7
1000206e:	601a      	str	r2, [r3, #0]
10002070:	3001      	adds	r0, #1
10002072:	2912      	cmp	r1, #18
10002074:	d1ee      	bne.n	10002054 <build_write_stream+0x3a4>
10002076:	b00d      	add	sp, #52	@ 0x34
10002078:	bcf0      	pop	{r4, r5, r6, r7}
1000207a:	46bb      	mov	fp, r7
1000207c:	46b2      	mov	sl, r6
1000207e:	46a9      	mov	r9, r5
10002080:	46a0      	mov	r8, r4
10002082:	bdf0      	pop	{r4, r5, r6, r7, pc}
10002084:	ff00ffff 	.word	0xff00ffff

10002088 <load_cmd.part.0>:
10002088:	2101      	movs	r1, #1
1000208a:	b530      	push	{r4, r5, lr}
1000208c:	4a40      	ldr	r2, [pc, #256]	@ (10002190 <load_cmd.part.0+0x108>)
1000208e:	4d41      	ldr	r5, [pc, #260]	@ (10002194 <load_cmd.part.0+0x10c>)
10002090:	6813      	ldr	r3, [r2, #0]
10002092:	b087      	sub	sp, #28
10002094:	438b      	bics	r3, r1
10002096:	6013      	str	r3, [r2, #0]
10002098:	782b      	ldrb	r3, [r5, #0]
1000209a:	2b00      	cmp	r3, #0
1000209c:	d057      	beq.n	1000214e <load_cmd.part.0+0xc6>
1000209e:	2300      	movs	r3, #0
100020a0:	493d      	ldr	r1, [pc, #244]	@ (10002198 <load_cmd.part.0+0x110>)
100020a2:	4c3b      	ldr	r4, [pc, #236]	@ (10002190 <load_cmd.part.0+0x108>)
100020a4:	001a      	movs	r2, r3
100020a6:	8808      	ldrh	r0, [r1, #0]
100020a8:	3212      	adds	r2, #18
100020aa:	0092      	lsls	r2, r2, #2
100020ac:	3301      	adds	r3, #1
100020ae:	5110      	str	r0, [r2, r4]
100020b0:	3102      	adds	r1, #2
100020b2:	2b18      	cmp	r3, #24
100020b4:	d1f6      	bne.n	100020a4 <load_cmd.part.0+0x1c>
100020b6:	4b39      	ldr	r3, [pc, #228]	@ (1000219c <load_cmd.part.0+0x114>)
100020b8:	21ec      	movs	r1, #236	@ 0xec
100020ba:	6818      	ldr	r0, [r3, #0]
100020bc:	2380      	movs	r3, #128	@ 0x80
100020be:	029b      	lsls	r3, r3, #10
100020c0:	9304      	str	r3, [sp, #16]
100020c2:	4b37      	ldr	r3, [pc, #220]	@ (100021a0 <load_cmd.part.0+0x118>)
100020c4:	0589      	lsls	r1, r1, #22
100020c6:	9303      	str	r3, [sp, #12]
100020c8:	4b36      	ldr	r3, [pc, #216]	@ (100021a4 <load_cmd.part.0+0x11c>)
100020ca:	9305      	str	r3, [sp, #20]
100020cc:	f004 f9ae 	bl	1000642c <__wrap___aeabi_fadd>
100020d0:	1c05      	adds	r5, r0, #0
100020d2:	f004 f9f1 	bl	100064b8 <__wrap___aeabi_f2uiz>
100020d6:	b284      	uxth	r4, r0
100020d8:	2300      	movs	r3, #0
100020da:	2c00      	cmp	r4, #0
100020dc:	d00e      	beq.n	100020fc <load_cmd.part.0+0x74>
100020de:	0020      	movs	r0, r4
100020e0:	f004 f9c2 	bl	10006468 <__wrap___aeabi_ui2f>
100020e4:	1c01      	adds	r1, r0, #0
100020e6:	1c28      	adds	r0, r5, #0
100020e8:	f004 f99d 	bl	10006426 <__wrap___aeabi_fsub>
100020ec:	2187      	movs	r1, #135	@ 0x87
100020ee:	05c9      	lsls	r1, r1, #23
100020f0:	f004 f9b3 	bl	1000645a <__wrap___aeabi_fmul>
100020f4:	f004 f9e0 	bl	100064b8 <__wrap___aeabi_f2uiz>
100020f8:	b2c3      	uxtb	r3, r0
100020fa:	021b      	lsls	r3, r3, #8
100020fc:	0424      	lsls	r4, r4, #16
100020fe:	431c      	orrs	r4, r3
10002100:	9402      	str	r4, [sp, #8]
10002102:	2401      	movs	r4, #1
10002104:	2106      	movs	r1, #6
10002106:	2002      	movs	r0, #2
10002108:	f002 f802 	bl	10004110 <gpio_set_function>
1000210c:	2106      	movs	r1, #6
1000210e:	2003      	movs	r0, #3
10002110:	f001 fffe 	bl	10004110 <gpio_set_function>
10002114:	2200      	movs	r2, #0
10002116:	2101      	movs	r1, #1
10002118:	2003      	movs	r0, #3
1000211a:	f002 f813 	bl	10004144 <gpio_set_pulls>
1000211e:	2301      	movs	r3, #1
10002120:	2202      	movs	r2, #2
10002122:	2100      	movs	r1, #0
10002124:	9400      	str	r4, [sp, #0]
10002126:	481a      	ldr	r0, [pc, #104]	@ (10002190 <load_cmd.part.0+0x108>)
10002128:	f006 f9e6 	bl	100084f8 <pio_sm_set_consecutive_pindirs>
1000212c:	2301      	movs	r3, #1
1000212e:	2203      	movs	r2, #3
10002130:	2100      	movs	r1, #0
10002132:	9400      	str	r4, [sp, #0]
10002134:	4816      	ldr	r0, [pc, #88]	@ (10002190 <load_cmd.part.0+0x108>)
10002136:	f006 f9df 	bl	100084f8 <pio_sm_set_consecutive_pindirs>
1000213a:	ab02      	add	r3, sp, #8
1000213c:	2200      	movs	r2, #0
1000213e:	2100      	movs	r1, #0
10002140:	4813      	ldr	r0, [pc, #76]	@ (10002190 <load_cmd.part.0+0x108>)
10002142:	f006 fa33 	bl	100085ac <pio_sm_init>
10002146:	4b18      	ldr	r3, [pc, #96]	@ (100021a8 <load_cmd.part.0+0x120>)
10002148:	701c      	strb	r4, [r3, #0]
1000214a:	b007      	add	sp, #28
1000214c:	bd30      	pop	{r4, r5, pc}
1000214e:	2002      	movs	r0, #2
10002150:	3105      	adds	r1, #5
10002152:	f001 ffdd 	bl	10004110 <gpio_set_function>
10002156:	2106      	movs	r1, #6
10002158:	2003      	movs	r0, #3
1000215a:	f001 ffd9 	bl	10004110 <gpio_set_function>
1000215e:	2200      	movs	r2, #0
10002160:	2101      	movs	r1, #1
10002162:	2003      	movs	r0, #3
10002164:	f001 ffee 	bl	10004144 <gpio_set_pulls>
10002168:	2404      	movs	r4, #4
1000216a:	0020      	movs	r0, r4
1000216c:	2106      	movs	r1, #6
1000216e:	f001 ffcf 	bl	10004110 <gpio_set_function>
10002172:	0020      	movs	r0, r4
10002174:	2200      	movs	r2, #0
10002176:	2101      	movs	r1, #1
10002178:	3401      	adds	r4, #1
1000217a:	f001 ffe3 	bl	10004144 <gpio_set_pulls>
1000217e:	2c08      	cmp	r4, #8
10002180:	d1f3      	bne.n	1000216a <load_cmd.part.0+0xe2>
10002182:	22f8      	movs	r2, #248	@ 0xf8
10002184:	4b09      	ldr	r3, [pc, #36]	@ (100021ac <load_cmd.part.0+0x124>)
10002186:	601a      	str	r2, [r3, #0]
10002188:	2301      	movs	r3, #1
1000218a:	702b      	strb	r3, [r5, #0]
1000218c:	e787      	b.n	1000209e <load_cmd.part.0+0x16>
1000218e:	46c0      	nop			@ (mov r8, r8)
10002190:	50200000 	.word	0x50200000
10002194:	2001a423 	.word	0x2001a423
10002198:	1000bb14 	.word	0x1000bb14
1000219c:	20000fa0 	.word	0x20000fa0
100021a0:	03017000 	.word	0x03017000
100021a4:	24118863 	.word	0x24118863
100021a8:	2001a426 	.word	0x2001a426
100021ac:	50202038 	.word	0x50202038

100021b0 <sdio_pio_send_cmd_no_resp.constprop.0>:
100021b0:	b5f0      	push	{r4, r5, r6, r7, lr}
100021b2:	46d6      	mov	lr, sl
100021b4:	464f      	mov	r7, r9
100021b6:	4646      	mov	r6, r8
100021b8:	b5c0      	push	{r6, r7, lr}
100021ba:	4b39      	ldr	r3, [pc, #228]	@ (100022a0 <sdio_pio_send_cmd_no_resp.constprop.0+0xf0>)
100021bc:	b082      	sub	sp, #8
100021be:	781b      	ldrb	r3, [r3, #0]
100021c0:	469a      	mov	sl, r3
100021c2:	2b00      	cmp	r3, #0
100021c4:	d064      	beq.n	10002290 <sdio_pio_send_cmd_no_resp.constprop.0+0xe0>
100021c6:	2347      	movs	r3, #71	@ 0x47
100021c8:	466a      	mov	r2, sp
100021ca:	2009      	movs	r0, #9
100021cc:	9300      	str	r3, [sp, #0]
100021ce:	2300      	movs	r3, #0
100021d0:	46e8      	mov	r8, sp
100021d2:	7113      	strb	r3, [r2, #4]
100021d4:	2100      	movs	r1, #0
100021d6:	2247      	movs	r2, #71	@ 0x47
100021d8:	257f      	movs	r5, #127	@ 0x7f
100021da:	2707      	movs	r7, #7
100021dc:	2601      	movs	r6, #1
100021de:	4681      	mov	r9, r0
100021e0:	e002      	b.n	100021e8 <sdio_pio_send_cmd_no_resp.constprop.0+0x38>
100021e2:	4640      	mov	r0, r8
100021e4:	10ca      	asrs	r2, r1, #3
100021e6:	5c82      	ldrb	r2, [r0, r2]
100021e8:	003c      	movs	r4, r7
100021ea:	438c      	bics	r4, r1
100021ec:	4122      	asrs	r2, r4
100021ee:	0998      	lsrs	r0, r3, #6
100021f0:	005b      	lsls	r3, r3, #1
100021f2:	402b      	ands	r3, r5
100021f4:	4032      	ands	r2, r6
100021f6:	4282      	cmp	r2, r0
100021f8:	d002      	beq.n	10002200 <sdio_pio_send_cmd_no_resp.constprop.0+0x50>
100021fa:	464a      	mov	r2, r9
100021fc:	4053      	eors	r3, r2
100021fe:	b2db      	uxtb	r3, r3
10002200:	3101      	adds	r1, #1
10002202:	2928      	cmp	r1, #40	@ 0x28
10002204:	d1ed      	bne.n	100021e2 <sdio_pio_send_cmd_no_resp.constprop.0+0x32>
10002206:	2201      	movs	r2, #1
10002208:	005b      	lsls	r3, r3, #1
1000220a:	4313      	orrs	r3, r2
1000220c:	b2dc      	uxtb	r4, r3
1000220e:	4b25      	ldr	r3, [pc, #148]	@ (100022a4 <sdio_pio_send_cmd_no_resp.constprop.0+0xf4>)
10002210:	781b      	ldrb	r3, [r3, #0]
10002212:	2b01      	cmp	r3, #1
10002214:	d001      	beq.n	1000221a <sdio_pio_send_cmd_no_resp.constprop.0+0x6a>
10002216:	f7ff ff37 	bl	10002088 <load_cmd.part.0>
1000221a:	2101      	movs	r1, #1
1000221c:	2080      	movs	r0, #128	@ 0x80
1000221e:	4a22      	ldr	r2, [pc, #136]	@ (100022a8 <sdio_pio_send_cmd_no_resp.constprop.0+0xf8>)
10002220:	0600      	lsls	r0, r0, #24
10002222:	6813      	ldr	r3, [r2, #0]
10002224:	438b      	bics	r3, r1
10002226:	6013      	str	r3, [r2, #0]
10002228:	4b20      	ldr	r3, [pc, #128]	@ (100022ac <sdio_pio_send_cmd_no_resp.constprop.0+0xfc>)
1000222a:	6018      	str	r0, [r3, #0]
1000222c:	6018      	str	r0, [r3, #0]
1000222e:	2010      	movs	r0, #16
10002230:	4b1f      	ldr	r3, [pc, #124]	@ (100022b0 <sdio_pio_send_cmd_no_resp.constprop.0+0x100>)
10002232:	6018      	str	r0, [r3, #0]
10002234:	23d8      	movs	r3, #216	@ 0xd8
10002236:	481f      	ldr	r0, [pc, #124]	@ (100022b4 <sdio_pio_send_cmd_no_resp.constprop.0+0x104>)
10002238:	50d0      	str	r0, [r2, r3]
1000223a:	481f      	ldr	r0, [pc, #124]	@ (100022b8 <sdio_pio_send_cmd_no_resp.constprop.0+0x108>)
1000223c:	50d0      	str	r0, [r2, r3]
1000223e:	2000      	movs	r0, #0
10002240:	50d0      	str	r0, [r2, r3]
10002242:	6813      	ldr	r3, [r2, #0]
10002244:	430b      	orrs	r3, r1
10002246:	2180      	movs	r1, #128	@ 0x80
10002248:	6013      	str	r3, [r2, #0]
1000224a:	0249      	lsls	r1, r1, #9
1000224c:	6853      	ldr	r3, [r2, #4]
1000224e:	420b      	tst	r3, r1
10002250:	d1fc      	bne.n	1000224c <sdio_pio_send_cmd_no_resp.constprop.0+0x9c>
10002252:	2080      	movs	r0, #128	@ 0x80
10002254:	4b19      	ldr	r3, [pc, #100]	@ (100022bc <sdio_pio_send_cmd_no_resp.constprop.0+0x10c>)
10002256:	4914      	ldr	r1, [pc, #80]	@ (100022a8 <sdio_pio_send_cmd_no_resp.constprop.0+0xf8>)
10002258:	6113      	str	r3, [r2, #16]
1000225a:	0424      	lsls	r4, r4, #16
1000225c:	0240      	lsls	r0, r0, #9
1000225e:	684a      	ldr	r2, [r1, #4]
10002260:	4202      	tst	r2, r0
10002262:	d1fc      	bne.n	1000225e <sdio_pio_send_cmd_no_resp.constprop.0+0xae>
10002264:	238e      	movs	r3, #142	@ 0x8e
10002266:	05db      	lsls	r3, r3, #23
10002268:	610b      	str	r3, [r1, #16]
1000226a:	2180      	movs	r1, #128	@ 0x80
1000226c:	4e0e      	ldr	r6, [pc, #56]	@ (100022a8 <sdio_pio_send_cmd_no_resp.constprop.0+0xf8>)
1000226e:	0249      	lsls	r1, r1, #9
10002270:	6872      	ldr	r2, [r6, #4]
10002272:	420a      	tst	r2, r1
10002274:	d1fc      	bne.n	10002270 <sdio_pio_send_cmd_no_resp.constprop.0+0xc0>
10002276:	2001      	movs	r0, #1
10002278:	6134      	str	r4, [r6, #16]
1000227a:	f002 fdb7 	bl	10004dec <sleep_ms>
1000227e:	2201      	movs	r2, #1
10002280:	6833      	ldr	r3, [r6, #0]
10002282:	4393      	bics	r3, r2
10002284:	2280      	movs	r2, #128	@ 0x80
10002286:	6033      	str	r3, [r6, #0]
10002288:	4b08      	ldr	r3, [pc, #32]	@ (100022ac <sdio_pio_send_cmd_no_resp.constprop.0+0xfc>)
1000228a:	0612      	lsls	r2, r2, #24
1000228c:	601a      	str	r2, [r3, #0]
1000228e:	601a      	str	r2, [r3, #0]
10002290:	4650      	mov	r0, sl
10002292:	b002      	add	sp, #8
10002294:	bce0      	pop	{r5, r6, r7}
10002296:	46ba      	mov	sl, r7
10002298:	46b1      	mov	r9, r6
1000229a:	46a8      	mov	r8, r5
1000229c:	bdf0      	pop	{r4, r5, r6, r7, pc}
1000229e:	46c0      	nop			@ (mov r8, r8)
100022a0:	2001a427 	.word	0x2001a427
100022a4:	2001a426 	.word	0x2001a426
100022a8:	50200000 	.word	0x50200000
100022ac:	502010d0 	.word	0x502010d0
100022b0:	50202000 	.word	0x50202000
100022b4:	0000e081 	.word	0x0000e081
100022b8:	0000e001 	.word	0x0000e001
100022bc:	002f0027 	.word	0x002f0027

100022c0 <sdio_pio_init>:
100022c0:	b5f0      	push	{r4, r5, r6, r7, lr}
100022c2:	4c1a      	ldr	r4, [pc, #104]	@ (1000232c <sdio_pio_init+0x6c>)
100022c4:	b085      	sub	sp, #20
100022c6:	7823      	ldrb	r3, [r4, #0]
100022c8:	2b00      	cmp	r3, #0
100022ca:	d001      	beq.n	100022d0 <sdio_pio_init+0x10>
100022cc:	b005      	add	sp, #20
100022ce:	bdf0      	pop	{r4, r5, r6, r7, pc}
100022d0:	2001      	movs	r0, #1
100022d2:	f006 f9b9 	bl	10008648 <dma_claim_unused_channel>
100022d6:	4b16      	ldr	r3, [pc, #88]	@ (10002330 <sdio_pio_init+0x70>)
100022d8:	2100      	movs	r1, #0
100022da:	6018      	str	r0, [r3, #0]
100022dc:	4815      	ldr	r0, [pc, #84]	@ (10002334 <sdio_pio_init+0x74>)
100022de:	f006 f8f3 	bl	100084c8 <pio_sm_claim>
100022e2:	4b15      	ldr	r3, [pc, #84]	@ (10002338 <sdio_pio_init+0x78>)
100022e4:	781b      	ldrb	r3, [r3, #0]
100022e6:	2b01      	cmp	r3, #1
100022e8:	d001      	beq.n	100022ee <sdio_pio_init+0x2e>
100022ea:	f7ff fecd 	bl	10002088 <load_cmd.part.0>
100022ee:	2301      	movs	r3, #1
100022f0:	7023      	strb	r3, [r4, #0]
100022f2:	4b12      	ldr	r3, [pc, #72]	@ (1000233c <sdio_pio_init+0x7c>)
100022f4:	681d      	ldr	r5, [r3, #0]
100022f6:	1c28      	adds	r0, r5, #0
100022f8:	f004 f8e4 	bl	100064c4 <__wrap___aeabi_f2d>
100022fc:	000f      	movs	r7, r1
100022fe:	2181      	movs	r1, #129	@ 0x81
10002300:	2300      	movs	r3, #0
10002302:	0006      	movs	r6, r0
10002304:	05c9      	lsls	r1, r1, #23
10002306:	1c28      	adds	r0, r5, #0
10002308:	9302      	str	r3, [sp, #8]
1000230a:	f004 f8a6 	bl	1000645a <__wrap___aeabi_fmul>
1000230e:	1c01      	adds	r1, r0, #0
10002310:	480b      	ldr	r0, [pc, #44]	@ (10002340 <sdio_pio_init+0x80>)
10002312:	f004 f88e 	bl	10006432 <__wrap___aeabi_fdiv>
10002316:	f004 f8d5 	bl	100064c4 <__wrap___aeabi_f2d>
1000231a:	4c0a      	ldr	r4, [pc, #40]	@ (10002344 <sdio_pio_init+0x84>)
1000231c:	9000      	str	r0, [sp, #0]
1000231e:	9101      	str	r1, [sp, #4]
10002320:	0032      	movs	r2, r6
10002322:	003b      	movs	r3, r7
10002324:	0020      	movs	r0, r4
10002326:	f005 ffd7 	bl	100082d8 <__wrap_printf>
1000232a:	e7cf      	b.n	100022cc <sdio_pio_init+0xc>
1000232c:	2001a427 	.word	0x2001a427
10002330:	20000fa4 	.word	0x20000fa4
10002334:	50200000 	.word	0x50200000
10002338:	2001a426 	.word	0x2001a426
1000233c:	20000fa0 	.word	0x20000fa0
10002340:	42fa0000 	.word	0x42fa0000
10002344:	1000b0b8 	.word	0x1000b0b8

10002348 <sdio_pio_set_clkdiv>:
10002348:	4b13      	ldr	r3, [pc, #76]	@ (10002398 <sdio_pio_set_clkdiv+0x50>)
1000234a:	b570      	push	{r4, r5, r6, lr}
1000234c:	6018      	str	r0, [r3, #0]
1000234e:	4b13      	ldr	r3, [pc, #76]	@ (1000239c <sdio_pio_set_clkdiv+0x54>)
10002350:	781b      	ldrb	r3, [r3, #0]
10002352:	2b00      	cmp	r3, #0
10002354:	d00f      	beq.n	10002376 <sdio_pio_set_clkdiv+0x2e>
10002356:	21ec      	movs	r1, #236	@ 0xec
10002358:	0589      	lsls	r1, r1, #22
1000235a:	f004 f867 	bl	1000642c <__wrap___aeabi_fadd>
1000235e:	1c05      	adds	r5, r0, #0
10002360:	f004 f8aa 	bl	100064b8 <__wrap___aeabi_f2uiz>
10002364:	b284      	uxth	r4, r0
10002366:	2300      	movs	r3, #0
10002368:	2c00      	cmp	r4, #0
1000236a:	d105      	bne.n	10002378 <sdio_pio_set_clkdiv+0x30>
1000236c:	0424      	lsls	r4, r4, #16
1000236e:	431c      	orrs	r4, r3
10002370:	23c8      	movs	r3, #200	@ 0xc8
10002372:	4a0b      	ldr	r2, [pc, #44]	@ (100023a0 <sdio_pio_set_clkdiv+0x58>)
10002374:	50d4      	str	r4, [r2, r3]
10002376:	bd70      	pop	{r4, r5, r6, pc}
10002378:	0020      	movs	r0, r4
1000237a:	f004 f875 	bl	10006468 <__wrap___aeabi_ui2f>
1000237e:	1c01      	adds	r1, r0, #0
10002380:	1c28      	adds	r0, r5, #0
10002382:	f004 f850 	bl	10006426 <__wrap___aeabi_fsub>
10002386:	2187      	movs	r1, #135	@ 0x87
10002388:	05c9      	lsls	r1, r1, #23
1000238a:	f004 f866 	bl	1000645a <__wrap___aeabi_fmul>
1000238e:	f004 f893 	bl	100064b8 <__wrap___aeabi_f2uiz>
10002392:	b2c3      	uxtb	r3, r0
10002394:	021b      	lsls	r3, r3, #8
10002396:	e7e9      	b.n	1000236c <sdio_pio_set_clkdiv+0x24>
10002398:	20000fa0 	.word	0x20000fa0
1000239c:	2001a427 	.word	0x2001a427
100023a0:	50200000 	.word	0x50200000

100023a4 <sdio_pio_send_cmd>:
100023a4:	b5f0      	push	{r4, r5, r6, r7, lr}
100023a6:	46de      	mov	lr, fp
100023a8:	4657      	mov	r7, sl
100023aa:	4645      	mov	r5, r8
100023ac:	464e      	mov	r6, r9
100023ae:	b5e0      	push	{r5, r6, r7, lr}
100023b0:	4b65      	ldr	r3, [pc, #404]	@ (10002548 <sdio_pio_send_cmd+0x1a4>)
100023b2:	b089      	sub	sp, #36	@ 0x24
100023b4:	781f      	ldrb	r7, [r3, #0]
100023b6:	000d      	movs	r5, r1
100023b8:	4693      	mov	fp, r2
100023ba:	9004      	str	r0, [sp, #16]
100023bc:	2f00      	cmp	r7, #0
100023be:	d100      	bne.n	100023c2 <sdio_pio_send_cmd+0x1e>
100023c0:	e0a1      	b.n	10002506 <sdio_pio_send_cmd+0x162>
100023c2:	263f      	movs	r6, #63	@ 0x3f
100023c4:	4006      	ands	r6, r0
100023c6:	2340      	movs	r3, #64	@ 0x40
100023c8:	0031      	movs	r1, r6
100023ca:	4319      	orrs	r1, r3
100023cc:	0008      	movs	r0, r1
100023ce:	0e2b      	lsrs	r3, r5, #24
100023d0:	0c2a      	lsrs	r2, r5, #16
100023d2:	9301      	str	r3, [sp, #4]
100023d4:	9202      	str	r2, [sp, #8]
100023d6:	021b      	lsls	r3, r3, #8
100023d8:	b2d2      	uxtb	r2, r2
100023da:	267f      	movs	r6, #127	@ 0x7f
100023dc:	0412      	lsls	r2, r2, #16
100023de:	430b      	orrs	r3, r1
100023e0:	4684      	mov	ip, r0
100023e2:	4313      	orrs	r3, r2
100023e4:	2209      	movs	r2, #9
100023e6:	0a2c      	lsrs	r4, r5, #8
100023e8:	9103      	str	r1, [sp, #12]
100023ea:	0621      	lsls	r1, r4, #24
100023ec:	430b      	orrs	r3, r1
100023ee:	46b1      	mov	r9, r6
100023f0:	a906      	add	r1, sp, #24
100023f2:	3e78      	subs	r6, #120	@ 0x78
100023f4:	46b0      	mov	r8, r6
100023f6:	4692      	mov	sl, r2
100023f8:	9306      	str	r3, [sp, #24]
100023fa:	4662      	mov	r2, ip
100023fc:	2300      	movs	r3, #0
100023fe:	2000      	movs	r0, #0
10002400:	46ac      	mov	ip, r5
10002402:	710d      	strb	r5, [r1, #4]
10002404:	3e06      	subs	r6, #6
10002406:	9405      	str	r4, [sp, #20]
10002408:	e001      	b.n	1000240e <sdio_pio_send_cmd+0x6a>
1000240a:	10c2      	asrs	r2, r0, #3
1000240c:	5c8a      	ldrb	r2, [r1, r2]
1000240e:	464d      	mov	r5, r9
10002410:	099c      	lsrs	r4, r3, #6
10002412:	005b      	lsls	r3, r3, #1
10002414:	402b      	ands	r3, r5
10002416:	4645      	mov	r5, r8
10002418:	4385      	bics	r5, r0
1000241a:	412a      	asrs	r2, r5
1000241c:	4032      	ands	r2, r6
1000241e:	42a2      	cmp	r2, r4
10002420:	d002      	beq.n	10002428 <sdio_pio_send_cmd+0x84>
10002422:	4652      	mov	r2, sl
10002424:	4053      	eors	r3, r2
10002426:	b2db      	uxtb	r3, r3
10002428:	3001      	adds	r0, #1
1000242a:	2828      	cmp	r0, #40	@ 0x28
1000242c:	d1ed      	bne.n	1000240a <sdio_pio_send_cmd+0x66>
1000242e:	2201      	movs	r2, #1
10002430:	005b      	lsls	r3, r3, #1
10002432:	4313      	orrs	r3, r2
10002434:	b2db      	uxtb	r3, r3
10002436:	4698      	mov	r8, r3
10002438:	714b      	strb	r3, [r1, #5]
1000243a:	4b44      	ldr	r3, [pc, #272]	@ (1000254c <sdio_pio_send_cmd+0x1a8>)
1000243c:	4665      	mov	r5, ip
1000243e:	781b      	ldrb	r3, [r3, #0]
10002440:	9c05      	ldr	r4, [sp, #20]
10002442:	2b01      	cmp	r3, #1
10002444:	d001      	beq.n	1000244a <sdio_pio_send_cmd+0xa6>
10002446:	f7ff fe1f 	bl	10002088 <load_cmd.part.0>
1000244a:	2101      	movs	r1, #1
1000244c:	2080      	movs	r0, #128	@ 0x80
1000244e:	4a40      	ldr	r2, [pc, #256]	@ (10002550 <sdio_pio_send_cmd+0x1ac>)
10002450:	0600      	lsls	r0, r0, #24
10002452:	6813      	ldr	r3, [r2, #0]
10002454:	438b      	bics	r3, r1
10002456:	6013      	str	r3, [r2, #0]
10002458:	4b3e      	ldr	r3, [pc, #248]	@ (10002554 <sdio_pio_send_cmd+0x1b0>)
1000245a:	6018      	str	r0, [r3, #0]
1000245c:	6018      	str	r0, [r3, #0]
1000245e:	2010      	movs	r0, #16
10002460:	4b3d      	ldr	r3, [pc, #244]	@ (10002558 <sdio_pio_send_cmd+0x1b4>)
10002462:	6018      	str	r0, [r3, #0]
10002464:	23d8      	movs	r3, #216	@ 0xd8
10002466:	483d      	ldr	r0, [pc, #244]	@ (1000255c <sdio_pio_send_cmd+0x1b8>)
10002468:	50d0      	str	r0, [r2, r3]
1000246a:	483d      	ldr	r0, [pc, #244]	@ (10002560 <sdio_pio_send_cmd+0x1bc>)
1000246c:	50d0      	str	r0, [r2, r3]
1000246e:	2000      	movs	r0, #0
10002470:	50d0      	str	r0, [r2, r3]
10002472:	6813      	ldr	r3, [r2, #0]
10002474:	430b      	orrs	r3, r1
10002476:	2180      	movs	r1, #128	@ 0x80
10002478:	6013      	str	r3, [r2, #0]
1000247a:	0249      	lsls	r1, r1, #9
1000247c:	6853      	ldr	r3, [r2, #4]
1000247e:	420b      	tst	r3, r1
10002480:	d1fc      	bne.n	1000247c <sdio_pio_send_cmd+0xd8>
10002482:	4b38      	ldr	r3, [pc, #224]	@ (10002564 <sdio_pio_send_cmd+0x1c0>)
10002484:	2080      	movs	r0, #128	@ 0x80
10002486:	6113      	str	r3, [r2, #16]
10002488:	23ff      	movs	r3, #255	@ 0xff
1000248a:	9a01      	ldr	r2, [sp, #4]
1000248c:	4023      	ands	r3, r4
1000248e:	0412      	lsls	r2, r2, #16
10002490:	4313      	orrs	r3, r2
10002492:	9a02      	ldr	r2, [sp, #8]
10002494:	062d      	lsls	r5, r5, #24
10002496:	0612      	lsls	r2, r2, #24
10002498:	0c12      	lsrs	r2, r2, #16
1000249a:	4313      	orrs	r3, r2
1000249c:	9a03      	ldr	r2, [sp, #12]
1000249e:	492c      	ldr	r1, [pc, #176]	@ (10002550 <sdio_pio_send_cmd+0x1ac>)
100024a0:	0616      	lsls	r6, r2, #24
100024a2:	431e      	orrs	r6, r3
100024a4:	4643      	mov	r3, r8
100024a6:	041b      	lsls	r3, r3, #16
100024a8:	432b      	orrs	r3, r5
100024aa:	0240      	lsls	r0, r0, #9
100024ac:	684a      	ldr	r2, [r1, #4]
100024ae:	4202      	tst	r2, r0
100024b0:	d1fc      	bne.n	100024ac <sdio_pio_send_cmd+0x108>
100024b2:	2080      	movs	r0, #128	@ 0x80
100024b4:	610e      	str	r6, [r1, #16]
100024b6:	4926      	ldr	r1, [pc, #152]	@ (10002550 <sdio_pio_send_cmd+0x1ac>)
100024b8:	0240      	lsls	r0, r0, #9
100024ba:	684a      	ldr	r2, [r1, #4]
100024bc:	4202      	tst	r2, r0
100024be:	d1fc      	bne.n	100024ba <sdio_pio_send_cmd+0x116>
100024c0:	610b      	str	r3, [r1, #16]
100024c2:	f002 fda9 	bl	10005018 <time_us_64>
100024c6:	2900      	cmp	r1, #0
100024c8:	d126      	bne.n	10002518 <sdio_pio_send_cmd+0x174>
100024ca:	21fa      	movs	r1, #250	@ 0xfa
100024cc:	0089      	lsls	r1, r1, #2
100024ce:	f003 f969 	bl	100057a4 <__wrap___aeabi_uidiv>
100024d2:	0004      	movs	r4, r0
100024d4:	4d1e      	ldr	r5, [pc, #120]	@ (10002550 <sdio_pio_send_cmd+0x1ac>)
100024d6:	686b      	ldr	r3, [r5, #4]
100024d8:	05db      	lsls	r3, r3, #23
100024da:	d52e      	bpl.n	1000253a <sdio_pio_send_cmd+0x196>
100024dc:	f002 fd9c 	bl	10005018 <time_us_64>
100024e0:	2900      	cmp	r1, #0
100024e2:	d020      	beq.n	10002526 <sdio_pio_send_cmd+0x182>
100024e4:	22fa      	movs	r2, #250	@ 0xfa
100024e6:	2300      	movs	r3, #0
100024e8:	0092      	lsls	r2, r2, #2
100024ea:	f003 f999 	bl	10005820 <__wrap___aeabi_uldivmod>
100024ee:	1b00      	subs	r0, r0, r4
100024f0:	2864      	cmp	r0, #100	@ 0x64
100024f2:	d9f0      	bls.n	100024d6 <sdio_pio_send_cmd+0x132>
100024f4:	9904      	ldr	r1, [sp, #16]
100024f6:	481c      	ldr	r0, [pc, #112]	@ (10002568 <sdio_pio_send_cmd+0x1c4>)
100024f8:	f005 feee 	bl	100082d8 <__wrap_printf>
100024fc:	2101      	movs	r1, #1
100024fe:	4a14      	ldr	r2, [pc, #80]	@ (10002550 <sdio_pio_send_cmd+0x1ac>)
10002500:	6813      	ldr	r3, [r2, #0]
10002502:	438b      	bics	r3, r1
10002504:	6013      	str	r3, [r2, #0]
10002506:	2700      	movs	r7, #0
10002508:	0038      	movs	r0, r7
1000250a:	b009      	add	sp, #36	@ 0x24
1000250c:	bcf0      	pop	{r4, r5, r6, r7}
1000250e:	46bb      	mov	fp, r7
10002510:	46b2      	mov	sl, r6
10002512:	46a9      	mov	r9, r5
10002514:	46a0      	mov	r8, r4
10002516:	bdf0      	pop	{r4, r5, r6, r7, pc}
10002518:	22fa      	movs	r2, #250	@ 0xfa
1000251a:	2300      	movs	r3, #0
1000251c:	0092      	lsls	r2, r2, #2
1000251e:	f003 f97f 	bl	10005820 <__wrap___aeabi_uldivmod>
10002522:	0004      	movs	r4, r0
10002524:	e7d6      	b.n	100024d4 <sdio_pio_send_cmd+0x130>
10002526:	21fa      	movs	r1, #250	@ 0xfa
10002528:	0089      	lsls	r1, r1, #2
1000252a:	f003 f93b 	bl	100057a4 <__wrap___aeabi_uidiv>
1000252e:	1b00      	subs	r0, r0, r4
10002530:	2864      	cmp	r0, #100	@ 0x64
10002532:	d8df      	bhi.n	100024f4 <sdio_pio_send_cmd+0x150>
10002534:	686b      	ldr	r3, [r5, #4]
10002536:	05db      	lsls	r3, r3, #23
10002538:	d4d0      	bmi.n	100024dc <sdio_pio_send_cmd+0x138>
1000253a:	465a      	mov	r2, fp
1000253c:	6a2b      	ldr	r3, [r5, #32]
1000253e:	2a00      	cmp	r2, #0
10002540:	d0e2      	beq.n	10002508 <sdio_pio_send_cmd+0x164>
10002542:	6013      	str	r3, [r2, #0]
10002544:	e7e0      	b.n	10002508 <sdio_pio_send_cmd+0x164>
10002546:	46c0      	nop			@ (mov r8, r8)
10002548:	2001a427 	.word	0x2001a427
1000254c:	2001a426 	.word	0x2001a426
10002550:	50200000 	.word	0x50200000
10002554:	502010d0 	.word	0x502010d0
10002558:	50202000 	.word	0x50202000
1000255c:	0000e081 	.word	0x0000e081
10002560:	0000e001 	.word	0x0000e001
10002564:	002f0027 	.word	0x002f0027
10002568:	1000b0e8 	.word	0x1000b0e8

1000256c <sdio_pio_wait_ready_ocr.constprop.0>:
1000256c:	b5f0      	push	{r4, r5, r6, r7, lr}
1000256e:	46c6      	mov	lr, r8
10002570:	2300      	movs	r3, #0
10002572:	b500      	push	{lr}
10002574:	b082      	sub	sp, #8
10002576:	4680      	mov	r8, r0
10002578:	9301      	str	r3, [sp, #4]
1000257a:	f002 fd4d 	bl	10005018 <time_us_64>
1000257e:	2900      	cmp	r1, #0
10002580:	d044      	beq.n	1000260c <sdio_pio_wait_ready_ocr.constprop.0+0xa0>
10002582:	22fa      	movs	r2, #250	@ 0xfa
10002584:	2300      	movs	r3, #0
10002586:	0092      	lsls	r2, r2, #2
10002588:	f003 f94a 	bl	10005820 <__wrap___aeabi_uldivmod>
1000258c:	0004      	movs	r4, r0
1000258e:	25fa      	movs	r5, #250	@ 0xfa
10002590:	2700      	movs	r7, #0
10002592:	006d      	lsls	r5, r5, #1
10002594:	f002 fd40 	bl	10005018 <time_us_64>
10002598:	2900      	cmp	r1, #0
1000259a:	d019      	beq.n	100025d0 <sdio_pio_wait_ready_ocr.constprop.0+0x64>
1000259c:	22fa      	movs	r2, #250	@ 0xfa
1000259e:	2300      	movs	r3, #0
100025a0:	0092      	lsls	r2, r2, #2
100025a2:	f003 f93d 	bl	10005820 <__wrap___aeabi_uldivmod>
100025a6:	1b00      	subs	r0, r0, r4
100025a8:	42a8      	cmp	r0, r5
100025aa:	d218      	bcs.n	100025de <sdio_pio_wait_ready_ocr.constprop.0+0x72>
100025ac:	21e0      	movs	r1, #224	@ 0xe0
100025ae:	2005      	movs	r0, #5
100025b0:	aa01      	add	r2, sp, #4
100025b2:	0349      	lsls	r1, r1, #13
100025b4:	f7ff fef6 	bl	100023a4 <sdio_pio_send_cmd>
100025b8:	1e06      	subs	r6, r0, #0
100025ba:	d002      	beq.n	100025c2 <sdio_pio_wait_ready_ocr.constprop.0+0x56>
100025bc:	9901      	ldr	r1, [sp, #4]
100025be:	2900      	cmp	r1, #0
100025c0:	db12      	blt.n	100025e8 <sdio_pio_wait_ready_ocr.constprop.0+0x7c>
100025c2:	201e      	movs	r0, #30
100025c4:	f002 fc12 	bl	10004dec <sleep_ms>
100025c8:	f002 fd26 	bl	10005018 <time_us_64>
100025cc:	2900      	cmp	r1, #0
100025ce:	d1e5      	bne.n	1000259c <sdio_pio_wait_ready_ocr.constprop.0+0x30>
100025d0:	21fa      	movs	r1, #250	@ 0xfa
100025d2:	0089      	lsls	r1, r1, #2
100025d4:	f003 f8e6 	bl	100057a4 <__wrap___aeabi_uidiv>
100025d8:	1b00      	subs	r0, r0, r4
100025da:	42a8      	cmp	r0, r5
100025dc:	d3e6      	bcc.n	100025ac <sdio_pio_wait_ready_ocr.constprop.0+0x40>
100025de:	2000      	movs	r0, #0
100025e0:	b002      	add	sp, #8
100025e2:	bc80      	pop	{r7}
100025e4:	46b8      	mov	r8, r7
100025e6:	bdf0      	pop	{r4, r5, r6, r7, pc}
100025e8:	22e0      	movs	r2, #224	@ 0xe0
100025ea:	020b      	lsls	r3, r1, #8
100025ec:	0a1b      	lsrs	r3, r3, #8
100025ee:	0352      	lsls	r2, r2, #13
100025f0:	4293      	cmp	r3, r2
100025f2:	d006      	beq.n	10002602 <sdio_pio_wait_ready_ocr.constprop.0+0x96>
100025f4:	2f00      	cmp	r7, #0
100025f6:	d00f      	beq.n	10002618 <sdio_pio_wait_ready_ocr.constprop.0+0xac>
100025f8:	201e      	movs	r0, #30
100025fa:	f002 fbf7 	bl	10004dec <sleep_ms>
100025fe:	0037      	movs	r7, r6
10002600:	e7c8      	b.n	10002594 <sdio_pio_wait_ready_ocr.constprop.0+0x28>
10002602:	4643      	mov	r3, r8
10002604:	2b00      	cmp	r3, #0
10002606:	d0eb      	beq.n	100025e0 <sdio_pio_wait_ready_ocr.constprop.0+0x74>
10002608:	6019      	str	r1, [r3, #0]
1000260a:	e7e9      	b.n	100025e0 <sdio_pio_wait_ready_ocr.constprop.0+0x74>
1000260c:	21fa      	movs	r1, #250	@ 0xfa
1000260e:	0089      	lsls	r1, r1, #2
10002610:	f003 f8c8 	bl	100057a4 <__wrap___aeabi_uidiv>
10002614:	0004      	movs	r4, r0
10002616:	e7ba      	b.n	1000258e <sdio_pio_wait_ready_ocr.constprop.0+0x22>
10002618:	4a02      	ldr	r2, [pc, #8]	@ (10002624 <sdio_pio_wait_ready_ocr.constprop.0+0xb8>)
1000261a:	4803      	ldr	r0, [pc, #12]	@ (10002628 <sdio_pio_wait_ready_ocr.constprop.0+0xbc>)
1000261c:	f005 fe5c 	bl	100082d8 <__wrap_printf>
10002620:	e7ea      	b.n	100025f8 <sdio_pio_wait_ready_ocr.constprop.0+0x8c>
10002622:	46c0      	nop			@ (mov r8, r8)
10002624:	801c0000 	.word	0x801c0000
10002628:	1000b100 	.word	0x1000b100

1000262c <sdio_pio_finish_init_with_rca>:
1000262c:	b5f0      	push	{r4, r5, r6, r7, lr}
1000262e:	46ce      	mov	lr, r9
10002630:	4647      	mov	r7, r8
10002632:	b580      	push	{r7, lr}
10002634:	b083      	sub	sp, #12
10002636:	4681      	mov	r9, r0
10002638:	0401      	lsls	r1, r0, #16
1000263a:	466a      	mov	r2, sp
1000263c:	2007      	movs	r0, #7
1000263e:	f7ff feb1 	bl	100023a4 <sdio_pio_send_cmd>
10002642:	2800      	cmp	r0, #0
10002644:	d100      	bne.n	10002648 <sdio_pio_finish_init_with_rca+0x1c>
10002646:	e09d      	b.n	10002784 <sdio_pio_finish_init_with_rca+0x158>
10002648:	4b51      	ldr	r3, [pc, #324]	@ (10002790 <sdio_pio_finish_init_with_rca+0x164>)
1000264a:	4a52      	ldr	r2, [pc, #328]	@ (10002794 <sdio_pio_finish_init_with_rca+0x168>)
1000264c:	601a      	str	r2, [r3, #0]
1000264e:	4b52      	ldr	r3, [pc, #328]	@ (10002798 <sdio_pio_finish_init_with_rca+0x16c>)
10002650:	781b      	ldrb	r3, [r3, #0]
10002652:	2b00      	cmp	r3, #0
10002654:	d000      	beq.n	10002658 <sdio_pio_finish_init_with_rca+0x2c>
10002656:	e08f      	b.n	10002778 <sdio_pio_finish_init_with_rca+0x14c>
10002658:	200a      	movs	r0, #10
1000265a:	26c0      	movs	r6, #192	@ 0xc0
1000265c:	f002 fbc6 	bl	10004dec <sleep_ms>
10002660:	2403      	movs	r4, #3
10002662:	2500      	movs	r5, #0
10002664:	0236      	lsls	r6, r6, #8
10002666:	2034      	movs	r0, #52	@ 0x34
10002668:	494c      	ldr	r1, [pc, #304]	@ (1000279c <sdio_pio_finish_init_with_rca+0x170>)
1000266a:	aa01      	add	r2, sp, #4
1000266c:	9501      	str	r5, [sp, #4]
1000266e:	f7ff fe99 	bl	100023a4 <sdio_pio_send_cmd>
10002672:	2800      	cmp	r0, #0
10002674:	d002      	beq.n	1000267c <sdio_pio_finish_init_with_rca+0x50>
10002676:	9b01      	ldr	r3, [sp, #4]
10002678:	4233      	tst	r3, r6
1000267a:	d002      	beq.n	10002682 <sdio_pio_finish_init_with_rca+0x56>
1000267c:	3c01      	subs	r4, #1
1000267e:	2c00      	cmp	r4, #0
10002680:	d1f1      	bne.n	10002666 <sdio_pio_finish_init_with_rca+0x3a>
10002682:	26c0      	movs	r6, #192	@ 0xc0
10002684:	2403      	movs	r4, #3
10002686:	2500      	movs	r5, #0
10002688:	0236      	lsls	r6, r6, #8
1000268a:	2034      	movs	r0, #52	@ 0x34
1000268c:	4944      	ldr	r1, [pc, #272]	@ (100027a0 <sdio_pio_finish_init_with_rca+0x174>)
1000268e:	aa01      	add	r2, sp, #4
10002690:	9501      	str	r5, [sp, #4]
10002692:	f7ff fe87 	bl	100023a4 <sdio_pio_send_cmd>
10002696:	2800      	cmp	r0, #0
10002698:	d002      	beq.n	100026a0 <sdio_pio_finish_init_with_rca+0x74>
1000269a:	9b01      	ldr	r3, [sp, #4]
1000269c:	4233      	tst	r3, r6
1000269e:	d002      	beq.n	100026a6 <sdio_pio_finish_init_with_rca+0x7a>
100026a0:	3c01      	subs	r4, #1
100026a2:	2c00      	cmp	r4, #0
100026a4:	d1f1      	bne.n	1000268a <sdio_pio_finish_init_with_rca+0x5e>
100026a6:	26c0      	movs	r6, #192	@ 0xc0
100026a8:	2403      	movs	r4, #3
100026aa:	2500      	movs	r5, #0
100026ac:	0236      	lsls	r6, r6, #8
100026ae:	2034      	movs	r0, #52	@ 0x34
100026b0:	493c      	ldr	r1, [pc, #240]	@ (100027a4 <sdio_pio_finish_init_with_rca+0x178>)
100026b2:	aa01      	add	r2, sp, #4
100026b4:	9501      	str	r5, [sp, #4]
100026b6:	f7ff fe75 	bl	100023a4 <sdio_pio_send_cmd>
100026ba:	2800      	cmp	r0, #0
100026bc:	d002      	beq.n	100026c4 <sdio_pio_finish_init_with_rca+0x98>
100026be:	9b01      	ldr	r3, [sp, #4]
100026c0:	4233      	tst	r3, r6
100026c2:	d002      	beq.n	100026ca <sdio_pio_finish_init_with_rca+0x9e>
100026c4:	3c01      	subs	r4, #1
100026c6:	2c00      	cmp	r4, #0
100026c8:	d1f1      	bne.n	100026ae <sdio_pio_finish_init_with_rca+0x82>
100026ca:	26c0      	movs	r6, #192	@ 0xc0
100026cc:	2403      	movs	r4, #3
100026ce:	2500      	movs	r5, #0
100026d0:	0236      	lsls	r6, r6, #8
100026d2:	2034      	movs	r0, #52	@ 0x34
100026d4:	4934      	ldr	r1, [pc, #208]	@ (100027a8 <sdio_pio_finish_init_with_rca+0x17c>)
100026d6:	aa01      	add	r2, sp, #4
100026d8:	9501      	str	r5, [sp, #4]
100026da:	f7ff fe63 	bl	100023a4 <sdio_pio_send_cmd>
100026de:	2800      	cmp	r0, #0
100026e0:	d002      	beq.n	100026e8 <sdio_pio_finish_init_with_rca+0xbc>
100026e2:	9b01      	ldr	r3, [sp, #4]
100026e4:	4233      	tst	r3, r6
100026e6:	d002      	beq.n	100026ee <sdio_pio_finish_init_with_rca+0xc2>
100026e8:	3c01      	subs	r4, #1
100026ea:	2c00      	cmp	r4, #0
100026ec:	d1f1      	bne.n	100026d2 <sdio_pio_finish_init_with_rca+0xa6>
100026ee:	26c0      	movs	r6, #192	@ 0xc0
100026f0:	2403      	movs	r4, #3
100026f2:	2500      	movs	r5, #0
100026f4:	0236      	lsls	r6, r6, #8
100026f6:	2034      	movs	r0, #52	@ 0x34
100026f8:	492c      	ldr	r1, [pc, #176]	@ (100027ac <sdio_pio_finish_init_with_rca+0x180>)
100026fa:	aa01      	add	r2, sp, #4
100026fc:	9501      	str	r5, [sp, #4]
100026fe:	f7ff fe51 	bl	100023a4 <sdio_pio_send_cmd>
10002702:	2800      	cmp	r0, #0
10002704:	d002      	beq.n	1000270c <sdio_pio_finish_init_with_rca+0xe0>
10002706:	9b01      	ldr	r3, [sp, #4]
10002708:	4233      	tst	r3, r6
1000270a:	d002      	beq.n	10002712 <sdio_pio_finish_init_with_rca+0xe6>
1000270c:	3c01      	subs	r4, #1
1000270e:	2c00      	cmp	r4, #0
10002710:	d1f1      	bne.n	100026f6 <sdio_pio_finish_init_with_rca+0xca>
10002712:	23c0      	movs	r3, #192	@ 0xc0
10002714:	021b      	lsls	r3, r3, #8
10002716:	2600      	movs	r6, #0
10002718:	2700      	movs	r7, #0
1000271a:	4698      	mov	r8, r3
1000271c:	2503      	movs	r5, #3
1000271e:	21c0      	movs	r1, #192	@ 0xc0
10002720:	2034      	movs	r0, #52	@ 0x34
10002722:	aa01      	add	r2, sp, #4
10002724:	00c9      	lsls	r1, r1, #3
10002726:	9701      	str	r7, [sp, #4]
10002728:	f7ff fe3c 	bl	100023a4 <sdio_pio_send_cmd>
1000272c:	1e04      	subs	r4, r0, #0
1000272e:	d003      	beq.n	10002738 <sdio_pio_finish_init_with_rca+0x10c>
10002730:	4642      	mov	r2, r8
10002732:	9b01      	ldr	r3, [sp, #4]
10002734:	4213      	tst	r3, r2
10002736:	d00d      	beq.n	10002754 <sdio_pio_finish_init_with_rca+0x128>
10002738:	3d01      	subs	r5, #1
1000273a:	2d00      	cmp	r5, #0
1000273c:	d1ef      	bne.n	1000271e <sdio_pio_finish_init_with_rca+0xf2>
1000273e:	2064      	movs	r0, #100	@ 0x64
10002740:	3601      	adds	r6, #1
10002742:	f002 fb53 	bl	10004dec <sleep_ms>
10002746:	2e64      	cmp	r6, #100	@ 0x64
10002748:	d1e8      	bne.n	1000271c <sdio_pio_finish_init_with_rca+0xf0>
1000274a:	4819      	ldr	r0, [pc, #100]	@ (100027b0 <sdio_pio_finish_init_with_rca+0x184>)
1000274c:	f005 fd40 	bl	100081d0 <__wrap_puts>
10002750:	2400      	movs	r4, #0
10002752:	e00b      	b.n	1000276c <sdio_pio_finish_init_with_rca+0x140>
10002754:	079b      	lsls	r3, r3, #30
10002756:	d5f2      	bpl.n	1000273e <sdio_pio_finish_init_with_rca+0x112>
10002758:	0031      	movs	r1, r6
1000275a:	4816      	ldr	r0, [pc, #88]	@ (100027b4 <sdio_pio_finish_init_with_rca+0x188>)
1000275c:	f005 fdbc 	bl	100082d8 <__wrap_printf>
10002760:	464a      	mov	r2, r9
10002762:	4b15      	ldr	r3, [pc, #84]	@ (100027b8 <sdio_pio_finish_init_with_rca+0x18c>)
10002764:	801a      	strh	r2, [r3, #0]
10002766:	2201      	movs	r2, #1
10002768:	4b14      	ldr	r3, [pc, #80]	@ (100027bc <sdio_pio_finish_init_with_rca+0x190>)
1000276a:	701a      	strb	r2, [r3, #0]
1000276c:	0020      	movs	r0, r4
1000276e:	b003      	add	sp, #12
10002770:	bcc0      	pop	{r6, r7}
10002772:	46b9      	mov	r9, r7
10002774:	46b0      	mov	r8, r6
10002776:	bdf0      	pop	{r4, r5, r6, r7, pc}
10002778:	21c8      	movs	r1, #200	@ 0xc8
1000277a:	23c8      	movs	r3, #200	@ 0xc8
1000277c:	4a10      	ldr	r2, [pc, #64]	@ (100027c0 <sdio_pio_finish_init_with_rca+0x194>)
1000277e:	0289      	lsls	r1, r1, #10
10002780:	50d1      	str	r1, [r2, r3]
10002782:	e769      	b.n	10002658 <sdio_pio_finish_init_with_rca+0x2c>
10002784:	480f      	ldr	r0, [pc, #60]	@ (100027c4 <sdio_pio_finish_init_with_rca+0x198>)
10002786:	f005 fd23 	bl	100081d0 <__wrap_puts>
1000278a:	2400      	movs	r4, #0
1000278c:	e7ee      	b.n	1000276c <sdio_pio_finish_init_with_rca+0x140>
1000278e:	46c0      	nop			@ (mov r8, r8)
10002790:	20000fa0 	.word	0x20000fa0
10002794:	40480000 	.word	0x40480000
10002798:	2001a427 	.word	0x2001a427
1000279c:	80000e02 	.word	0x80000e02
100027a0:	80022000 	.word	0x80022000
100027a4:	80022202 	.word	0x80022202
100027a8:	80000803 	.word	0x80000803
100027ac:	80000402 	.word	0x80000402
100027b0:	1000b17c 	.word	0x1000b17c
100027b4:	1000b15c 	.word	0x1000b15c
100027b8:	2001a41a 	.word	0x2001a41a
100027bc:	2001a420 	.word	0x2001a420
100027c0:	50200000 	.word	0x50200000
100027c4:	1000b148 	.word	0x1000b148

100027c8 <sdio_pio_cmd52_read>:
100027c8:	b5f0      	push	{r4, r5, r6, r7, lr}
100027ca:	46c6      	mov	lr, r8
100027cc:	23e0      	movs	r3, #224	@ 0xe0
100027ce:	26c0      	movs	r6, #192	@ 0xc0
100027d0:	4690      	mov	r8, r2
100027d2:	2503      	movs	r5, #3
100027d4:	2700      	movs	r7, #0
100027d6:	b500      	push	{lr}
100027d8:	05db      	lsls	r3, r3, #23
100027da:	0704      	lsls	r4, r0, #28
100027dc:	401c      	ands	r4, r3
100027de:	4b0f      	ldr	r3, [pc, #60]	@ (1000281c <sdio_pio_cmd52_read+0x54>)
100027e0:	0249      	lsls	r1, r1, #9
100027e2:	4019      	ands	r1, r3
100027e4:	b082      	sub	sp, #8
100027e6:	430c      	orrs	r4, r1
100027e8:	0236      	lsls	r6, r6, #8
100027ea:	0021      	movs	r1, r4
100027ec:	2034      	movs	r0, #52	@ 0x34
100027ee:	aa01      	add	r2, sp, #4
100027f0:	9701      	str	r7, [sp, #4]
100027f2:	f7ff fdd7 	bl	100023a4 <sdio_pio_send_cmd>
100027f6:	2800      	cmp	r0, #0
100027f8:	d002      	beq.n	10002800 <sdio_pio_cmd52_read+0x38>
100027fa:	9b01      	ldr	r3, [sp, #4]
100027fc:	4233      	tst	r3, r6
100027fe:	d007      	beq.n	10002810 <sdio_pio_cmd52_read+0x48>
10002800:	3d01      	subs	r5, #1
10002802:	2d00      	cmp	r5, #0
10002804:	d1f1      	bne.n	100027ea <sdio_pio_cmd52_read+0x22>
10002806:	2000      	movs	r0, #0
10002808:	b002      	add	sp, #8
1000280a:	bc80      	pop	{r7}
1000280c:	46b8      	mov	r8, r7
1000280e:	bdf0      	pop	{r4, r5, r6, r7, pc}
10002810:	4642      	mov	r2, r8
10002812:	2a00      	cmp	r2, #0
10002814:	d0f8      	beq.n	10002808 <sdio_pio_cmd52_read+0x40>
10002816:	7013      	strb	r3, [r2, #0]
10002818:	e7f6      	b.n	10002808 <sdio_pio_cmd52_read+0x40>
1000281a:	46c0      	nop			@ (mov r8, r8)
1000281c:	03fffe00 	.word	0x03fffe00

10002820 <sdio_pio_cmd52_write>:
10002820:	b5f0      	push	{r4, r5, r6, r7, lr}
10002822:	46c6      	mov	lr, r8
10002824:	4698      	mov	r8, r3
10002826:	23e0      	movs	r3, #224	@ 0xe0
10002828:	2680      	movs	r6, #128	@ 0x80
1000282a:	24c0      	movs	r4, #192	@ 0xc0
1000282c:	2503      	movs	r5, #3
1000282e:	2700      	movs	r7, #0
10002830:	05db      	lsls	r3, r3, #23
10002832:	b500      	push	{lr}
10002834:	0700      	lsls	r0, r0, #28
10002836:	4018      	ands	r0, r3
10002838:	4b10      	ldr	r3, [pc, #64]	@ (1000287c <sdio_pio_cmd52_write+0x5c>)
1000283a:	0249      	lsls	r1, r1, #9
1000283c:	4310      	orrs	r0, r2
1000283e:	4019      	ands	r1, r3
10002840:	4308      	orrs	r0, r1
10002842:	0636      	lsls	r6, r6, #24
10002844:	b082      	sub	sp, #8
10002846:	4306      	orrs	r6, r0
10002848:	0224      	lsls	r4, r4, #8
1000284a:	0031      	movs	r1, r6
1000284c:	2034      	movs	r0, #52	@ 0x34
1000284e:	aa01      	add	r2, sp, #4
10002850:	9701      	str	r7, [sp, #4]
10002852:	f7ff fda7 	bl	100023a4 <sdio_pio_send_cmd>
10002856:	2800      	cmp	r0, #0
10002858:	d002      	beq.n	10002860 <sdio_pio_cmd52_write+0x40>
1000285a:	9b01      	ldr	r3, [sp, #4]
1000285c:	4223      	tst	r3, r4
1000285e:	d007      	beq.n	10002870 <sdio_pio_cmd52_write+0x50>
10002860:	3d01      	subs	r5, #1
10002862:	2d00      	cmp	r5, #0
10002864:	d1f1      	bne.n	1000284a <sdio_pio_cmd52_write+0x2a>
10002866:	2000      	movs	r0, #0
10002868:	b002      	add	sp, #8
1000286a:	bc80      	pop	{r7}
1000286c:	46b8      	mov	r8, r7
1000286e:	bdf0      	pop	{r4, r5, r6, r7, pc}
10002870:	4642      	mov	r2, r8
10002872:	2a00      	cmp	r2, #0
10002874:	d0f8      	beq.n	10002868 <sdio_pio_cmd52_write+0x48>
10002876:	7013      	strb	r3, [r2, #0]
10002878:	e7f6      	b.n	10002868 <sdio_pio_cmd52_write+0x48>
1000287a:	46c0      	nop			@ (mov r8, r8)
1000287c:	03fffe00 	.word	0x03fffe00

10002880 <sdio_pio_deselect_card>:
10002880:	b510      	push	{r4, lr}
10002882:	f7ff fc95 	bl	100021b0 <sdio_pio_send_cmd_no_resp.constprop.0>
10002886:	bd10      	pop	{r4, pc}

10002888 <sdio_pio_cmd53_read_block>:
10002888:	b5f0      	push	{r4, r5, r6, r7, lr}
1000288a:	4645      	mov	r5, r8
1000288c:	46de      	mov	lr, fp
1000288e:	4657      	mov	r7, sl
10002890:	464e      	mov	r6, r9
10002892:	b5e0      	push	{r5, r6, r7, lr}
10002894:	b0a5      	sub	sp, #148	@ 0x94
10002896:	001d      	movs	r5, r3
10002898:	9312      	str	r3, [sp, #72]	@ 0x48
1000289a:	4b94      	ldr	r3, [pc, #592]	@ (10002aec <sdio_pio_cmd53_read_block+0x264>)
1000289c:	0014      	movs	r4, r2
1000289e:	781b      	ldrb	r3, [r3, #0]
100028a0:	2b00      	cmp	r3, #0
100028a2:	d109      	bne.n	100028b8 <sdio_pio_cmd53_read_block+0x30>
100028a4:	2300      	movs	r3, #0
100028a6:	469b      	mov	fp, r3
100028a8:	4658      	mov	r0, fp
100028aa:	b025      	add	sp, #148	@ 0x94
100028ac:	bcf0      	pop	{r4, r5, r6, r7}
100028ae:	46bb      	mov	fp, r7
100028b0:	46b2      	mov	sl, r6
100028b2:	46a9      	mov	r9, r5
100028b4:	46a0      	mov	r8, r4
100028b6:	bdf0      	pop	{r4, r5, r6, r7, pc}
100028b8:	2300      	movs	r3, #0
100028ba:	22e0      	movs	r2, #224	@ 0xe0
100028bc:	931f      	str	r3, [sp, #124]	@ 0x7c
100028be:	05d2      	lsls	r2, r2, #23
100028c0:	0703      	lsls	r3, r0, #28
100028c2:	4013      	ands	r3, r2
100028c4:	05ea      	lsls	r2, r5, #23
100028c6:	0dd2      	lsrs	r2, r2, #23
100028c8:	4313      	orrs	r3, r2
100028ca:	4a89      	ldr	r2, [pc, #548]	@ (10002af0 <sdio_pio_cmd53_read_block+0x268>)
100028cc:	0249      	lsls	r1, r1, #9
100028ce:	4011      	ands	r1, r2
100028d0:	430b      	orrs	r3, r1
100028d2:	2180      	movs	r1, #128	@ 0x80
100028d4:	0509      	lsls	r1, r1, #20
100028d6:	2035      	movs	r0, #53	@ 0x35
100028d8:	4319      	orrs	r1, r3
100028da:	aa1f      	add	r2, sp, #124	@ 0x7c
100028dc:	f7ff fd62 	bl	100023a4 <sdio_pio_send_cmd>
100028e0:	4683      	mov	fp, r0
100028e2:	2800      	cmp	r0, #0
100028e4:	d0de      	beq.n	100028a4 <sdio_pio_cmd53_read_block+0x1c>
100028e6:	9a1f      	ldr	r2, [sp, #124]	@ 0x7c
100028e8:	23c0      	movs	r3, #192	@ 0xc0
100028ea:	0011      	movs	r1, r2
100028ec:	021b      	lsls	r3, r3, #8
100028ee:	4019      	ands	r1, r3
100028f0:	911b      	str	r1, [sp, #108]	@ 0x6c
100028f2:	421a      	tst	r2, r3
100028f4:	d1d6      	bne.n	100028a4 <sdio_pio_cmd53_read_block+0x1c>
100028f6:	2101      	movs	r1, #1
100028f8:	4b7e      	ldr	r3, [pc, #504]	@ (10002af4 <sdio_pio_cmd53_read_block+0x26c>)
100028fa:	681a      	ldr	r2, [r3, #0]
100028fc:	438a      	bics	r2, r1
100028fe:	601a      	str	r2, [r3, #0]
10002900:	4a7d      	ldr	r2, [pc, #500]	@ (10002af8 <sdio_pio_cmd53_read_block+0x270>)
10002902:	4692      	mov	sl, r2
10002904:	7812      	ldrb	r2, [r2, #0]
10002906:	2a02      	cmp	r2, #2
10002908:	d057      	beq.n	100029ba <sdio_pio_cmd53_read_block+0x132>
1000290a:	681a      	ldr	r2, [r3, #0]
1000290c:	487b      	ldr	r0, [pc, #492]	@ (10002afc <sdio_pio_cmd53_read_block+0x274>)
1000290e:	438a      	bics	r2, r1
10002910:	601a      	str	r2, [r3, #0]
10002912:	4a7b      	ldr	r2, [pc, #492]	@ (10002b00 <sdio_pio_cmd53_read_block+0x278>)
10002914:	497b      	ldr	r1, [pc, #492]	@ (10002b04 <sdio_pio_cmd53_read_block+0x27c>)
10002916:	649a      	str	r2, [r3, #72]	@ 0x48
10002918:	4a7b      	ldr	r2, [pc, #492]	@ (10002b08 <sdio_pio_cmd53_read_block+0x280>)
1000291a:	64da      	str	r2, [r3, #76]	@ 0x4c
1000291c:	4a7b      	ldr	r2, [pc, #492]	@ (10002b0c <sdio_pio_cmd53_read_block+0x284>)
1000291e:	6519      	str	r1, [r3, #80]	@ 0x50
10002920:	655a      	str	r2, [r3, #84]	@ 0x54
10002922:	4a7b      	ldr	r2, [pc, #492]	@ (10002b10 <sdio_pio_cmd53_read_block+0x288>)
10002924:	659a      	str	r2, [r3, #88]	@ 0x58
10002926:	65d8      	str	r0, [r3, #92]	@ 0x5c
10002928:	487a      	ldr	r0, [pc, #488]	@ (10002b14 <sdio_pio_cmd53_read_block+0x28c>)
1000292a:	6618      	str	r0, [r3, #96]	@ 0x60
1000292c:	2082      	movs	r0, #130	@ 0x82
1000292e:	6658      	str	r0, [r3, #100]	@ 0x64
10002930:	6699      	str	r1, [r3, #104]	@ 0x68
10002932:	66da      	str	r2, [r3, #108]	@ 0x6c
10002934:	4a78      	ldr	r2, [pc, #480]	@ (10002b18 <sdio_pio_cmd53_read_block+0x290>)
10002936:	21ec      	movs	r1, #236	@ 0xec
10002938:	671a      	str	r2, [r3, #112]	@ 0x70
1000293a:	4a78      	ldr	r2, [pc, #480]	@ (10002b1c <sdio_pio_cmd53_read_block+0x294>)
1000293c:	0589      	lsls	r1, r1, #22
1000293e:	675a      	str	r2, [r3, #116]	@ 0x74
10002940:	4b77      	ldr	r3, [pc, #476]	@ (10002b20 <sdio_pio_cmd53_read_block+0x298>)
10002942:	6818      	ldr	r0, [r3, #0]
10002944:	23b0      	movs	r3, #176	@ 0xb0
10002946:	021b      	lsls	r3, r3, #8
10002948:	9321      	str	r3, [sp, #132]	@ 0x84
1000294a:	4b76      	ldr	r3, [pc, #472]	@ (10002b24 <sdio_pio_cmd53_read_block+0x29c>)
1000294c:	9323      	str	r3, [sp, #140]	@ 0x8c
1000294e:	2390      	movs	r3, #144	@ 0x90
10002950:	031b      	lsls	r3, r3, #12
10002952:	9322      	str	r3, [sp, #136]	@ 0x88
10002954:	f003 fd6a 	bl	1000642c <__wrap___aeabi_fadd>
10002958:	1c06      	adds	r6, r0, #0
1000295a:	f003 fdad 	bl	100064b8 <__wrap___aeabi_f2uiz>
1000295e:	b285      	uxth	r5, r0
10002960:	2300      	movs	r3, #0
10002962:	2d00      	cmp	r5, #0
10002964:	d00e      	beq.n	10002984 <sdio_pio_cmd53_read_block+0xfc>
10002966:	0028      	movs	r0, r5
10002968:	f003 fd7e 	bl	10006468 <__wrap___aeabi_ui2f>
1000296c:	1c01      	adds	r1, r0, #0
1000296e:	1c30      	adds	r0, r6, #0
10002970:	f003 fd59 	bl	10006426 <__wrap___aeabi_fsub>
10002974:	2187      	movs	r1, #135	@ 0x87
10002976:	05c9      	lsls	r1, r1, #23
10002978:	f003 fd6f 	bl	1000645a <__wrap___aeabi_fmul>
1000297c:	f003 fd9c 	bl	100064b8 <__wrap___aeabi_f2uiz>
10002980:	b2c3      	uxtb	r3, r0
10002982:	021b      	lsls	r3, r3, #8
10002984:	042d      	lsls	r5, r5, #16
10002986:	2200      	movs	r2, #0
10002988:	2100      	movs	r1, #0
1000298a:	431d      	orrs	r5, r3
1000298c:	4859      	ldr	r0, [pc, #356]	@ (10002af4 <sdio_pio_cmd53_read_block+0x26c>)
1000298e:	ab20      	add	r3, sp, #128	@ 0x80
10002990:	9520      	str	r5, [sp, #128]	@ 0x80
10002992:	f005 fe0b 	bl	100085ac <pio_sm_init>
10002996:	2300      	movs	r3, #0
10002998:	2204      	movs	r2, #4
1000299a:	2100      	movs	r1, #0
1000299c:	9300      	str	r3, [sp, #0]
1000299e:	4855      	ldr	r0, [pc, #340]	@ (10002af4 <sdio_pio_cmd53_read_block+0x26c>)
100029a0:	3304      	adds	r3, #4
100029a2:	f005 fda9 	bl	100084f8 <pio_sm_set_consecutive_pindirs>
100029a6:	2301      	movs	r3, #1
100029a8:	2202      	movs	r2, #2
100029aa:	9300      	str	r3, [sp, #0]
100029ac:	2100      	movs	r1, #0
100029ae:	4851      	ldr	r0, [pc, #324]	@ (10002af4 <sdio_pio_cmd53_read_block+0x26c>)
100029b0:	f005 fda2 	bl	100084f8 <pio_sm_set_consecutive_pindirs>
100029b4:	2302      	movs	r3, #2
100029b6:	4652      	mov	r2, sl
100029b8:	7013      	strb	r3, [r2, #0]
100029ba:	0020      	movs	r0, r4
100029bc:	f7ff f852 	bl	10001a64 <dat_read_start_block>
100029c0:	9b12      	ldr	r3, [sp, #72]	@ 0x48
100029c2:	2b00      	cmp	r3, #0
100029c4:	d100      	bne.n	100029c8 <sdio_pio_cmd53_read_block+0x140>
100029c6:	e2cc      	b.n	10002f62 <sdio_pio_cmd53_read_block+0x6da>
100029c8:	2380      	movs	r3, #128	@ 0x80
100029ca:	045b      	lsls	r3, r3, #17
100029cc:	4699      	mov	r9, r3
100029ce:	465b      	mov	r3, fp
100029d0:	931d      	str	r3, [sp, #116]	@ 0x74
100029d2:	4653      	mov	r3, sl
100029d4:	46c3      	mov	fp, r8
100029d6:	4e54      	ldr	r6, [pc, #336]	@ (10002b28 <sdio_pio_cmd53_read_block+0x2a0>)
100029d8:	9411      	str	r4, [sp, #68]	@ 0x44
100029da:	9703      	str	r7, [sp, #12]
100029dc:	931c      	str	r3, [sp, #112]	@ 0x70
100029de:	f002 fb1b 	bl	10005018 <time_us_64>
100029e2:	2900      	cmp	r1, #0
100029e4:	d07b      	beq.n	10002ade <sdio_pio_cmd53_read_block+0x256>
100029e6:	22fa      	movs	r2, #250	@ 0xfa
100029e8:	2300      	movs	r3, #0
100029ea:	0092      	lsls	r2, r2, #2
100029ec:	f002 ff18 	bl	10005820 <__wrap___aeabi_uldivmod>
100029f0:	0004      	movs	r4, r0
100029f2:	4a4e      	ldr	r2, [pc, #312]	@ (10002b2c <sdio_pio_cmd53_read_block+0x2a4>)
100029f4:	6833      	ldr	r3, [r6, #0]
100029f6:	4694      	mov	ip, r2
100029f8:	464a      	mov	r2, r9
100029fa:	019b      	lsls	r3, r3, #6
100029fc:	4463      	add	r3, ip
100029fe:	681b      	ldr	r3, [r3, #0]
10002a00:	4213      	tst	r3, r2
10002a02:	d03c      	beq.n	10002a7e <sdio_pio_cmd53_read_block+0x1f6>
10002a04:	f002 fb08 	bl	10005018 <time_us_64>
10002a08:	2900      	cmp	r1, #0
10002a0a:	d02f      	beq.n	10002a6c <sdio_pio_cmd53_read_block+0x1e4>
10002a0c:	22fa      	movs	r2, #250	@ 0xfa
10002a0e:	2300      	movs	r3, #0
10002a10:	0092      	lsls	r2, r2, #2
10002a12:	f002 ff05 	bl	10005820 <__wrap___aeabi_uldivmod>
10002a16:	4b46      	ldr	r3, [pc, #280]	@ (10002b30 <sdio_pio_cmd53_read_block+0x2a8>)
10002a18:	1b00      	subs	r0, r0, r4
10002a1a:	4298      	cmp	r0, r3
10002a1c:	d9e9      	bls.n	100029f2 <sdio_pio_cmd53_read_block+0x16a>
10002a1e:	9b1c      	ldr	r3, [sp, #112]	@ 0x70
10002a20:	6832      	ldr	r2, [r6, #0]
10002a22:	469a      	mov	sl, r3
10002a24:	2301      	movs	r3, #1
10002a26:	20a0      	movs	r0, #160	@ 0xa0
10002a28:	4093      	lsls	r3, r2
10002a2a:	4942      	ldr	r1, [pc, #264]	@ (10002b34 <sdio_pio_cmd53_read_block+0x2ac>)
10002a2c:	05c0      	lsls	r0, r0, #23
10002a2e:	5043      	str	r3, [r0, r1]
10002a30:	4b41      	ldr	r3, [pc, #260]	@ (10002b38 <sdio_pio_cmd53_read_block+0x2b0>)
10002a32:	2180      	movs	r1, #128	@ 0x80
10002a34:	469c      	mov	ip, r3
10002a36:	0192      	lsls	r2, r2, #6
10002a38:	4462      	add	r2, ip
10002a3a:	0449      	lsls	r1, r1, #17
10002a3c:	6813      	ldr	r3, [r2, #0]
10002a3e:	420b      	tst	r3, r1
10002a40:	d1fc      	bne.n	10002a3c <sdio_pio_cmd53_read_block+0x1b4>
10002a42:	2101      	movs	r1, #1
10002a44:	4a2b      	ldr	r2, [pc, #172]	@ (10002af4 <sdio_pio_cmd53_read_block+0x26c>)
10002a46:	483d      	ldr	r0, [pc, #244]	@ (10002b3c <sdio_pio_cmd53_read_block+0x2b4>)
10002a48:	6813      	ldr	r3, [r2, #0]
10002a4a:	438b      	bics	r3, r1
10002a4c:	6013      	str	r3, [r2, #0]
10002a4e:	f005 fbbf 	bl	100081d0 <__wrap_puts>
10002a52:	483b      	ldr	r0, [pc, #236]	@ (10002b40 <sdio_pio_cmd53_read_block+0x2b8>)
10002a54:	9a12      	ldr	r2, [sp, #72]	@ 0x48
10002a56:	991b      	ldr	r1, [sp, #108]	@ 0x6c
10002a58:	f005 fc3e 	bl	100082d8 <__wrap_printf>
10002a5c:	4653      	mov	r3, sl
10002a5e:	781b      	ldrb	r3, [r3, #0]
10002a60:	2b01      	cmp	r3, #1
10002a62:	d100      	bne.n	10002a66 <sdio_pio_cmd53_read_block+0x1de>
10002a64:	e71e      	b.n	100028a4 <sdio_pio_cmd53_read_block+0x1c>
10002a66:	f7ff fb0f 	bl	10002088 <load_cmd.part.0>
10002a6a:	e71b      	b.n	100028a4 <sdio_pio_cmd53_read_block+0x1c>
10002a6c:	21fa      	movs	r1, #250	@ 0xfa
10002a6e:	0089      	lsls	r1, r1, #2
10002a70:	f002 fe98 	bl	100057a4 <__wrap___aeabi_uidiv>
10002a74:	4b2e      	ldr	r3, [pc, #184]	@ (10002b30 <sdio_pio_cmd53_read_block+0x2a8>)
10002a76:	1b00      	subs	r0, r0, r4
10002a78:	4298      	cmp	r0, r3
10002a7a:	d9ba      	bls.n	100029f2 <sdio_pio_cmd53_read_block+0x16a>
10002a7c:	e7cf      	b.n	10002a1e <sdio_pio_cmd53_read_block+0x196>
10002a7e:	f002 facb 	bl	10005018 <time_us_64>
10002a82:	2900      	cmp	r1, #0
10002a84:	d100      	bne.n	10002a88 <sdio_pio_cmd53_read_block+0x200>
10002a86:	e218      	b.n	10002eba <sdio_pio_cmd53_read_block+0x632>
10002a88:	22fa      	movs	r2, #250	@ 0xfa
10002a8a:	2300      	movs	r3, #0
10002a8c:	0092      	lsls	r2, r2, #2
10002a8e:	f002 fec7 	bl	10005820 <__wrap___aeabi_uldivmod>
10002a92:	0005      	movs	r5, r0
10002a94:	4c17      	ldr	r4, [pc, #92]	@ (10002af4 <sdio_pio_cmd53_read_block+0x26c>)
10002a96:	e00c      	b.n	10002ab2 <sdio_pio_cmd53_read_block+0x22a>
10002a98:	22fa      	movs	r2, #250	@ 0xfa
10002a9a:	2300      	movs	r3, #0
10002a9c:	0092      	lsls	r2, r2, #2
10002a9e:	f002 febf 	bl	10005820 <__wrap___aeabi_uldivmod>
10002aa2:	1b40      	subs	r0, r0, r5
10002aa4:	2863      	cmp	r0, #99	@ 0x63
10002aa6:	d80f      	bhi.n	10002ac8 <sdio_pio_cmd53_read_block+0x240>
10002aa8:	23d4      	movs	r3, #212	@ 0xd4
10002aaa:	58e3      	ldr	r3, [r4, r3]
10002aac:	b2db      	uxtb	r3, r3
10002aae:	2b00      	cmp	r3, #0
10002ab0:	d04a      	beq.n	10002b48 <sdio_pio_cmd53_read_block+0x2c0>
10002ab2:	f002 fab1 	bl	10005018 <time_us_64>
10002ab6:	2900      	cmp	r1, #0
10002ab8:	d1ee      	bne.n	10002a98 <sdio_pio_cmd53_read_block+0x210>
10002aba:	21fa      	movs	r1, #250	@ 0xfa
10002abc:	0089      	lsls	r1, r1, #2
10002abe:	f002 fe71 	bl	100057a4 <__wrap___aeabi_uidiv>
10002ac2:	1b40      	subs	r0, r0, r5
10002ac4:	2863      	cmp	r0, #99	@ 0x63
10002ac6:	d9ef      	bls.n	10002aa8 <sdio_pio_cmd53_read_block+0x220>
10002ac8:	2101      	movs	r1, #1
10002aca:	9b1c      	ldr	r3, [sp, #112]	@ 0x70
10002acc:	4a09      	ldr	r2, [pc, #36]	@ (10002af4 <sdio_pio_cmd53_read_block+0x26c>)
10002ace:	469a      	mov	sl, r3
10002ad0:	6813      	ldr	r3, [r2, #0]
10002ad2:	481c      	ldr	r0, [pc, #112]	@ (10002b44 <sdio_pio_cmd53_read_block+0x2bc>)
10002ad4:	438b      	bics	r3, r1
10002ad6:	6013      	str	r3, [r2, #0]
10002ad8:	f005 fb7a 	bl	100081d0 <__wrap_puts>
10002adc:	e7b9      	b.n	10002a52 <sdio_pio_cmd53_read_block+0x1ca>
10002ade:	21fa      	movs	r1, #250	@ 0xfa
10002ae0:	0089      	lsls	r1, r1, #2
10002ae2:	f002 fe5f 	bl	100057a4 <__wrap___aeabi_uidiv>
10002ae6:	0004      	movs	r4, r0
10002ae8:	e783      	b.n	100029f2 <sdio_pio_cmd53_read_block+0x16a>
10002aea:	46c0      	nop			@ (mov r8, r8)
10002aec:	2001a427 	.word	0x2001a427
10002af0:	03fffe00 	.word	0x03fffe00
10002af4:	50200000 	.word	0x50200000
10002af8:	2001a426 	.word	0x2001a426
10002afc:	0000a046 	.word	0x0000a046
10002b00:	000080a0 	.word	0x000080a0
10002b04:	0000a142 	.word	0x0000a142
10002b08:	0000a027 	.word	0x0000a027
10002b0c:	0000b042 	.word	0x0000b042
10002b10:	00005004 	.word	0x00005004
10002b14:	0000a0c3 	.word	0x0000a0c3
10002b18:	00001048 	.word	0x00001048
10002b1c:	00008020 	.word	0x00008020
10002b20:	20000fa0 	.word	0x20000fa0
10002b24:	20020800 	.word	0x20020800
10002b28:	20000fa4 	.word	0x20000fa4
10002b2c:	50000010 	.word	0x50000010
10002b30:	00001388 	.word	0x00001388
10002b34:	00000444 	.word	0x00000444
10002b38:	5000000c 	.word	0x5000000c
10002b3c:	1000b194 	.word	0x1000b194
10002b40:	1000b1d8 	.word	0x1000b1d8
10002b44:	1000b22c 	.word	0x1000b22c
10002b48:	2201      	movs	r2, #1
10002b4a:	6823      	ldr	r3, [r4, #0]
10002b4c:	4393      	bics	r3, r2
10002b4e:	6023      	str	r3, [r4, #0]
10002b50:	2380      	movs	r3, #128	@ 0x80
10002b52:	6862      	ldr	r2, [r4, #4]
10002b54:	005b      	lsls	r3, r3, #1
10002b56:	421a      	tst	r2, r3
10002b58:	d000      	beq.n	10002b5c <sdio_pio_cmd53_read_block+0x2d4>
10002b5a:	e205      	b.n	10002f68 <sdio_pio_cmd53_read_block+0x6e0>
10002b5c:	6a22      	ldr	r2, [r4, #32]
10002b5e:	4693      	mov	fp, r2
10002b60:	6862      	ldr	r2, [r4, #4]
10002b62:	421a      	tst	r2, r3
10002b64:	d000      	beq.n	10002b68 <sdio_pio_cmd53_read_block+0x2e0>
10002b66:	e20a      	b.n	10002f7e <sdio_pio_cmd53_read_block+0x6f6>
10002b68:	6a22      	ldr	r2, [r4, #32]
10002b6a:	9203      	str	r2, [sp, #12]
10002b6c:	6862      	ldr	r2, [r4, #4]
10002b6e:	421a      	tst	r2, r3
10002b70:	d000      	beq.n	10002b74 <sdio_pio_cmd53_read_block+0x2ec>
10002b72:	e1fe      	b.n	10002f72 <sdio_pio_cmd53_read_block+0x6ea>
10002b74:	6a22      	ldr	r2, [r4, #32]
10002b76:	6862      	ldr	r2, [r4, #4]
10002b78:	6862      	ldr	r2, [r4, #4]
10002b7a:	421a      	tst	r2, r3
10002b7c:	d10a      	bne.n	10002b94 <sdio_pio_cmd53_read_block+0x30c>
10002b7e:	2103      	movs	r1, #3
10002b80:	2080      	movs	r0, #128	@ 0x80
10002b82:	4bee      	ldr	r3, [pc, #952]	@ (10002f3c <sdio_pio_cmd53_read_block+0x6b4>)
10002b84:	0040      	lsls	r0, r0, #1
10002b86:	6a1a      	ldr	r2, [r3, #32]
10002b88:	685a      	ldr	r2, [r3, #4]
10002b8a:	4202      	tst	r2, r0
10002b8c:	d0fb      	beq.n	10002b86 <sdio_pio_cmd53_read_block+0x2fe>
10002b8e:	2901      	cmp	r1, #1
10002b90:	dc00      	bgt.n	10002b94 <sdio_pio_cmd53_read_block+0x30c>
10002b92:	e198      	b.n	10002ec6 <sdio_pio_cmd53_read_block+0x63e>
10002b94:	9b1b      	ldr	r3, [sp, #108]	@ 0x6c
10002b96:	9a12      	ldr	r2, [sp, #72]	@ 0x48
10002b98:	3301      	adds	r3, #1
10002b9a:	9317      	str	r3, [sp, #92]	@ 0x5c
10002b9c:	429a      	cmp	r2, r3
10002b9e:	dd00      	ble.n	10002ba2 <sdio_pio_cmd53_read_block+0x31a>
10002ba0:	e183      	b.n	10002eaa <sdio_pio_cmd53_read_block+0x622>
10002ba2:	9811      	ldr	r0, [sp, #68]	@ 0x44
10002ba4:	a920      	add	r1, sp, #128	@ 0x80
10002ba6:	f7fe ffa3 	bl	10001af0 <crc16_all_lines.constprop.0>
10002baa:	465b      	mov	r3, fp
10002bac:	0f1b      	lsrs	r3, r3, #28
10002bae:	9305      	str	r3, [sp, #20]
10002bb0:	230f      	movs	r3, #15
10002bb2:	465a      	mov	r2, fp
10002bb4:	0018      	movs	r0, r3
10002bb6:	465f      	mov	r7, fp
10002bb8:	4659      	mov	r1, fp
10002bba:	0e12      	lsrs	r2, r2, #24
10002bbc:	465d      	mov	r5, fp
10002bbe:	4010      	ands	r0, r2
10002bc0:	900a      	str	r0, [sp, #40]	@ 0x28
10002bc2:	4658      	mov	r0, fp
10002bc4:	465c      	mov	r4, fp
10002bc6:	0b3f      	lsrs	r7, r7, #12
10002bc8:	46bc      	mov	ip, r7
10002bca:	401f      	ands	r7, r3
10002bcc:	0c2d      	lsrs	r5, r5, #16
10002bce:	970d      	str	r7, [sp, #52]	@ 0x34
10002bd0:	0a0f      	lsrs	r7, r1, #8
10002bd2:	46a8      	mov	r8, r5
10002bd4:	0039      	movs	r1, r7
10002bd6:	401d      	ands	r5, r3
10002bd8:	950c      	str	r5, [sp, #48]	@ 0x30
10002bda:	0905      	lsrs	r5, r0, #4
10002bdc:	0028      	movs	r0, r5
10002bde:	0d24      	lsrs	r4, r4, #20
10002be0:	46a2      	mov	sl, r4
10002be2:	401c      	ands	r4, r3
10002be4:	940b      	str	r4, [sp, #44]	@ 0x2c
10002be6:	001c      	movs	r4, r3
10002be8:	4019      	ands	r1, r3
10002bea:	910e      	str	r1, [sp, #56]	@ 0x38
10002bec:	9903      	ldr	r1, [sp, #12]
10002bee:	4018      	ands	r0, r3
10002bf0:	900f      	str	r0, [sp, #60]	@ 0x3c
10002bf2:	0f08      	lsrs	r0, r1, #28
10002bf4:	9004      	str	r0, [sp, #16]
10002bf6:	0e08      	lsrs	r0, r1, #24
10002bf8:	9013      	str	r0, [sp, #76]	@ 0x4c
10002bfa:	4004      	ands	r4, r0
10002bfc:	0d08      	lsrs	r0, r1, #20
10002bfe:	9406      	str	r4, [sp, #24]
10002c00:	0004      	movs	r4, r0
10002c02:	0c09      	lsrs	r1, r1, #16
10002c04:	401c      	ands	r4, r3
10002c06:	9407      	str	r4, [sp, #28]
10002c08:	000c      	movs	r4, r1
10002c0a:	401c      	ands	r4, r3
10002c0c:	9408      	str	r4, [sp, #32]
10002c0e:	9c03      	ldr	r4, [sp, #12]
10002c10:	0b24      	lsrs	r4, r4, #12
10002c12:	9414      	str	r4, [sp, #80]	@ 0x50
10002c14:	401c      	ands	r4, r3
10002c16:	9418      	str	r4, [sp, #96]	@ 0x60
10002c18:	9c03      	ldr	r4, [sp, #12]
10002c1a:	0a24      	lsrs	r4, r4, #8
10002c1c:	9415      	str	r4, [sp, #84]	@ 0x54
10002c1e:	401c      	ands	r4, r3
10002c20:	9419      	str	r4, [sp, #100]	@ 0x64
10002c22:	9c03      	ldr	r4, [sp, #12]
10002c24:	0924      	lsrs	r4, r4, #4
10002c26:	9416      	str	r4, [sp, #88]	@ 0x58
10002c28:	401c      	ands	r4, r3
10002c2a:	9409      	str	r4, [sp, #36]	@ 0x24
10002c2c:	465c      	mov	r4, fp
10002c2e:	401c      	ands	r4, r3
10002c30:	9410      	str	r4, [sp, #64]	@ 0x40
10002c32:	9c03      	ldr	r4, [sp, #12]
10002c34:	401c      	ands	r4, r3
10002c36:	941a      	str	r4, [sp, #104]	@ 0x68
10002c38:	2402      	movs	r4, #2
10002c3a:	9b05      	ldr	r3, [sp, #20]
10002c3c:	005b      	lsls	r3, r3, #1
10002c3e:	401c      	ands	r4, r3
10002c40:	2301      	movs	r3, #1
10002c42:	401a      	ands	r2, r3
10002c44:	4322      	orrs	r2, r4
10002c46:	4654      	mov	r4, sl
10002c48:	0052      	lsls	r2, r2, #1
10002c4a:	401c      	ands	r4, r3
10002c4c:	4322      	orrs	r2, r4
10002c4e:	4644      	mov	r4, r8
10002c50:	0052      	lsls	r2, r2, #1
10002c52:	401c      	ands	r4, r3
10002c54:	4322      	orrs	r2, r4
10002c56:	4664      	mov	r4, ip
10002c58:	0052      	lsls	r2, r2, #1
10002c5a:	401c      	ands	r4, r3
10002c5c:	4322      	orrs	r2, r4
10002c5e:	0052      	lsls	r2, r2, #1
10002c60:	401f      	ands	r7, r3
10002c62:	4317      	orrs	r7, r2
10002c64:	465a      	mov	r2, fp
10002c66:	007f      	lsls	r7, r7, #1
10002c68:	401d      	ands	r5, r3
10002c6a:	433d      	orrs	r5, r7
10002c6c:	9f04      	ldr	r7, [sp, #16]
10002c6e:	006d      	lsls	r5, r5, #1
10002c70:	401a      	ands	r2, r3
10002c72:	432a      	orrs	r2, r5
10002c74:	003d      	movs	r5, r7
10002c76:	9c13      	ldr	r4, [sp, #76]	@ 0x4c
10002c78:	0052      	lsls	r2, r2, #1
10002c7a:	401d      	ands	r5, r3
10002c7c:	432a      	orrs	r2, r5
10002c7e:	0052      	lsls	r2, r2, #1
10002c80:	401c      	ands	r4, r3
10002c82:	4314      	orrs	r4, r2
10002c84:	0064      	lsls	r4, r4, #1
10002c86:	4018      	ands	r0, r3
10002c88:	4320      	orrs	r0, r4
10002c8a:	9a14      	ldr	r2, [sp, #80]	@ 0x50
10002c8c:	0040      	lsls	r0, r0, #1
10002c8e:	4019      	ands	r1, r3
10002c90:	4301      	orrs	r1, r0
10002c92:	0049      	lsls	r1, r1, #1
10002c94:	401a      	ands	r2, r3
10002c96:	430a      	orrs	r2, r1
10002c98:	9915      	ldr	r1, [sp, #84]	@ 0x54
10002c9a:	0052      	lsls	r2, r2, #1
10002c9c:	4019      	ands	r1, r3
10002c9e:	4311      	orrs	r1, r2
10002ca0:	9a16      	ldr	r2, [sp, #88]	@ 0x58
10002ca2:	9c03      	ldr	r4, [sp, #12]
10002ca4:	0049      	lsls	r1, r1, #1
10002ca6:	401a      	ands	r2, r3
10002ca8:	430a      	orrs	r2, r1
10002caa:	0052      	lsls	r2, r2, #1
10002cac:	401c      	ands	r4, r3
10002cae:	4314      	orrs	r4, r2
10002cb0:	aa1c      	add	r2, sp, #112	@ 0x70
10002cb2:	8a12      	ldrh	r2, [r2, #16]
10002cb4:	b2a4      	uxth	r4, r4
10002cb6:	4294      	cmp	r4, r2
10002cb8:	d000      	beq.n	10002cbc <sdio_pio_cmd53_read_block+0x434>
10002cba:	e10a      	b.n	10002ed2 <sdio_pio_cmd53_read_block+0x64a>
10002cbc:	2002      	movs	r0, #2
10002cbe:	990a      	ldr	r1, [sp, #40]	@ 0x28
10002cc0:	9d0c      	ldr	r5, [sp, #48]	@ 0x30
10002cc2:	104a      	asrs	r2, r1, #1
10002cc4:	9905      	ldr	r1, [sp, #20]
10002cc6:	401a      	ands	r2, r3
10002cc8:	4001      	ands	r1, r0
10002cca:	000c      	movs	r4, r1
10002ccc:	4314      	orrs	r4, r2
10002cce:	9a0b      	ldr	r2, [sp, #44]	@ 0x2c
10002cd0:	0064      	lsls	r4, r4, #1
10002cd2:	1052      	asrs	r2, r2, #1
10002cd4:	401a      	ands	r2, r3
10002cd6:	980d      	ldr	r0, [sp, #52]	@ 0x34
10002cd8:	4314      	orrs	r4, r2
10002cda:	106a      	asrs	r2, r5, #1
10002cdc:	401a      	ands	r2, r3
10002cde:	0064      	lsls	r4, r4, #1
10002ce0:	4314      	orrs	r4, r2
10002ce2:	990e      	ldr	r1, [sp, #56]	@ 0x38
10002ce4:	1042      	asrs	r2, r0, #1
10002ce6:	401a      	ands	r2, r3
10002ce8:	0064      	lsls	r4, r4, #1
10002cea:	980f      	ldr	r0, [sp, #60]	@ 0x3c
10002cec:	4314      	orrs	r4, r2
10002cee:	104a      	asrs	r2, r1, #1
10002cf0:	401a      	ands	r2, r3
10002cf2:	0064      	lsls	r4, r4, #1
10002cf4:	4314      	orrs	r4, r2
10002cf6:	1042      	asrs	r2, r0, #1
10002cf8:	401a      	ands	r2, r3
10002cfa:	0064      	lsls	r4, r4, #1
10002cfc:	4314      	orrs	r4, r2
10002cfe:	9a10      	ldr	r2, [sp, #64]	@ 0x40
10002d00:	0064      	lsls	r4, r4, #1
10002d02:	1052      	asrs	r2, r2, #1
10002d04:	401a      	ands	r2, r3
10002d06:	4314      	orrs	r4, r2
10002d08:	107a      	asrs	r2, r7, #1
10002d0a:	401a      	ands	r2, r3
10002d0c:	0064      	lsls	r4, r4, #1
10002d0e:	4314      	orrs	r4, r2
10002d10:	9a06      	ldr	r2, [sp, #24]
10002d12:	9f07      	ldr	r7, [sp, #28]
10002d14:	1052      	asrs	r2, r2, #1
10002d16:	401a      	ands	r2, r3
10002d18:	0064      	lsls	r4, r4, #1
10002d1a:	9d08      	ldr	r5, [sp, #32]
10002d1c:	4314      	orrs	r4, r2
10002d1e:	107a      	asrs	r2, r7, #1
10002d20:	401a      	ands	r2, r3
10002d22:	0064      	lsls	r4, r4, #1
10002d24:	4314      	orrs	r4, r2
10002d26:	106a      	asrs	r2, r5, #1
10002d28:	9d18      	ldr	r5, [sp, #96]	@ 0x60
10002d2a:	401a      	ands	r2, r3
10002d2c:	0064      	lsls	r4, r4, #1
10002d2e:	4314      	orrs	r4, r2
10002d30:	9f19      	ldr	r7, [sp, #100]	@ 0x64
10002d32:	106a      	asrs	r2, r5, #1
10002d34:	401a      	ands	r2, r3
10002d36:	0064      	lsls	r4, r4, #1
10002d38:	4314      	orrs	r4, r2
10002d3a:	107a      	asrs	r2, r7, #1
10002d3c:	401a      	ands	r2, r3
10002d3e:	0064      	lsls	r4, r4, #1
10002d40:	4314      	orrs	r4, r2
10002d42:	9a09      	ldr	r2, [sp, #36]	@ 0x24
10002d44:	981a      	ldr	r0, [sp, #104]	@ 0x68
10002d46:	1052      	asrs	r2, r2, #1
10002d48:	401a      	ands	r2, r3
10002d4a:	0064      	lsls	r4, r4, #1
10002d4c:	4314      	orrs	r4, r2
10002d4e:	1042      	asrs	r2, r0, #1
10002d50:	401a      	ands	r2, r3
10002d52:	0064      	lsls	r4, r4, #1
10002d54:	4314      	orrs	r4, r2
10002d56:	aa1c      	add	r2, sp, #112	@ 0x70
10002d58:	8a52      	ldrh	r2, [r2, #18]
10002d5a:	b2a4      	uxth	r4, r4
10002d5c:	4294      	cmp	r4, r2
10002d5e:	d000      	beq.n	10002d62 <sdio_pio_cmd53_read_block+0x4da>
10002d60:	e0df      	b.n	10002f22 <sdio_pio_cmd53_read_block+0x69a>
10002d62:	2102      	movs	r1, #2
10002d64:	9c05      	ldr	r4, [sp, #20]
10002d66:	0862      	lsrs	r2, r4, #1
10002d68:	9c0a      	ldr	r4, [sp, #40]	@ 0x28
10002d6a:	400a      	ands	r2, r1
10002d6c:	10a1      	asrs	r1, r4, #2
10002d6e:	9c0b      	ldr	r4, [sp, #44]	@ 0x2c
10002d70:	4019      	ands	r1, r3
10002d72:	430a      	orrs	r2, r1
10002d74:	10a1      	asrs	r1, r4, #2
10002d76:	9c0c      	ldr	r4, [sp, #48]	@ 0x30
10002d78:	4019      	ands	r1, r3
10002d7a:	0052      	lsls	r2, r2, #1
10002d7c:	430a      	orrs	r2, r1
10002d7e:	10a1      	asrs	r1, r4, #2
10002d80:	9c0d      	ldr	r4, [sp, #52]	@ 0x34
10002d82:	4019      	ands	r1, r3
10002d84:	0052      	lsls	r2, r2, #1
10002d86:	430a      	orrs	r2, r1
10002d88:	10a1      	asrs	r1, r4, #2
10002d8a:	9c0e      	ldr	r4, [sp, #56]	@ 0x38
10002d8c:	4019      	ands	r1, r3
10002d8e:	0052      	lsls	r2, r2, #1
10002d90:	430a      	orrs	r2, r1
10002d92:	10a1      	asrs	r1, r4, #2
10002d94:	9c0f      	ldr	r4, [sp, #60]	@ 0x3c
10002d96:	4019      	ands	r1, r3
10002d98:	0052      	lsls	r2, r2, #1
10002d9a:	430a      	orrs	r2, r1
10002d9c:	10a1      	asrs	r1, r4, #2
10002d9e:	9c10      	ldr	r4, [sp, #64]	@ 0x40
10002da0:	4019      	ands	r1, r3
10002da2:	0052      	lsls	r2, r2, #1
10002da4:	430a      	orrs	r2, r1
10002da6:	10a1      	asrs	r1, r4, #2
10002da8:	4019      	ands	r1, r3
10002daa:	0052      	lsls	r2, r2, #1
10002dac:	430a      	orrs	r2, r1
10002dae:	9904      	ldr	r1, [sp, #16]
10002db0:	0052      	lsls	r2, r2, #1
10002db2:	1089      	asrs	r1, r1, #2
10002db4:	4019      	ands	r1, r3
10002db6:	430a      	orrs	r2, r1
10002db8:	9906      	ldr	r1, [sp, #24]
10002dba:	0052      	lsls	r2, r2, #1
10002dbc:	1089      	asrs	r1, r1, #2
10002dbe:	4019      	ands	r1, r3
10002dc0:	430a      	orrs	r2, r1
10002dc2:	9907      	ldr	r1, [sp, #28]
10002dc4:	0052      	lsls	r2, r2, #1
10002dc6:	1089      	asrs	r1, r1, #2
10002dc8:	4019      	ands	r1, r3
10002dca:	430a      	orrs	r2, r1
10002dcc:	9908      	ldr	r1, [sp, #32]
10002dce:	0052      	lsls	r2, r2, #1
10002dd0:	1089      	asrs	r1, r1, #2
10002dd2:	4019      	ands	r1, r3
10002dd4:	430a      	orrs	r2, r1
10002dd6:	10a9      	asrs	r1, r5, #2
10002dd8:	4019      	ands	r1, r3
10002dda:	0052      	lsls	r2, r2, #1
10002ddc:	430a      	orrs	r2, r1
10002dde:	10bc      	asrs	r4, r7, #2
10002de0:	0052      	lsls	r2, r2, #1
10002de2:	401c      	ands	r4, r3
10002de4:	4314      	orrs	r4, r2
10002de6:	9a09      	ldr	r2, [sp, #36]	@ 0x24
10002de8:	0064      	lsls	r4, r4, #1
10002dea:	1092      	asrs	r2, r2, #2
10002dec:	401a      	ands	r2, r3
10002dee:	4314      	orrs	r4, r2
10002df0:	1082      	asrs	r2, r0, #2
10002df2:	4013      	ands	r3, r2
10002df4:	0064      	lsls	r4, r4, #1
10002df6:	431c      	orrs	r4, r3
10002df8:	ab1c      	add	r3, sp, #112	@ 0x70
10002dfa:	8a9a      	ldrh	r2, [r3, #20]
10002dfc:	b2a4      	uxth	r4, r4
10002dfe:	42a2      	cmp	r2, r4
10002e00:	d000      	beq.n	10002e04 <sdio_pio_cmd53_read_block+0x57c>
10002e02:	e092      	b.n	10002f2a <sdio_pio_cmd53_read_block+0x6a2>
10002e04:	9b05      	ldr	r3, [sp, #20]
10002e06:	9a0a      	ldr	r2, [sp, #40]	@ 0x28
10002e08:	10db      	asrs	r3, r3, #3
10002e0a:	10d2      	asrs	r2, r2, #3
10002e0c:	005b      	lsls	r3, r3, #1
10002e0e:	4313      	orrs	r3, r2
10002e10:	9a0b      	ldr	r2, [sp, #44]	@ 0x2c
10002e12:	005b      	lsls	r3, r3, #1
10002e14:	10d2      	asrs	r2, r2, #3
10002e16:	4313      	orrs	r3, r2
10002e18:	9a0c      	ldr	r2, [sp, #48]	@ 0x30
10002e1a:	005b      	lsls	r3, r3, #1
10002e1c:	10d2      	asrs	r2, r2, #3
10002e1e:	4313      	orrs	r3, r2
10002e20:	9a0d      	ldr	r2, [sp, #52]	@ 0x34
10002e22:	005b      	lsls	r3, r3, #1
10002e24:	10d2      	asrs	r2, r2, #3
10002e26:	4313      	orrs	r3, r2
10002e28:	9a0e      	ldr	r2, [sp, #56]	@ 0x38
10002e2a:	005b      	lsls	r3, r3, #1
10002e2c:	10d2      	asrs	r2, r2, #3
10002e2e:	4313      	orrs	r3, r2
10002e30:	9a0f      	ldr	r2, [sp, #60]	@ 0x3c
10002e32:	005b      	lsls	r3, r3, #1
10002e34:	10d2      	asrs	r2, r2, #3
10002e36:	4313      	orrs	r3, r2
10002e38:	9a10      	ldr	r2, [sp, #64]	@ 0x40
10002e3a:	005b      	lsls	r3, r3, #1
10002e3c:	10d2      	asrs	r2, r2, #3
10002e3e:	4313      	orrs	r3, r2
10002e40:	9a04      	ldr	r2, [sp, #16]
10002e42:	005b      	lsls	r3, r3, #1
10002e44:	10d2      	asrs	r2, r2, #3
10002e46:	4313      	orrs	r3, r2
10002e48:	9a06      	ldr	r2, [sp, #24]
10002e4a:	005b      	lsls	r3, r3, #1
10002e4c:	10d2      	asrs	r2, r2, #3
10002e4e:	4313      	orrs	r3, r2
10002e50:	9a07      	ldr	r2, [sp, #28]
10002e52:	005b      	lsls	r3, r3, #1
10002e54:	10d2      	asrs	r2, r2, #3
10002e56:	4313      	orrs	r3, r2
10002e58:	9a08      	ldr	r2, [sp, #32]
10002e5a:	005b      	lsls	r3, r3, #1
10002e5c:	10d2      	asrs	r2, r2, #3
10002e5e:	4313      	orrs	r3, r2
10002e60:	9a18      	ldr	r2, [sp, #96]	@ 0x60
10002e62:	005b      	lsls	r3, r3, #1
10002e64:	10d2      	asrs	r2, r2, #3
10002e66:	4313      	orrs	r3, r2
10002e68:	9a19      	ldr	r2, [sp, #100]	@ 0x64
10002e6a:	005b      	lsls	r3, r3, #1
10002e6c:	10d2      	asrs	r2, r2, #3
10002e6e:	4313      	orrs	r3, r2
10002e70:	9a09      	ldr	r2, [sp, #36]	@ 0x24
10002e72:	005b      	lsls	r3, r3, #1
10002e74:	10d2      	asrs	r2, r2, #3
10002e76:	4313      	orrs	r3, r2
10002e78:	9a1a      	ldr	r2, [sp, #104]	@ 0x68
10002e7a:	005b      	lsls	r3, r3, #1
10002e7c:	10d4      	asrs	r4, r2, #3
10002e7e:	431c      	orrs	r4, r3
10002e80:	ab1c      	add	r3, sp, #112	@ 0x70
10002e82:	8ada      	ldrh	r2, [r3, #22]
10002e84:	42a2      	cmp	r2, r4
10002e86:	d154      	bne.n	10002f32 <sdio_pio_cmd53_read_block+0x6aa>
10002e88:	2280      	movs	r2, #128	@ 0x80
10002e8a:	0092      	lsls	r2, r2, #2
10002e8c:	4694      	mov	ip, r2
10002e8e:	9b11      	ldr	r3, [sp, #68]	@ 0x44
10002e90:	3aa5      	subs	r2, #165	@ 0xa5
10002e92:	4463      	add	r3, ip
10002e94:	9311      	str	r3, [sp, #68]	@ 0x44
10002e96:	466b      	mov	r3, sp
10002e98:	3aff      	subs	r2, #255	@ 0xff
10002e9a:	189b      	adds	r3, r3, r2
10002e9c:	881b      	ldrh	r3, [r3, #0]
10002e9e:	9a12      	ldr	r2, [sp, #72]	@ 0x48
10002ea0:	429a      	cmp	r2, r3
10002ea2:	d957      	bls.n	10002f54 <sdio_pio_cmd53_read_block+0x6cc>
10002ea4:	9b17      	ldr	r3, [sp, #92]	@ 0x5c
10002ea6:	931b      	str	r3, [sp, #108]	@ 0x6c
10002ea8:	e599      	b.n	100029de <sdio_pio_cmd53_read_block+0x156>
10002eaa:	2380      	movs	r3, #128	@ 0x80
10002eac:	009b      	lsls	r3, r3, #2
10002eae:	469c      	mov	ip, r3
10002eb0:	9811      	ldr	r0, [sp, #68]	@ 0x44
10002eb2:	4460      	add	r0, ip
10002eb4:	f7fe fdd6 	bl	10001a64 <dat_read_start_block>
10002eb8:	e673      	b.n	10002ba2 <sdio_pio_cmd53_read_block+0x31a>
10002eba:	21fa      	movs	r1, #250	@ 0xfa
10002ebc:	0089      	lsls	r1, r1, #2
10002ebe:	f002 fc71 	bl	100057a4 <__wrap___aeabi_uidiv>
10002ec2:	0005      	movs	r5, r0
10002ec4:	e5e6      	b.n	10002a94 <sdio_pio_cmd53_read_block+0x20c>
10002ec6:	9b1c      	ldr	r3, [sp, #112]	@ 0x70
10002ec8:	469a      	mov	sl, r3
10002eca:	481d      	ldr	r0, [pc, #116]	@ (10002f40 <sdio_pio_cmd53_read_block+0x6b8>)
10002ecc:	f005 fa04 	bl	100082d8 <__wrap_printf>
10002ed0:	e5bf      	b.n	10002a52 <sdio_pio_cmd53_read_block+0x1ca>
10002ed2:	9b1c      	ldr	r3, [sp, #112]	@ 0x70
10002ed4:	2100      	movs	r1, #0
10002ed6:	469a      	mov	sl, r3
10002ed8:	0013      	movs	r3, r2
10002eda:	481a      	ldr	r0, [pc, #104]	@ (10002f44 <sdio_pio_cmd53_read_block+0x6bc>)
10002edc:	0022      	movs	r2, r4
10002ede:	f005 f9fb 	bl	100082d8 <__wrap_printf>
10002ee2:	9a12      	ldr	r2, [sp, #72]	@ 0x48
10002ee4:	991b      	ldr	r1, [sp, #108]	@ 0x6c
10002ee6:	4818      	ldr	r0, [pc, #96]	@ (10002f48 <sdio_pio_cmd53_read_block+0x6c0>)
10002ee8:	f005 f9f6 	bl	100082d8 <__wrap_printf>
10002eec:	2201      	movs	r2, #1
10002eee:	6833      	ldr	r3, [r6, #0]
10002ef0:	20a0      	movs	r0, #160	@ 0xa0
10002ef2:	409a      	lsls	r2, r3
10002ef4:	4915      	ldr	r1, [pc, #84]	@ (10002f4c <sdio_pio_cmd53_read_block+0x6c4>)
10002ef6:	05c0      	lsls	r0, r0, #23
10002ef8:	5042      	str	r2, [r0, r1]
10002efa:	4a15      	ldr	r2, [pc, #84]	@ (10002f50 <sdio_pio_cmd53_read_block+0x6c8>)
10002efc:	2180      	movs	r1, #128	@ 0x80
10002efe:	4694      	mov	ip, r2
10002f00:	019b      	lsls	r3, r3, #6
10002f02:	4463      	add	r3, ip
10002f04:	0449      	lsls	r1, r1, #17
10002f06:	681a      	ldr	r2, [r3, #0]
10002f08:	420a      	tst	r2, r1
10002f0a:	d1fc      	bne.n	10002f06 <sdio_pio_cmd53_read_block+0x67e>
10002f0c:	2101      	movs	r1, #1
10002f0e:	4a0b      	ldr	r2, [pc, #44]	@ (10002f3c <sdio_pio_cmd53_read_block+0x6b4>)
10002f10:	6813      	ldr	r3, [r2, #0]
10002f12:	438b      	bics	r3, r1
10002f14:	6013      	str	r3, [r2, #0]
10002f16:	4653      	mov	r3, sl
10002f18:	781b      	ldrb	r3, [r3, #0]
10002f1a:	2b01      	cmp	r3, #1
10002f1c:	d000      	beq.n	10002f20 <sdio_pio_cmd53_read_block+0x698>
10002f1e:	e5a2      	b.n	10002a66 <sdio_pio_cmd53_read_block+0x1de>
10002f20:	e4c0      	b.n	100028a4 <sdio_pio_cmd53_read_block+0x1c>
10002f22:	9b1c      	ldr	r3, [sp, #112]	@ 0x70
10002f24:	2101      	movs	r1, #1
10002f26:	469a      	mov	sl, r3
10002f28:	e7d6      	b.n	10002ed8 <sdio_pio_cmd53_read_block+0x650>
10002f2a:	9b1c      	ldr	r3, [sp, #112]	@ 0x70
10002f2c:	2102      	movs	r1, #2
10002f2e:	469a      	mov	sl, r3
10002f30:	e7d2      	b.n	10002ed8 <sdio_pio_cmd53_read_block+0x650>
10002f32:	9b1c      	ldr	r3, [sp, #112]	@ 0x70
10002f34:	2103      	movs	r1, #3
10002f36:	469a      	mov	sl, r3
10002f38:	e7ce      	b.n	10002ed8 <sdio_pio_cmd53_read_block+0x650>
10002f3a:	46c0      	nop			@ (mov r8, r8)
10002f3c:	50200000 	.word	0x50200000
10002f40:	1000b1b0 	.word	0x1000b1b0
10002f44:	1000b1f8 	.word	0x1000b1f8
10002f48:	1000b1d8 	.word	0x1000b1d8
10002f4c:	00000444 	.word	0x00000444
10002f50:	5000000c 	.word	0x5000000c
10002f54:	9b1d      	ldr	r3, [sp, #116]	@ 0x74
10002f56:	469b      	mov	fp, r3
10002f58:	9b1c      	ldr	r3, [sp, #112]	@ 0x70
10002f5a:	781b      	ldrb	r3, [r3, #0]
10002f5c:	2b01      	cmp	r3, #1
10002f5e:	d100      	bne.n	10002f62 <sdio_pio_cmd53_read_block+0x6da>
10002f60:	e4a2      	b.n	100028a8 <sdio_pio_cmd53_read_block+0x20>
10002f62:	f7ff f891 	bl	10002088 <load_cmd.part.0>
10002f66:	e49f      	b.n	100028a8 <sdio_pio_cmd53_read_block+0x20>
10002f68:	6862      	ldr	r2, [r4, #4]
10002f6a:	421a      	tst	r2, r3
10002f6c:	d10c      	bne.n	10002f88 <sdio_pio_cmd53_read_block+0x700>
10002f6e:	2100      	movs	r1, #0
10002f70:	e606      	b.n	10002b80 <sdio_pio_cmd53_read_block+0x2f8>
10002f72:	6862      	ldr	r2, [r4, #4]
10002f74:	2102      	movs	r1, #2
10002f76:	421a      	tst	r2, r3
10002f78:	d100      	bne.n	10002f7c <sdio_pio_cmd53_read_block+0x6f4>
10002f7a:	e601      	b.n	10002b80 <sdio_pio_cmd53_read_block+0x2f8>
10002f7c:	e60a      	b.n	10002b94 <sdio_pio_cmd53_read_block+0x30c>
10002f7e:	6862      	ldr	r2, [r4, #4]
10002f80:	421a      	tst	r2, r3
10002f82:	d105      	bne.n	10002f90 <sdio_pio_cmd53_read_block+0x708>
10002f84:	2101      	movs	r1, #1
10002f86:	e5fb      	b.n	10002b80 <sdio_pio_cmd53_read_block+0x2f8>
10002f88:	9b1c      	ldr	r3, [sp, #112]	@ 0x70
10002f8a:	2100      	movs	r1, #0
10002f8c:	469a      	mov	sl, r3
10002f8e:	e79c      	b.n	10002eca <sdio_pio_cmd53_read_block+0x642>
10002f90:	9b1c      	ldr	r3, [sp, #112]	@ 0x70
10002f92:	2101      	movs	r1, #1
10002f94:	469a      	mov	sl, r3
10002f96:	e798      	b.n	10002eca <sdio_pio_cmd53_read_block+0x642>

10002f98 <sdio_pio_cmd53_write_block>:
10002f98:	b5f0      	push	{r4, r5, r6, r7, lr}
10002f9a:	4645      	mov	r5, r8
10002f9c:	46de      	mov	lr, fp
10002f9e:	4657      	mov	r7, sl
10002fa0:	464e      	mov	r6, r9
10002fa2:	b5e0      	push	{r5, r6, r7, lr}
10002fa4:	4698      	mov	r8, r3
10002fa6:	4bc0      	ldr	r3, [pc, #768]	@ (100032a8 <sdio_pio_cmd53_write_block+0x310>)
10002fa8:	0014      	movs	r4, r2
10002faa:	781b      	ldrb	r3, [r3, #0]
10002fac:	b08d      	sub	sp, #52	@ 0x34
10002fae:	2b00      	cmp	r3, #0
10002fb0:	d108      	bne.n	10002fc4 <sdio_pio_cmd53_write_block+0x2c>
10002fb2:	2600      	movs	r6, #0
10002fb4:	0030      	movs	r0, r6
10002fb6:	b00d      	add	sp, #52	@ 0x34
10002fb8:	bcf0      	pop	{r4, r5, r6, r7}
10002fba:	46bb      	mov	fp, r7
10002fbc:	46b2      	mov	sl, r6
10002fbe:	46a9      	mov	r9, r5
10002fc0:	46a0      	mov	r8, r4
10002fc2:	bdf0      	pop	{r4, r5, r6, r7, pc}
10002fc4:	2300      	movs	r3, #0
10002fc6:	9307      	str	r3, [sp, #28]
10002fc8:	23e0      	movs	r3, #224	@ 0xe0
10002fca:	0700      	lsls	r0, r0, #28
10002fcc:	05db      	lsls	r3, r3, #23
10002fce:	4018      	ands	r0, r3
10002fd0:	4643      	mov	r3, r8
10002fd2:	05db      	lsls	r3, r3, #23
10002fd4:	0ddb      	lsrs	r3, r3, #23
10002fd6:	4318      	orrs	r0, r3
10002fd8:	4bb4      	ldr	r3, [pc, #720]	@ (100032ac <sdio_pio_cmd53_write_block+0x314>)
10002fda:	0249      	lsls	r1, r1, #9
10002fdc:	4019      	ands	r1, r3
10002fde:	4308      	orrs	r0, r1
10002fe0:	2188      	movs	r1, #136	@ 0x88
10002fe2:	0609      	lsls	r1, r1, #24
10002fe4:	4301      	orrs	r1, r0
10002fe6:	aa07      	add	r2, sp, #28
10002fe8:	2035      	movs	r0, #53	@ 0x35
10002fea:	f7ff f9db 	bl	100023a4 <sdio_pio_send_cmd>
10002fee:	1e06      	subs	r6, r0, #0
10002ff0:	d0df      	beq.n	10002fb2 <sdio_pio_cmd53_write_block+0x1a>
10002ff2:	9b07      	ldr	r3, [sp, #28]
10002ff4:	22c0      	movs	r2, #192	@ 0xc0
10002ff6:	0019      	movs	r1, r3
10002ff8:	0212      	lsls	r2, r2, #8
10002ffa:	4011      	ands	r1, r2
10002ffc:	468a      	mov	sl, r1
10002ffe:	4213      	tst	r3, r2
10003000:	d1d7      	bne.n	10002fb2 <sdio_pio_cmd53_write_block+0x1a>
10003002:	2001      	movs	r0, #1
10003004:	4baa      	ldr	r3, [pc, #680]	@ (100032b0 <sdio_pio_cmd53_write_block+0x318>)
10003006:	6819      	ldr	r1, [r3, #0]
10003008:	4381      	bics	r1, r0
1000300a:	6019      	str	r1, [r3, #0]
1000300c:	49a9      	ldr	r1, [pc, #676]	@ (100032b4 <sdio_pio_cmd53_write_block+0x31c>)
1000300e:	9104      	str	r1, [sp, #16]
10003010:	7809      	ldrb	r1, [r1, #0]
10003012:	2903      	cmp	r1, #3
10003014:	d05c      	beq.n	100030d0 <sdio_pio_cmd53_write_block+0x138>
10003016:	2547      	movs	r5, #71	@ 0x47
10003018:	6819      	ldr	r1, [r3, #0]
1000301a:	4381      	bics	r1, r0
1000301c:	6019      	str	r1, [r3, #0]
1000301e:	49a6      	ldr	r1, [pc, #664]	@ (100032b8 <sdio_pio_cmd53_write_block+0x320>)
10003020:	48a6      	ldr	r0, [pc, #664]	@ (100032bc <sdio_pio_cmd53_write_block+0x324>)
10003022:	6499      	str	r1, [r3, #72]	@ 0x48
10003024:	49a6      	ldr	r1, [pc, #664]	@ (100032c0 <sdio_pio_cmd53_write_block+0x328>)
10003026:	64d9      	str	r1, [r3, #76]	@ 0x4c
10003028:	49a6      	ldr	r1, [pc, #664]	@ (100032c4 <sdio_pio_cmd53_write_block+0x32c>)
1000302a:	6519      	str	r1, [r3, #80]	@ 0x50
1000302c:	49a6      	ldr	r1, [pc, #664]	@ (100032c8 <sdio_pio_cmd53_write_block+0x330>)
1000302e:	6559      	str	r1, [r3, #84]	@ 0x54
10003030:	49a6      	ldr	r1, [pc, #664]	@ (100032cc <sdio_pio_cmd53_write_block+0x334>)
10003032:	6599      	str	r1, [r3, #88]	@ 0x58
10003034:	49a6      	ldr	r1, [pc, #664]	@ (100032d0 <sdio_pio_cmd53_write_block+0x338>)
10003036:	65d9      	str	r1, [r3, #92]	@ 0x5c
10003038:	49a6      	ldr	r1, [pc, #664]	@ (100032d4 <sdio_pio_cmd53_write_block+0x33c>)
1000303a:	6619      	str	r1, [r3, #96]	@ 0x60
1000303c:	49a6      	ldr	r1, [pc, #664]	@ (100032d8 <sdio_pio_cmd53_write_block+0x340>)
1000303e:	6658      	str	r0, [r3, #100]	@ 0x64
10003040:	6699      	str	r1, [r3, #104]	@ 0x68
10003042:	66dd      	str	r5, [r3, #108]	@ 0x6c
10003044:	6718      	str	r0, [r3, #112]	@ 0x70
10003046:	6759      	str	r1, [r3, #116]	@ 0x74
10003048:	49a4      	ldr	r1, [pc, #656]	@ (100032dc <sdio_pio_cmd53_write_block+0x344>)
1000304a:	6799      	str	r1, [r3, #120]	@ 0x78
1000304c:	210a      	movs	r1, #10
1000304e:	67d9      	str	r1, [r3, #124]	@ 0x7c
10003050:	3176      	adds	r1, #118	@ 0x76
10003052:	505a      	str	r2, [r3, r1]
10003054:	4ba2      	ldr	r3, [pc, #648]	@ (100032e0 <sdio_pio_cmd53_write_block+0x348>)
10003056:	21ec      	movs	r1, #236	@ 0xec
10003058:	6818      	ldr	r0, [r3, #0]
1000305a:	23c0      	movs	r3, #192	@ 0xc0
1000305c:	02db      	lsls	r3, r3, #11
1000305e:	930a      	str	r3, [sp, #40]	@ 0x28
10003060:	4ba0      	ldr	r3, [pc, #640]	@ (100032e4 <sdio_pio_cmd53_write_block+0x34c>)
10003062:	0589      	lsls	r1, r1, #22
10003064:	930b      	str	r3, [sp, #44]	@ 0x2c
10003066:	4ba0      	ldr	r3, [pc, #640]	@ (100032e8 <sdio_pio_cmd53_write_block+0x350>)
10003068:	9309      	str	r3, [sp, #36]	@ 0x24
1000306a:	f003 f9df 	bl	1000642c <__wrap___aeabi_fadd>
1000306e:	1c07      	adds	r7, r0, #0
10003070:	f003 fa22 	bl	100064b8 <__wrap___aeabi_f2uiz>
10003074:	b285      	uxth	r5, r0
10003076:	2300      	movs	r3, #0
10003078:	2d00      	cmp	r5, #0
1000307a:	d00e      	beq.n	1000309a <sdio_pio_cmd53_write_block+0x102>
1000307c:	0028      	movs	r0, r5
1000307e:	f003 f9f3 	bl	10006468 <__wrap___aeabi_ui2f>
10003082:	1c01      	adds	r1, r0, #0
10003084:	1c38      	adds	r0, r7, #0
10003086:	f003 f9ce 	bl	10006426 <__wrap___aeabi_fsub>
1000308a:	2187      	movs	r1, #135	@ 0x87
1000308c:	05c9      	lsls	r1, r1, #23
1000308e:	f003 f9e4 	bl	1000645a <__wrap___aeabi_fmul>
10003092:	f003 fa11 	bl	100064b8 <__wrap___aeabi_f2uiz>
10003096:	b2c3      	uxtb	r3, r0
10003098:	021b      	lsls	r3, r3, #8
1000309a:	042d      	lsls	r5, r5, #16
1000309c:	431d      	orrs	r5, r3
1000309e:	9508      	str	r5, [sp, #32]
100030a0:	2501      	movs	r5, #1
100030a2:	2200      	movs	r2, #0
100030a4:	2100      	movs	r1, #0
100030a6:	ab08      	add	r3, sp, #32
100030a8:	4881      	ldr	r0, [pc, #516]	@ (100032b0 <sdio_pio_cmd53_write_block+0x318>)
100030aa:	f005 fa7f 	bl	100085ac <pio_sm_init>
100030ae:	2304      	movs	r3, #4
100030b0:	2204      	movs	r2, #4
100030b2:	2100      	movs	r1, #0
100030b4:	487e      	ldr	r0, [pc, #504]	@ (100032b0 <sdio_pio_cmd53_write_block+0x318>)
100030b6:	9500      	str	r5, [sp, #0]
100030b8:	f005 fa1e 	bl	100084f8 <pio_sm_set_consecutive_pindirs>
100030bc:	2301      	movs	r3, #1
100030be:	2202      	movs	r2, #2
100030c0:	2100      	movs	r1, #0
100030c2:	487b      	ldr	r0, [pc, #492]	@ (100032b0 <sdio_pio_cmd53_write_block+0x318>)
100030c4:	9500      	str	r5, [sp, #0]
100030c6:	f005 fa17 	bl	100084f8 <pio_sm_set_consecutive_pindirs>
100030ca:	2303      	movs	r3, #3
100030cc:	9a04      	ldr	r2, [sp, #16]
100030ce:	7013      	strb	r3, [r2, #0]
100030d0:	4b86      	ldr	r3, [pc, #536]	@ (100032ec <sdio_pio_cmd53_write_block+0x354>)
100030d2:	0020      	movs	r0, r4
100030d4:	0019      	movs	r1, r3
100030d6:	9303      	str	r3, [sp, #12]
100030d8:	f7fe fdea 	bl	10001cb0 <build_write_stream>
100030dc:	4643      	mov	r3, r8
100030de:	2b00      	cmp	r3, #0
100030e0:	d100      	bne.n	100030e4 <sdio_pio_cmd53_write_block+0x14c>
100030e2:	e0d1      	b.n	10003288 <sdio_pio_cmd53_write_block+0x2f0>
100030e4:	2280      	movs	r2, #128	@ 0x80
100030e6:	0092      	lsls	r2, r2, #2
100030e8:	0023      	movs	r3, r4
100030ea:	4694      	mov	ip, r2
100030ec:	4463      	add	r3, ip
100030ee:	9302      	str	r3, [sp, #8]
100030f0:	4b7f      	ldr	r3, [pc, #508]	@ (100032f0 <sdio_pio_cmd53_write_block+0x358>)
100030f2:	2501      	movs	r5, #1
100030f4:	469b      	mov	fp, r3
100030f6:	4c6e      	ldr	r4, [pc, #440]	@ (100032b0 <sdio_pio_cmd53_write_block+0x318>)
100030f8:	4f7e      	ldr	r7, [pc, #504]	@ (100032f4 <sdio_pio_cmd53_write_block+0x35c>)
100030fa:	9605      	str	r6, [sp, #20]
100030fc:	6823      	ldr	r3, [r4, #0]
100030fe:	2210      	movs	r2, #16
10003100:	43ab      	bics	r3, r5
10003102:	6023      	str	r3, [r4, #0]
10003104:	2380      	movs	r3, #128	@ 0x80
10003106:	061b      	lsls	r3, r3, #24
10003108:	603b      	str	r3, [r7, #0]
1000310a:	603b      	str	r3, [r7, #0]
1000310c:	4b7a      	ldr	r3, [pc, #488]	@ (100032f8 <sdio_pio_cmd53_write_block+0x360>)
1000310e:	2100      	movs	r1, #0
10003110:	601a      	str	r2, [r3, #0]
10003112:	4867      	ldr	r0, [pc, #412]	@ (100032b0 <sdio_pio_cmd53_write_block+0x318>)
10003114:	2304      	movs	r3, #4
10003116:	3a0c      	subs	r2, #12
10003118:	9500      	str	r5, [sp, #0]
1000311a:	f005 f9ed 	bl	100084f8 <pio_sm_set_consecutive_pindirs>
1000311e:	23d8      	movs	r3, #216	@ 0xd8
10003120:	2200      	movs	r2, #0
10003122:	50e2      	str	r2, [r4, r3]
10003124:	465b      	mov	r3, fp
10003126:	6819      	ldr	r1, [r3, #0]
10003128:	4b74      	ldr	r3, [pc, #464]	@ (100032fc <sdio_pio_cmd53_write_block+0x364>)
1000312a:	02c8      	lsls	r0, r1, #11
1000312c:	4018      	ands	r0, r3
1000312e:	2319      	movs	r3, #25
10003130:	4318      	orrs	r0, r3
10003132:	23a0      	movs	r3, #160	@ 0xa0
10003134:	05db      	lsls	r3, r3, #23
10003136:	469c      	mov	ip, r3
10003138:	4653      	mov	r3, sl
1000313a:	2683      	movs	r6, #131	@ 0x83
1000313c:	402b      	ands	r3, r5
1000313e:	00b6      	lsls	r6, r6, #2
10003140:	425b      	negs	r3, r3
10003142:	4033      	ands	r3, r6
10003144:	9e03      	ldr	r6, [sp, #12]
10003146:	018a      	lsls	r2, r1, #6
10003148:	4462      	add	r2, ip
1000314a:	46b4      	mov	ip, r6
1000314c:	4463      	add	r3, ip
1000314e:	6013      	str	r3, [r2, #0]
10003150:	4b6b      	ldr	r3, [pc, #428]	@ (10003300 <sdio_pio_cmd53_write_block+0x368>)
10003152:	6053      	str	r3, [r2, #4]
10003154:	2383      	movs	r3, #131	@ 0x83
10003156:	6093      	str	r3, [r2, #8]
10003158:	6110      	str	r0, [r2, #16]
1000315a:	2280      	movs	r2, #128	@ 0x80
1000315c:	6325      	str	r5, [r4, #48]	@ 0x30
1000315e:	0252      	lsls	r2, r2, #9
10003160:	6863      	ldr	r3, [r4, #4]
10003162:	4213      	tst	r3, r2
10003164:	d1fc      	bne.n	10003160 <sdio_pio_cmd53_write_block+0x1c8>
10003166:	4b67      	ldr	r3, [pc, #412]	@ (10003304 <sdio_pio_cmd53_write_block+0x36c>)
10003168:	22a0      	movs	r2, #160	@ 0xa0
1000316a:	6123      	str	r3, [r4, #16]
1000316c:	002b      	movs	r3, r5
1000316e:	408b      	lsls	r3, r1
10003170:	0019      	movs	r1, r3
10003172:	2386      	movs	r3, #134	@ 0x86
10003174:	05d2      	lsls	r2, r2, #23
10003176:	00db      	lsls	r3, r3, #3
10003178:	50d1      	str	r1, [r2, r3]
1000317a:	6823      	ldr	r3, [r4, #0]
1000317c:	432b      	orrs	r3, r5
1000317e:	6023      	str	r3, [r4, #0]
10003180:	2301      	movs	r3, #1
10003182:	4453      	add	r3, sl
10003184:	4699      	mov	r9, r3
10003186:	4543      	cmp	r3, r8
10003188:	db70      	blt.n	1000326c <sdio_pio_cmd53_write_block+0x2d4>
1000318a:	f001 ff45 	bl	10005018 <time_us_64>
1000318e:	2900      	cmp	r1, #0
10003190:	d066      	beq.n	10003260 <sdio_pio_cmd53_write_block+0x2c8>
10003192:	22fa      	movs	r2, #250	@ 0xfa
10003194:	2300      	movs	r3, #0
10003196:	0092      	lsls	r2, r2, #2
10003198:	f002 fb42 	bl	10005820 <__wrap___aeabi_uldivmod>
1000319c:	0006      	movs	r6, r0
1000319e:	6b23      	ldr	r3, [r4, #48]	@ 0x30
100031a0:	421d      	tst	r5, r3
100031a2:	d14e      	bne.n	10003242 <sdio_pio_cmd53_write_block+0x2aa>
100031a4:	f001 ff38 	bl	10005018 <time_us_64>
100031a8:	2900      	cmp	r1, #0
100031aa:	d03f      	beq.n	1000322c <sdio_pio_cmd53_write_block+0x294>
100031ac:	22fa      	movs	r2, #250	@ 0xfa
100031ae:	2300      	movs	r3, #0
100031b0:	0092      	lsls	r2, r2, #2
100031b2:	f002 fb35 	bl	10005820 <__wrap___aeabi_uldivmod>
100031b6:	4b54      	ldr	r3, [pc, #336]	@ (10003308 <sdio_pio_cmd53_write_block+0x370>)
100031b8:	1b80      	subs	r0, r0, r6
100031ba:	4298      	cmp	r0, r3
100031bc:	d9ef      	bls.n	1000319e <sdio_pio_cmd53_write_block+0x206>
100031be:	465b      	mov	r3, fp
100031c0:	6819      	ldr	r1, [r3, #0]
100031c2:	2301      	movs	r3, #1
100031c4:	20a0      	movs	r0, #160	@ 0xa0
100031c6:	408b      	lsls	r3, r1
100031c8:	4a50      	ldr	r2, [pc, #320]	@ (1000330c <sdio_pio_cmd53_write_block+0x374>)
100031ca:	05c0      	lsls	r0, r0, #23
100031cc:	5083      	str	r3, [r0, r2]
100031ce:	4b50      	ldr	r3, [pc, #320]	@ (10003310 <sdio_pio_cmd53_write_block+0x378>)
100031d0:	2280      	movs	r2, #128	@ 0x80
100031d2:	469c      	mov	ip, r3
100031d4:	0189      	lsls	r1, r1, #6
100031d6:	1808      	adds	r0, r1, r0
100031d8:	0452      	lsls	r2, r2, #17
100031da:	4461      	add	r1, ip
100031dc:	680b      	ldr	r3, [r1, #0]
100031de:	001c      	movs	r4, r3
100031e0:	4014      	ands	r4, r2
100031e2:	4213      	tst	r3, r2
100031e4:	d1fa      	bne.n	100031dc <sdio_pio_cmd53_write_block+0x244>
100031e6:	2201      	movs	r2, #1
100031e8:	4d31      	ldr	r5, [pc, #196]	@ (100032b0 <sdio_pio_cmd53_write_block+0x318>)
100031ea:	682b      	ldr	r3, [r5, #0]
100031ec:	4393      	bics	r3, r2
100031ee:	602b      	str	r3, [r5, #0]
100031f0:	23d4      	movs	r3, #212	@ 0xd4
100031f2:	6901      	ldr	r1, [r0, #16]
100031f4:	58eb      	ldr	r3, [r5, r3]
100031f6:	32fe      	adds	r2, #254	@ 0xfe
100031f8:	01c9      	lsls	r1, r1, #7
100031fa:	401a      	ands	r2, r3
100031fc:	0fc9      	lsrs	r1, r1, #31
100031fe:	4845      	ldr	r0, [pc, #276]	@ (10003314 <sdio_pio_cmd53_write_block+0x37c>)
10003200:	f005 f86a 	bl	100082d8 <__wrap_printf>
10003204:	4642      	mov	r2, r8
10003206:	4651      	mov	r1, sl
10003208:	4843      	ldr	r0, [pc, #268]	@ (10003318 <sdio_pio_cmd53_write_block+0x380>)
1000320a:	f005 f865 	bl	100082d8 <__wrap_printf>
1000320e:	2304      	movs	r3, #4
10003210:	2204      	movs	r2, #4
10003212:	2100      	movs	r1, #0
10003214:	0028      	movs	r0, r5
10003216:	9400      	str	r4, [sp, #0]
10003218:	f005 f96e 	bl	100084f8 <pio_sm_set_consecutive_pindirs>
1000321c:	9b04      	ldr	r3, [sp, #16]
1000321e:	781b      	ldrb	r3, [r3, #0]
10003220:	2b01      	cmp	r3, #1
10003222:	d100      	bne.n	10003226 <sdio_pio_cmd53_write_block+0x28e>
10003224:	e6c5      	b.n	10002fb2 <sdio_pio_cmd53_write_block+0x1a>
10003226:	f7fe ff2f 	bl	10002088 <load_cmd.part.0>
1000322a:	e6c2      	b.n	10002fb2 <sdio_pio_cmd53_write_block+0x1a>
1000322c:	21fa      	movs	r1, #250	@ 0xfa
1000322e:	0089      	lsls	r1, r1, #2
10003230:	f002 fab8 	bl	100057a4 <__wrap___aeabi_uidiv>
10003234:	4b34      	ldr	r3, [pc, #208]	@ (10003308 <sdio_pio_cmd53_write_block+0x370>)
10003236:	1b80      	subs	r0, r0, r6
10003238:	4298      	cmp	r0, r3
1000323a:	d8c0      	bhi.n	100031be <sdio_pio_cmd53_write_block+0x226>
1000323c:	6b23      	ldr	r3, [r4, #48]	@ 0x30
1000323e:	421d      	tst	r5, r3
10003240:	d0b0      	beq.n	100031a4 <sdio_pio_cmd53_write_block+0x20c>
10003242:	2280      	movs	r2, #128	@ 0x80
10003244:	0092      	lsls	r2, r2, #2
10003246:	4694      	mov	ip, r2
10003248:	6823      	ldr	r3, [r4, #0]
1000324a:	43ab      	bics	r3, r5
1000324c:	6023      	str	r3, [r4, #0]
1000324e:	9b02      	ldr	r3, [sp, #8]
10003250:	4463      	add	r3, ip
10003252:	9302      	str	r3, [sp, #8]
10003254:	464b      	mov	r3, r9
10003256:	b29b      	uxth	r3, r3
10003258:	4598      	cmp	r8, r3
1000325a:	d914      	bls.n	10003286 <sdio_pio_cmd53_write_block+0x2ee>
1000325c:	46ca      	mov	sl, r9
1000325e:	e74d      	b.n	100030fc <sdio_pio_cmd53_write_block+0x164>
10003260:	21fa      	movs	r1, #250	@ 0xfa
10003262:	0089      	lsls	r1, r1, #2
10003264:	f002 fa9e 	bl	100057a4 <__wrap___aeabi_uidiv>
10003268:	0006      	movs	r6, r0
1000326a:	e798      	b.n	1000319e <sdio_pio_cmd53_write_block+0x206>
1000326c:	0019      	movs	r1, r3
1000326e:	2383      	movs	r3, #131	@ 0x83
10003270:	4029      	ands	r1, r5
10003272:	009b      	lsls	r3, r3, #2
10003274:	4249      	negs	r1, r1
10003276:	4019      	ands	r1, r3
10003278:	9b03      	ldr	r3, [sp, #12]
1000327a:	9802      	ldr	r0, [sp, #8]
1000327c:	469c      	mov	ip, r3
1000327e:	4461      	add	r1, ip
10003280:	f7fe fd16 	bl	10001cb0 <build_write_stream>
10003284:	e781      	b.n	1000318a <sdio_pio_cmd53_write_block+0x1f2>
10003286:	9e05      	ldr	r6, [sp, #20]
10003288:	2300      	movs	r3, #0
1000328a:	2204      	movs	r2, #4
1000328c:	9300      	str	r3, [sp, #0]
1000328e:	2100      	movs	r1, #0
10003290:	3304      	adds	r3, #4
10003292:	4807      	ldr	r0, [pc, #28]	@ (100032b0 <sdio_pio_cmd53_write_block+0x318>)
10003294:	f005 f930 	bl	100084f8 <pio_sm_set_consecutive_pindirs>
10003298:	9b04      	ldr	r3, [sp, #16]
1000329a:	781b      	ldrb	r3, [r3, #0]
1000329c:	2b01      	cmp	r3, #1
1000329e:	d100      	bne.n	100032a2 <sdio_pio_cmd53_write_block+0x30a>
100032a0:	e688      	b.n	10002fb4 <sdio_pio_cmd53_write_block+0x1c>
100032a2:	f7fe fef1 	bl	10002088 <load_cmd.part.0>
100032a6:	e685      	b.n	10002fb4 <sdio_pio_cmd53_write_block+0x1c>
100032a8:	2001a427 	.word	0x2001a427
100032ac:	03fffe00 	.word	0x03fffe00
100032b0:	50200000 	.word	0x50200000
100032b4:	2001a426 	.word	0x2001a426
100032b8:	000080a0 	.word	0x000080a0
100032bc:	0000a142 	.word	0x0000a142
100032c0:	0000a027 	.word	0x0000a027
100032c4:	00006060 	.word	0x00006060
100032c8:	00006104 	.word	0x00006104
100032cc:	00001143 	.word	0x00001143
100032d0:	0000e080 	.word	0x0000e080
100032d4:	0000e02f 	.word	0x0000e02f
100032d8:	0000b142 	.word	0x0000b142
100032dc:	000010ce 	.word	0x000010ce
100032e0:	20000fa0 	.word	0x20000fa0
100032e4:	30400884 	.word	0x30400884
100032e8:	0400e000 	.word	0x0400e000
100032ec:	2001a000 	.word	0x2001a000
100032f0:	20000fa4 	.word	0x20000fa4
100032f4:	502010d0 	.word	0x502010d0
100032f8:	50202000 	.word	0x50202000
100032fc:	ff007ffd 	.word	0xff007ffd
10003300:	50200010 	.word	0x50200010
10003304:	00000411 	.word	0x00000411
10003308:	00002710 	.word	0x00002710
1000330c:	00000444 	.word	0x00000444
10003310:	5000000c 	.word	0x5000000c
10003314:	1000b24c 	.word	0x1000b24c
10003318:	1000b280 	.word	0x1000b280

1000331c <sdio_pio_acquire_pins>:
1000331c:	b510      	push	{r4, lr}
1000331e:	4b1a      	ldr	r3, [pc, #104]	@ (10003388 <sdio_pio_acquire_pins+0x6c>)
10003320:	b082      	sub	sp, #8
10003322:	781b      	ldrb	r3, [r3, #0]
10003324:	2b00      	cmp	r3, #0
10003326:	d02c      	beq.n	10003382 <sdio_pio_acquire_pins+0x66>
10003328:	2106      	movs	r1, #6
1000332a:	2002      	movs	r0, #2
1000332c:	f000 fef0 	bl	10004110 <gpio_set_function>
10003330:	2106      	movs	r1, #6
10003332:	2003      	movs	r0, #3
10003334:	f000 feec 	bl	10004110 <gpio_set_function>
10003338:	2106      	movs	r1, #6
1000333a:	2004      	movs	r0, #4
1000333c:	f000 fee8 	bl	10004110 <gpio_set_function>
10003340:	2106      	movs	r1, #6
10003342:	2005      	movs	r0, #5
10003344:	f000 fee4 	bl	10004110 <gpio_set_function>
10003348:	2106      	movs	r1, #6
1000334a:	2006      	movs	r0, #6
1000334c:	f000 fee0 	bl	10004110 <gpio_set_function>
10003350:	2106      	movs	r1, #6
10003352:	2007      	movs	r0, #7
10003354:	f000 fedc 	bl	10004110 <gpio_set_function>
10003358:	2401      	movs	r4, #1
1000335a:	22f8      	movs	r2, #248	@ 0xf8
1000335c:	4b0b      	ldr	r3, [pc, #44]	@ (1000338c <sdio_pio_acquire_pins+0x70>)
1000335e:	2100      	movs	r1, #0
10003360:	601a      	str	r2, [r3, #0]
10003362:	480b      	ldr	r0, [pc, #44]	@ (10003390 <sdio_pio_acquire_pins+0x74>)
10003364:	2301      	movs	r3, #1
10003366:	3af6      	subs	r2, #246	@ 0xf6
10003368:	9400      	str	r4, [sp, #0]
1000336a:	f005 f8c5 	bl	100084f8 <pio_sm_set_consecutive_pindirs>
1000336e:	2301      	movs	r3, #1
10003370:	2203      	movs	r2, #3
10003372:	2100      	movs	r1, #0
10003374:	4806      	ldr	r0, [pc, #24]	@ (10003390 <sdio_pio_acquire_pins+0x74>)
10003376:	9400      	str	r4, [sp, #0]
10003378:	f005 f8be 	bl	100084f8 <pio_sm_set_consecutive_pindirs>
1000337c:	2200      	movs	r2, #0
1000337e:	4b05      	ldr	r3, [pc, #20]	@ (10003394 <sdio_pio_acquire_pins+0x78>)
10003380:	701a      	strb	r2, [r3, #0]
10003382:	b002      	add	sp, #8
10003384:	bd10      	pop	{r4, pc}
10003386:	46c0      	nop			@ (mov r8, r8)
10003388:	2001a427 	.word	0x2001a427
1000338c:	50202038 	.word	0x50202038
10003390:	50200000 	.word	0x50200000
10003394:	2001a426 	.word	0x2001a426

10003398 <sdio_pio_try_warm_probe>:
10003398:	b5f8      	push	{r3, r4, r5, r6, r7, lr}
1000339a:	4d0d      	ldr	r5, [pc, #52]	@ (100033d0 <sdio_pio_try_warm_probe+0x38>)
1000339c:	782b      	ldrb	r3, [r5, #0]
1000339e:	2b00      	cmp	r3, #0
100033a0:	d102      	bne.n	100033a8 <sdio_pio_try_warm_probe+0x10>
100033a2:	2400      	movs	r4, #0
100033a4:	0020      	movs	r0, r4
100033a6:	bdf8      	pop	{r3, r4, r5, r6, r7, pc}
100033a8:	4e0a      	ldr	r6, [pc, #40]	@ (100033d4 <sdio_pio_try_warm_probe+0x3c>)
100033aa:	480b      	ldr	r0, [pc, #44]	@ (100033d8 <sdio_pio_try_warm_probe+0x40>)
100033ac:	8831      	ldrh	r1, [r6, #0]
100033ae:	f004 ff93 	bl	100082d8 <__wrap_printf>
100033b2:	8830      	ldrh	r0, [r6, #0]
100033b4:	f7ff f93a 	bl	1000262c <sdio_pio_finish_init_with_rca>
100033b8:	1e04      	subs	r4, r0, #0
100033ba:	d105      	bne.n	100033c8 <sdio_pio_try_warm_probe+0x30>
100033bc:	4807      	ldr	r0, [pc, #28]	@ (100033dc <sdio_pio_try_warm_probe+0x44>)
100033be:	f004 ff07 	bl	100081d0 <__wrap_puts>
100033c2:	702c      	strb	r4, [r5, #0]
100033c4:	8034      	strh	r4, [r6, #0]
100033c6:	e7ec      	b.n	100033a2 <sdio_pio_try_warm_probe+0xa>
100033c8:	4805      	ldr	r0, [pc, #20]	@ (100033e0 <sdio_pio_try_warm_probe+0x48>)
100033ca:	f004 ff01 	bl	100081d0 <__wrap_puts>
100033ce:	e7e9      	b.n	100033a4 <sdio_pio_try_warm_probe+0xc>
100033d0:	2001a420 	.word	0x2001a420
100033d4:	2001a41a 	.word	0x2001a41a
100033d8:	1000b2a0 	.word	0x1000b2a0
100033dc:	1000b2e8 	.word	0x1000b2e8
100033e0:	1000b2d0 	.word	0x1000b2d0

100033e4 <sdio_pio_card_init>:
100033e4:	b570      	push	{r4, r5, r6, lr}
100033e6:	b082      	sub	sp, #8
100033e8:	2100      	movs	r1, #0
100033ea:	2005      	movs	r0, #5
100033ec:	aa01      	add	r2, sp, #4
100033ee:	f7fe ffd9 	bl	100023a4 <sdio_pio_send_cmd>
100033f2:	2800      	cmp	r0, #0
100033f4:	d102      	bne.n	100033fc <sdio_pio_card_init+0x18>
100033f6:	2000      	movs	r0, #0
100033f8:	b002      	add	sp, #8
100033fa:	bd70      	pop	{r4, r5, r6, pc}
100033fc:	a801      	add	r0, sp, #4
100033fe:	f7ff f8b5 	bl	1000256c <sdio_pio_wait_ready_ocr.constprop.0>
10003402:	2800      	cmp	r0, #0
10003404:	d0f7      	beq.n	100033f6 <sdio_pio_card_init+0x12>
10003406:	4d2c      	ldr	r5, [pc, #176]	@ (100034b8 <sdio_pio_card_init+0xd4>)
10003408:	9901      	ldr	r1, [sp, #4]
1000340a:	0028      	movs	r0, r5
1000340c:	f004 ff64 	bl	100082d8 <__wrap_printf>
10003410:	2014      	movs	r0, #20
10003412:	f001 fceb 	bl	10004dec <sleep_ms>
10003416:	2100      	movs	r1, #0
10003418:	2003      	movs	r0, #3
1000341a:	aa01      	add	r2, sp, #4
1000341c:	f7fe ffc2 	bl	100023a4 <sdio_pio_send_cmd>
10003420:	2800      	cmp	r0, #0
10003422:	d141      	bne.n	100034a8 <sdio_pio_card_init+0xc4>
10003424:	2400      	movs	r4, #0
10003426:	4e25      	ldr	r6, [pc, #148]	@ (100034bc <sdio_pio_card_init+0xd8>)
10003428:	0030      	movs	r0, r6
1000342a:	f004 fed1 	bl	100081d0 <__wrap_puts>
1000342e:	a801      	add	r0, sp, #4
10003430:	f7ff f89c 	bl	1000256c <sdio_pio_wait_ready_ocr.constprop.0>
10003434:	2800      	cmp	r0, #0
10003436:	d010      	beq.n	1000345a <sdio_pio_card_init+0x76>
10003438:	9901      	ldr	r1, [sp, #4]
1000343a:	0028      	movs	r0, r5
1000343c:	f004 ff4c 	bl	100082d8 <__wrap_printf>
10003440:	201e      	movs	r0, #30
10003442:	f001 fcd3 	bl	10004dec <sleep_ms>
10003446:	2100      	movs	r1, #0
10003448:	2003      	movs	r0, #3
1000344a:	aa01      	add	r2, sp, #4
1000344c:	3401      	adds	r4, #1
1000344e:	f7fe ffa9 	bl	100023a4 <sdio_pio_send_cmd>
10003452:	2800      	cmp	r0, #0
10003454:	d120      	bne.n	10003498 <sdio_pio_card_init+0xb4>
10003456:	2c03      	cmp	r4, #3
10003458:	d1e6      	bne.n	10003428 <sdio_pio_card_init+0x44>
1000345a:	4819      	ldr	r0, [pc, #100]	@ (100034c0 <sdio_pio_card_init+0xdc>)
1000345c:	f004 feb8 	bl	100081d0 <__wrap_puts>
10003460:	f7fe fea6 	bl	100021b0 <sdio_pio_send_cmd_no_resp.constprop.0>
10003464:	2002      	movs	r0, #2
10003466:	f001 fcc1 	bl	10004dec <sleep_ms>
1000346a:	2100      	movs	r1, #0
1000346c:	2003      	movs	r0, #3
1000346e:	aa01      	add	r2, sp, #4
10003470:	f7fe ff98 	bl	100023a4 <sdio_pio_send_cmd>
10003474:	2800      	cmp	r0, #0
10003476:	d108      	bne.n	1000348a <sdio_pio_card_init+0xa6>
10003478:	2101      	movs	r1, #1
1000347a:	4812      	ldr	r0, [pc, #72]	@ (100034c4 <sdio_pio_card_init+0xe0>)
1000347c:	f004 ff2c 	bl	100082d8 <__wrap_printf>
10003480:	2501      	movs	r5, #1
10003482:	0028      	movs	r0, r5
10003484:	f7ff f8d2 	bl	1000262c <sdio_pio_finish_init_with_rca>
10003488:	e7b6      	b.n	100033f8 <sdio_pio_card_init+0x14>
1000348a:	9d01      	ldr	r5, [sp, #4]
1000348c:	480e      	ldr	r0, [pc, #56]	@ (100034c8 <sdio_pio_card_init+0xe4>)
1000348e:	0c2d      	lsrs	r5, r5, #16
10003490:	0029      	movs	r1, r5
10003492:	f004 ff21 	bl	100082d8 <__wrap_printf>
10003496:	e7f4      	b.n	10003482 <sdio_pio_card_init+0x9e>
10003498:	9d01      	ldr	r5, [sp, #4]
1000349a:	0022      	movs	r2, r4
1000349c:	0c2d      	lsrs	r5, r5, #16
1000349e:	0029      	movs	r1, r5
100034a0:	480a      	ldr	r0, [pc, #40]	@ (100034cc <sdio_pio_card_init+0xe8>)
100034a2:	f004 ff19 	bl	100082d8 <__wrap_printf>
100034a6:	e7ec      	b.n	10003482 <sdio_pio_card_init+0x9e>
100034a8:	9d01      	ldr	r5, [sp, #4]
100034aa:	4809      	ldr	r0, [pc, #36]	@ (100034d0 <sdio_pio_card_init+0xec>)
100034ac:	0c2d      	lsrs	r5, r5, #16
100034ae:	0029      	movs	r1, r5
100034b0:	f004 ff12 	bl	100082d8 <__wrap_printf>
100034b4:	e7e5      	b.n	10003482 <sdio_pio_card_init+0x9e>
100034b6:	46c0      	nop			@ (mov r8, r8)
100034b8:	1000b318 	.word	0x1000b318
100034bc:	1000b33c 	.word	0x1000b33c
100034c0:	1000b364 	.word	0x1000b364
100034c4:	1000b3b4 	.word	0x1000b3b4
100034c8:	1000b390 	.word	0x1000b390
100034cc:	1000b400 	.word	0x1000b400
100034d0:	1000b3ec 	.word	0x1000b3ec

100034d4 <tud_descriptor_device_cb>:
100034d4:	4800      	ldr	r0, [pc, #0]	@ (100034d8 <tud_descriptor_device_cb+0x4>)
100034d6:	4770      	bx	lr
100034d8:	1000bb78 	.word	0x1000bb78

100034dc <tud_descriptor_configuration_cb>:
100034dc:	4800      	ldr	r0, [pc, #0]	@ (100034e0 <tud_descriptor_configuration_cb+0x4>)
100034de:	4770      	bx	lr
100034e0:	1000bb58 	.word	0x1000bb58

100034e4 <tud_descriptor_string_cb>:
100034e4:	b570      	push	{r4, r5, r6, lr}
100034e6:	2800      	cmp	r0, #0
100034e8:	d021      	beq.n	1000352e <tud_descriptor_string_cb+0x4a>
100034ea:	2803      	cmp	r0, #3
100034ec:	d825      	bhi.n	1000353a <tud_descriptor_string_cb+0x56>
100034ee:	4b14      	ldr	r3, [pc, #80]	@ (10003540 <tud_descriptor_string_cb+0x5c>)
100034f0:	0080      	lsls	r0, r0, #2
100034f2:	58c5      	ldr	r5, [r0, r3]
100034f4:	0028      	movs	r0, r5
100034f6:	f006 ff4b 	bl	1000a390 <strlen>
100034fa:	0004      	movs	r4, r0
100034fc:	281f      	cmp	r0, #31
100034fe:	d812      	bhi.n	10003526 <tud_descriptor_string_cb+0x42>
10003500:	2800      	cmp	r0, #0
10003502:	d007      	beq.n	10003514 <tud_descriptor_string_cb+0x30>
10003504:	2300      	movs	r3, #0
10003506:	4a0f      	ldr	r2, [pc, #60]	@ (10003544 <tud_descriptor_string_cb+0x60>)
10003508:	5ce9      	ldrb	r1, [r5, r3]
1000350a:	3301      	adds	r3, #1
1000350c:	8011      	strh	r1, [r2, #0]
1000350e:	3202      	adds	r2, #2
10003510:	42a3      	cmp	r3, r4
10003512:	d3f9      	bcc.n	10003508 <tud_descriptor_string_cb+0x24>
10003514:	23c0      	movs	r3, #192	@ 0xc0
10003516:	3401      	adds	r4, #1
10003518:	0064      	lsls	r4, r4, #1
1000351a:	009b      	lsls	r3, r3, #2
1000351c:	4323      	orrs	r3, r4
1000351e:	480a      	ldr	r0, [pc, #40]	@ (10003548 <tud_descriptor_string_cb+0x64>)
10003520:	b29b      	uxth	r3, r3
10003522:	8003      	strh	r3, [r0, #0]
10003524:	bd70      	pop	{r4, r5, r6, pc}
10003526:	241f      	movs	r4, #31
10003528:	2800      	cmp	r0, #0
1000352a:	d1eb      	bne.n	10003504 <tud_descriptor_string_cb+0x20>
1000352c:	e7f2      	b.n	10003514 <tud_descriptor_string_cb+0x30>
1000352e:	4b07      	ldr	r3, [pc, #28]	@ (1000354c <tud_descriptor_string_cb+0x68>)
10003530:	4805      	ldr	r0, [pc, #20]	@ (10003548 <tud_descriptor_string_cb+0x64>)
10003532:	8043      	strh	r3, [r0, #2]
10003534:	3b06      	subs	r3, #6
10003536:	3bff      	subs	r3, #255	@ 0xff
10003538:	e7f3      	b.n	10003522 <tud_descriptor_string_cb+0x3e>
1000353a:	2000      	movs	r0, #0
1000353c:	e7f2      	b.n	10003524 <tud_descriptor_string_cb+0x40>
1000353e:	46c0      	nop			@ (mov r8, r8)
10003540:	1000bb44 	.word	0x1000bb44
10003544:	2000160a 	.word	0x2000160a
10003548:	20001608 	.word	0x20001608
1000354c:	00000409 	.word	0x00000409

10003550 <msc_fallback_sectors>:
10003550:	b5f0      	push	{r4, r5, r6, r7, lr}
10003552:	46c6      	mov	lr, r8
10003554:	0004      	movs	r4, r0
10003556:	000d      	movs	r5, r1
10003558:	001f      	movs	r7, r3
1000355a:	b500      	push	{lr}
1000355c:	2a00      	cmp	r2, #0
1000355e:	d024      	beq.n	100035aa <msc_fallback_sectors+0x5a>
10003560:	4b45      	ldr	r3, [pc, #276]	@ (10003678 <msc_fallback_sectors+0x128>)
10003562:	1816      	adds	r6, r2, r0
10003564:	4698      	mov	r8, r3
10003566:	4643      	mov	r3, r8
10003568:	6818      	ldr	r0, [r3, #0]
1000356a:	2800      	cmp	r0, #0
1000356c:	d00e      	beq.n	1000358c <msc_fallback_sectors+0x3c>
1000356e:	2100      	movs	r1, #0
10003570:	4a42      	ldr	r2, [pc, #264]	@ (1000367c <msc_fallback_sectors+0x12c>)
10003572:	7a13      	ldrb	r3, [r2, #8]
10003574:	2b00      	cmp	r3, #0
10003576:	d005      	beq.n	10003584 <msc_fallback_sectors+0x34>
10003578:	6813      	ldr	r3, [r2, #0]
1000357a:	42a3      	cmp	r3, r4
1000357c:	d802      	bhi.n	10003584 <msc_fallback_sectors+0x34>
1000357e:	6853      	ldr	r3, [r2, #4]
10003580:	42a3      	cmp	r3, r4
10003582:	d25f      	bcs.n	10003644 <msc_fallback_sectors+0xf4>
10003584:	3101      	adds	r1, #1
10003586:	320c      	adds	r2, #12
10003588:	4281      	cmp	r1, r0
1000358a:	d1f2      	bne.n	10003572 <msc_fallback_sectors+0x22>
1000358c:	0029      	movs	r1, r5
1000358e:	0020      	movs	r0, r4
10003590:	2f00      	cmp	r7, #0
10003592:	d00e      	beq.n	100035b2 <msc_fallback_sectors+0x62>
10003594:	f7fd ffce 	bl	10001534 <ata_write_sector_fast>
10003598:	2800      	cmp	r0, #0
1000359a:	d00e      	beq.n	100035ba <msc_fallback_sectors+0x6a>
1000359c:	2380      	movs	r3, #128	@ 0x80
1000359e:	009b      	lsls	r3, r3, #2
100035a0:	469c      	mov	ip, r3
100035a2:	3401      	adds	r4, #1
100035a4:	4465      	add	r5, ip
100035a6:	42b4      	cmp	r4, r6
100035a8:	d1dd      	bne.n	10003566 <msc_fallback_sectors+0x16>
100035aa:	2000      	movs	r0, #0
100035ac:	bc80      	pop	{r7}
100035ae:	46b8      	mov	r8, r7
100035b0:	bdf0      	pop	{r4, r5, r6, r7, pc}
100035b2:	f7fd ff4d 	bl	10001450 <ata_read_sector_fast>
100035b6:	2800      	cmp	r0, #0
100035b8:	d1f0      	bne.n	1000359c <msc_fallback_sectors+0x4c>
100035ba:	4643      	mov	r3, r8
100035bc:	4d2f      	ldr	r5, [pc, #188]	@ (1000367c <msc_fallback_sectors+0x12c>)
100035be:	6818      	ldr	r0, [r3, #0]
100035c0:	2200      	movs	r2, #0
100035c2:	002b      	movs	r3, r5
100035c4:	2800      	cmp	r0, #0
100035c6:	d00c      	beq.n	100035e2 <msc_fallback_sectors+0x92>
100035c8:	7a19      	ldrb	r1, [r3, #8]
100035ca:	2900      	cmp	r1, #0
100035cc:	d005      	beq.n	100035da <msc_fallback_sectors+0x8a>
100035ce:	6819      	ldr	r1, [r3, #0]
100035d0:	42a1      	cmp	r1, r4
100035d2:	d802      	bhi.n	100035da <msc_fallback_sectors+0x8a>
100035d4:	6859      	ldr	r1, [r3, #4]
100035d6:	42a1      	cmp	r1, r4
100035d8:	d20e      	bcs.n	100035f8 <msc_fallback_sectors+0xa8>
100035da:	3201      	adds	r2, #1
100035dc:	330c      	adds	r3, #12
100035de:	4290      	cmp	r0, r2
100035e0:	d1f2      	bne.n	100035c8 <msc_fallback_sectors+0x78>
100035e2:	2f00      	cmp	r7, #0
100035e4:	d039      	beq.n	1000365a <msc_fallback_sectors+0x10a>
100035e6:	4926      	ldr	r1, [pc, #152]	@ (10003680 <msc_fallback_sectors+0x130>)
100035e8:	0022      	movs	r2, r4
100035ea:	4826      	ldr	r0, [pc, #152]	@ (10003684 <msc_fallback_sectors+0x134>)
100035ec:	f004 fe74 	bl	100082d8 <__wrap_printf>
100035f0:	4643      	mov	r3, r8
100035f2:	6818      	ldr	r0, [r3, #0]
100035f4:	2800      	cmp	r0, #0
100035f6:	d03d      	beq.n	10003674 <msc_fallback_sectors+0x124>
100035f8:	002b      	movs	r3, r5
100035fa:	2200      	movs	r2, #0
100035fc:	1c67      	adds	r7, r4, #1
100035fe:	7a19      	ldrb	r1, [r3, #8]
10003600:	2900      	cmp	r1, #0
10003602:	d00a      	beq.n	1000361a <msc_fallback_sectors+0xca>
10003604:	681e      	ldr	r6, [r3, #0]
10003606:	6859      	ldr	r1, [r3, #4]
10003608:	42a6      	cmp	r6, r4
1000360a:	d801      	bhi.n	10003610 <msc_fallback_sectors+0xc0>
1000360c:	42a1      	cmp	r1, r4
1000360e:	d215      	bcs.n	1000363c <msc_fallback_sectors+0xec>
10003610:	3101      	adds	r1, #1
10003612:	42a1      	cmp	r1, r4
10003614:	d028      	beq.n	10003668 <msc_fallback_sectors+0x118>
10003616:	42be      	cmp	r6, r7
10003618:	d021      	beq.n	1000365e <msc_fallback_sectors+0x10e>
1000361a:	3201      	adds	r2, #1
1000361c:	330c      	adds	r3, #12
1000361e:	4290      	cmp	r0, r2
10003620:	d1ed      	bne.n	100035fe <msc_fallback_sectors+0xae>
10003622:	2810      	cmp	r0, #16
10003624:	d00a      	beq.n	1000363c <msc_fallback_sectors+0xec>
10003626:	1c43      	adds	r3, r0, #1
10003628:	4642      	mov	r2, r8
1000362a:	6013      	str	r3, [r2, #0]
1000362c:	0043      	lsls	r3, r0, #1
1000362e:	181b      	adds	r3, r3, r0
10003630:	009b      	lsls	r3, r3, #2
10003632:	50ec      	str	r4, [r5, r3]
10003634:	18ed      	adds	r5, r5, r3
10003636:	2301      	movs	r3, #1
10003638:	606c      	str	r4, [r5, #4]
1000363a:	722b      	strb	r3, [r5, #8]
1000363c:	f7fd fe14 	bl	10001268 <ata_error_recovery>
10003640:	2001      	movs	r0, #1
10003642:	e7b3      	b.n	100035ac <msc_fallback_sectors+0x5c>
10003644:	2f00      	cmp	r7, #0
10003646:	d106      	bne.n	10003656 <msc_fallback_sectors+0x106>
10003648:	490f      	ldr	r1, [pc, #60]	@ (10003688 <msc_fallback_sectors+0x138>)
1000364a:	0022      	movs	r2, r4
1000364c:	480f      	ldr	r0, [pc, #60]	@ (1000368c <msc_fallback_sectors+0x13c>)
1000364e:	f004 fe43 	bl	100082d8 <__wrap_printf>
10003652:	2001      	movs	r0, #1
10003654:	e7aa      	b.n	100035ac <msc_fallback_sectors+0x5c>
10003656:	490a      	ldr	r1, [pc, #40]	@ (10003680 <msc_fallback_sectors+0x130>)
10003658:	e7f7      	b.n	1000364a <msc_fallback_sectors+0xfa>
1000365a:	490b      	ldr	r1, [pc, #44]	@ (10003688 <msc_fallback_sectors+0x138>)
1000365c:	e7c4      	b.n	100035e8 <msc_fallback_sectors+0x98>
1000365e:	0053      	lsls	r3, r2, #1
10003660:	189b      	adds	r3, r3, r2
10003662:	009b      	lsls	r3, r3, #2
10003664:	50ec      	str	r4, [r5, r3]
10003666:	e7e9      	b.n	1000363c <msc_fallback_sectors+0xec>
10003668:	0053      	lsls	r3, r2, #1
1000366a:	189b      	adds	r3, r3, r2
1000366c:	009b      	lsls	r3, r3, #2
1000366e:	18eb      	adds	r3, r5, r3
10003670:	605c      	str	r4, [r3, #4]
10003672:	e7e3      	b.n	1000363c <msc_fallback_sectors+0xec>
10003674:	2301      	movs	r3, #1
10003676:	e7d7      	b.n	10003628 <msc_fallback_sectors+0xd8>
10003678:	20009874 	.word	0x20009874
1000367c:	200097b4 	.word	0x200097b4
10003680:	1000b458 	.word	0x1000b458
10003684:	1000b48c 	.word	0x1000b48c
10003688:	1000b460 	.word	0x1000b460
1000368c:	1000b468 	.word	0x1000b468

10003690 <wb_flush>:
10003690:	b5f0      	push	{r4, r5, r6, r7, lr}
10003692:	46c6      	mov	lr, r8
10003694:	4b1d      	ldr	r3, [pc, #116]	@ (1000370c <wb_flush+0x7c>)
10003696:	b500      	push	{lr}
10003698:	781a      	ldrb	r2, [r3, #0]
1000369a:	2a00      	cmp	r2, #0
1000369c:	d102      	bne.n	100036a4 <wb_flush+0x14>
1000369e:	bc80      	pop	{r7}
100036a0:	46b8      	mov	r8, r7
100036a2:	bdf0      	pop	{r4, r5, r6, r7, pc}
100036a4:	2200      	movs	r2, #0
100036a6:	24d0      	movs	r4, #208	@ 0xd0
100036a8:	2580      	movs	r5, #128	@ 0x80
100036aa:	701a      	strb	r2, [r3, #0]
100036ac:	4f18      	ldr	r7, [pc, #96]	@ (10003710 <wb_flush+0x80>)
100036ae:	4b19      	ldr	r3, [pc, #100]	@ (10003714 <wb_flush+0x84>)
100036b0:	4e19      	ldr	r6, [pc, #100]	@ (10003718 <wb_flush+0x88>)
100036b2:	0624      	lsls	r4, r4, #24
100036b4:	032d      	lsls	r5, r5, #12
100036b6:	61a5      	str	r5, [r4, #24]
100036b8:	001a      	movs	r2, r3
100036ba:	7839      	ldrb	r1, [r7, #0]
100036bc:	6830      	ldr	r0, [r6, #0]
100036be:	4698      	mov	r8, r3
100036c0:	f7fd fbc8 	bl	10000e54 <ata_write_sectors>
100036c4:	2800      	cmp	r0, #0
100036c6:	d001      	beq.n	100036cc <wb_flush+0x3c>
100036c8:	6165      	str	r5, [r4, #20]
100036ca:	e7e8      	b.n	1000369e <wb_flush+0xe>
100036cc:	683a      	ldr	r2, [r7, #0]
100036ce:	6831      	ldr	r1, [r6, #0]
100036d0:	4812      	ldr	r0, [pc, #72]	@ (1000371c <wb_flush+0x8c>)
100036d2:	f004 fe01 	bl	100082d8 <__wrap_printf>
100036d6:	f7fd fdc7 	bl	10001268 <ata_error_recovery>
100036da:	2301      	movs	r3, #1
100036dc:	4641      	mov	r1, r8
100036de:	683a      	ldr	r2, [r7, #0]
100036e0:	6830      	ldr	r0, [r6, #0]
100036e2:	f7ff ff35 	bl	10003550 <msc_fallback_sectors>
100036e6:	6165      	str	r5, [r4, #20]
100036e8:	2800      	cmp	r0, #0
100036ea:	d0d8      	beq.n	1000369e <wb_flush+0xe>
100036ec:	2580      	movs	r5, #128	@ 0x80
100036ee:	683a      	ldr	r2, [r7, #0]
100036f0:	6831      	ldr	r1, [r6, #0]
100036f2:	02ad      	lsls	r5, r5, #10
100036f4:	480a      	ldr	r0, [pc, #40]	@ (10003720 <wb_flush+0x90>)
100036f6:	f004 fdef 	bl	100082d8 <__wrap_printf>
100036fa:	2050      	movs	r0, #80	@ 0x50
100036fc:	6165      	str	r5, [r4, #20]
100036fe:	f001 fb75 	bl	10004dec <sleep_ms>
10003702:	2201      	movs	r2, #1
10003704:	4b07      	ldr	r3, [pc, #28]	@ (10003724 <wb_flush+0x94>)
10003706:	61a5      	str	r5, [r4, #24]
10003708:	701a      	strb	r2, [r3, #0]
1000370a:	e7c8      	b.n	1000369e <wb_flush+0xe>
1000370c:	2001a42a 	.word	0x2001a42a
10003710:	20019ff8 	.word	0x20019ff8
10003714:	20011ff8 	.word	0x20011ff8
10003718:	20019ffc 	.word	0x20019ffc
1000371c:	1000b4ac 	.word	0x1000b4ac
10003720:	1000b4f0 	.word	0x1000b4f0
10003724:	2001a429 	.word	0x2001a429

10003728 <msc_touch_activity>:
10003728:	b5f0      	push	{r4, r5, r6, r7, lr}
1000372a:	46ce      	mov	lr, r9
1000372c:	4647      	mov	r7, r8
1000372e:	b580      	push	{r7, lr}
10003730:	b083      	sub	sp, #12
10003732:	0004      	movs	r4, r0
10003734:	f001 fc70 	bl	10005018 <time_us_64>
10003738:	2900      	cmp	r1, #0
1000373a:	d00f      	beq.n	1000375c <msc_touch_activity+0x34>
1000373c:	22fa      	movs	r2, #250	@ 0xfa
1000373e:	2300      	movs	r3, #0
10003740:	0092      	lsls	r2, r2, #2
10003742:	f002 f86d 	bl	10005820 <__wrap___aeabi_uldivmod>
10003746:	4e5f      	ldr	r6, [pc, #380]	@ (100038c4 <msc_touch_activity+0x19c>)
10003748:	4f5f      	ldr	r7, [pc, #380]	@ (100038c8 <msc_touch_activity+0x1a0>)
1000374a:	6030      	str	r0, [r6, #0]
1000374c:	783b      	ldrb	r3, [r7, #0]
1000374e:	2b00      	cmp	r3, #0
10003750:	d10e      	bne.n	10003770 <msc_touch_activity+0x48>
10003752:	b003      	add	sp, #12
10003754:	bcc0      	pop	{r6, r7}
10003756:	46b9      	mov	r9, r7
10003758:	46b0      	mov	r8, r6
1000375a:	bdf0      	pop	{r4, r5, r6, r7, pc}
1000375c:	21fa      	movs	r1, #250	@ 0xfa
1000375e:	0089      	lsls	r1, r1, #2
10003760:	f002 f820 	bl	100057a4 <__wrap___aeabi_uidiv>
10003764:	4e57      	ldr	r6, [pc, #348]	@ (100038c4 <msc_touch_activity+0x19c>)
10003766:	4f58      	ldr	r7, [pc, #352]	@ (100038c8 <msc_touch_activity+0x1a0>)
10003768:	6030      	str	r0, [r6, #0]
1000376a:	783b      	ldrb	r3, [r7, #0]
1000376c:	2b00      	cmp	r3, #0
1000376e:	d0f0      	beq.n	10003752 <msc_touch_activity+0x2a>
10003770:	0021      	movs	r1, r4
10003772:	4856      	ldr	r0, [pc, #344]	@ (100038cc <msc_touch_activity+0x1a4>)
10003774:	f004 fdb0 	bl	100082d8 <__wrap_printf>
10003778:	f7fd f884 	bl	10000884 <hdd_power_on>
1000377c:	23d0      	movs	r3, #208	@ 0xd0
1000377e:	2280      	movs	r2, #128	@ 0x80
10003780:	061b      	lsls	r3, r3, #24
10003782:	0252      	lsls	r2, r2, #9
10003784:	619a      	str	r2, [r3, #24]
10003786:	200a      	movs	r0, #10
10003788:	f001 fb30 	bl	10004dec <sleep_ms>
1000378c:	2001      	movs	r0, #1
1000378e:	2100      	movs	r1, #0
10003790:	4240      	negs	r0, r0
10003792:	f005 f97b 	bl	10008a8c <tud_task_ext>
10003796:	484e      	ldr	r0, [pc, #312]	@ (100038d0 <msc_touch_activity+0x1a8>)
10003798:	f004 fd1a 	bl	100081d0 <__wrap_puts>
1000379c:	f7ff fdbe 	bl	1000331c <sdio_pio_acquire_pins>
100037a0:	484c      	ldr	r0, [pc, #304]	@ (100038d4 <msc_touch_activity+0x1ac>)
100037a2:	f7fe fdd1 	bl	10002348 <sdio_pio_set_clkdiv>
100037a6:	f7ff fdf7 	bl	10003398 <sdio_pio_try_warm_probe>
100037aa:	2800      	cmp	r0, #0
100037ac:	d115      	bne.n	100037da <msc_touch_activity+0xb2>
100037ae:	2464      	movs	r4, #100	@ 0x64
100037b0:	e005      	b.n	100037be <msc_touch_activity+0x96>
100037b2:	3064      	adds	r0, #100	@ 0x64
100037b4:	3c01      	subs	r4, #1
100037b6:	f001 fb19 	bl	10004dec <sleep_ms>
100037ba:	2c00      	cmp	r4, #0
100037bc:	d06e      	beq.n	1000389c <msc_touch_activity+0x174>
100037be:	2001      	movs	r0, #1
100037c0:	2100      	movs	r1, #0
100037c2:	4240      	negs	r0, r0
100037c4:	f005 f962 	bl	10008a8c <tud_task_ext>
100037c8:	f7ff fda8 	bl	1000331c <sdio_pio_acquire_pins>
100037cc:	4841      	ldr	r0, [pc, #260]	@ (100038d4 <msc_touch_activity+0x1ac>)
100037ce:	f7fe fdbb 	bl	10002348 <sdio_pio_set_clkdiv>
100037d2:	f7ff fe07 	bl	100033e4 <sdio_pio_card_init>
100037d6:	2800      	cmp	r0, #0
100037d8:	d0eb      	beq.n	100037b2 <msc_touch_activity+0x8a>
100037da:	466b      	mov	r3, sp
100037dc:	1ddc      	adds	r4, r3, #7
100037de:	2300      	movs	r3, #0
100037e0:	7023      	strb	r3, [r4, #0]
100037e2:	f001 fc19 	bl	10005018 <time_us_64>
100037e6:	2900      	cmp	r1, #0
100037e8:	d052      	beq.n	10003890 <msc_touch_activity+0x168>
100037ea:	22fa      	movs	r2, #250	@ 0xfa
100037ec:	2300      	movs	r3, #0
100037ee:	0092      	lsls	r2, r2, #2
100037f0:	f002 f816 	bl	10005820 <__wrap___aeabi_uldivmod>
100037f4:	0005      	movs	r5, r0
100037f6:	233f      	movs	r3, #63	@ 0x3f
100037f8:	4698      	mov	r8, r3
100037fa:	e017      	b.n	1000382c <msc_touch_activity+0x104>
100037fc:	22fa      	movs	r2, #250	@ 0xfa
100037fe:	2300      	movs	r3, #0
10003800:	0092      	lsls	r2, r2, #2
10003802:	f002 f80d 	bl	10005820 <__wrap___aeabi_uldivmod>
10003806:	1b40      	subs	r0, r0, r5
10003808:	281d      	cmp	r0, #29
1000380a:	d81a      	bhi.n	10003842 <msc_touch_activity+0x11a>
1000380c:	0022      	movs	r2, r4
1000380e:	2107      	movs	r1, #7
10003810:	2001      	movs	r0, #1
10003812:	f7fe ffd9 	bl	100027c8 <sdio_pio_cmd52_read>
10003816:	2800      	cmp	r0, #0
10003818:	d005      	beq.n	10003826 <msc_touch_activity+0xfe>
1000381a:	4642      	mov	r2, r8
1000381c:	7823      	ldrb	r3, [r4, #0]
1000381e:	4699      	mov	r9, r3
10003820:	4393      	bics	r3, r2
10003822:	2b40      	cmp	r3, #64	@ 0x40
10003824:	d00f      	beq.n	10003846 <msc_touch_activity+0x11e>
10003826:	2001      	movs	r0, #1
10003828:	f001 fae0 	bl	10004dec <sleep_ms>
1000382c:	f001 fbf4 	bl	10005018 <time_us_64>
10003830:	2900      	cmp	r1, #0
10003832:	d1e3      	bne.n	100037fc <msc_touch_activity+0xd4>
10003834:	21fa      	movs	r1, #250	@ 0xfa
10003836:	0089      	lsls	r1, r1, #2
10003838:	f001 ffb4 	bl	100057a4 <__wrap___aeabi_uidiv>
1000383c:	1b40      	subs	r0, r0, r5
1000383e:	281d      	cmp	r0, #29
10003840:	d9e4      	bls.n	1000380c <msc_touch_activity+0xe4>
10003842:	7823      	ldrb	r3, [r4, #0]
10003844:	4699      	mov	r9, r3
10003846:	f001 fbe7 	bl	10005018 <time_us_64>
1000384a:	2900      	cmp	r1, #0
1000384c:	d035      	beq.n	100038ba <msc_touch_activity+0x192>
1000384e:	22fa      	movs	r2, #250	@ 0xfa
10003850:	2300      	movs	r3, #0
10003852:	0092      	lsls	r2, r2, #2
10003854:	f001 ffe4 	bl	10005820 <__wrap___aeabi_uldivmod>
10003858:	1b42      	subs	r2, r0, r5
1000385a:	4649      	mov	r1, r9
1000385c:	481e      	ldr	r0, [pc, #120]	@ (100038d8 <msc_touch_activity+0x1b0>)
1000385e:	f004 fd3b 	bl	100082d8 <__wrap_printf>
10003862:	23d0      	movs	r3, #208	@ 0xd0
10003864:	2280      	movs	r2, #128	@ 0x80
10003866:	061b      	lsls	r3, r3, #24
10003868:	0292      	lsls	r2, r2, #10
1000386a:	619a      	str	r2, [r3, #24]
1000386c:	2300      	movs	r3, #0
1000386e:	2201      	movs	r2, #1
10003870:	703b      	strb	r3, [r7, #0]
10003872:	4b1a      	ldr	r3, [pc, #104]	@ (100038dc <msc_touch_activity+0x1b4>)
10003874:	701a      	strb	r2, [r3, #0]
10003876:	4b1a      	ldr	r3, [pc, #104]	@ (100038e0 <msc_touch_activity+0x1b8>)
10003878:	701a      	strb	r2, [r3, #0]
1000387a:	f001 fbcd 	bl	10005018 <time_us_64>
1000387e:	2900      	cmp	r1, #0
10003880:	d015      	beq.n	100038ae <msc_touch_activity+0x186>
10003882:	22fa      	movs	r2, #250	@ 0xfa
10003884:	2300      	movs	r3, #0
10003886:	0092      	lsls	r2, r2, #2
10003888:	f001 ffca 	bl	10005820 <__wrap___aeabi_uldivmod>
1000388c:	6030      	str	r0, [r6, #0]
1000388e:	e760      	b.n	10003752 <msc_touch_activity+0x2a>
10003890:	21fa      	movs	r1, #250	@ 0xfa
10003892:	0089      	lsls	r1, r1, #2
10003894:	f001 ff86 	bl	100057a4 <__wrap___aeabi_uidiv>
10003898:	0005      	movs	r5, r0
1000389a:	e7ac      	b.n	100037f6 <msc_touch_activity+0xce>
1000389c:	4811      	ldr	r0, [pc, #68]	@ (100038e4 <msc_touch_activity+0x1bc>)
1000389e:	f004 fc97 	bl	100081d0 <__wrap_puts>
100038a2:	23d0      	movs	r3, #208	@ 0xd0
100038a4:	2280      	movs	r2, #128	@ 0x80
100038a6:	061b      	lsls	r3, r3, #24
100038a8:	0292      	lsls	r2, r2, #10
100038aa:	615a      	str	r2, [r3, #20]
100038ac:	e751      	b.n	10003752 <msc_touch_activity+0x2a>
100038ae:	21fa      	movs	r1, #250	@ 0xfa
100038b0:	0089      	lsls	r1, r1, #2
100038b2:	f001 ff77 	bl	100057a4 <__wrap___aeabi_uidiv>
100038b6:	6030      	str	r0, [r6, #0]
100038b8:	e74b      	b.n	10003752 <msc_touch_activity+0x2a>
100038ba:	21fa      	movs	r1, #250	@ 0xfa
100038bc:	0089      	lsls	r1, r1, #2
100038be:	f001 ff71 	bl	100057a4 <__wrap___aeabi_uidiv>
100038c2:	e7c9      	b.n	10003858 <msc_touch_activity+0x130>
100038c4:	20009fc4 	.word	0x20009fc4
100038c8:	2001a428 	.word	0x2001a428
100038cc:	1000b520 	.word	0x1000b520
100038d0:	1000b548 	.word	0x1000b548
100038d4:	427a0000 	.word	0x427a0000
100038d8:	1000b568 	.word	0x1000b568
100038dc:	20000fa8 	.word	0x20000fa8
100038e0:	2001a424 	.word	0x2001a424
100038e4:	1000b590 	.word	0x1000b590

100038e8 <msc_transfer>:
100038e8:	b5f0      	push	{r4, r5, r6, r7, lr}
100038ea:	4657      	mov	r7, sl
100038ec:	464e      	mov	r6, r9
100038ee:	4645      	mov	r5, r8
100038f0:	46de      	mov	lr, fp
100038f2:	b5e0      	push	{r5, r6, r7, lr}
100038f4:	b087      	sub	sp, #28
100038f6:	469a      	mov	sl, r3
100038f8:	9101      	str	r1, [sp, #4]
100038fa:	2380      	movs	r3, #128	@ 0x80
100038fc:	2101      	movs	r1, #1
100038fe:	4681      	mov	r9, r0
10003900:	4688      	mov	r8, r1
10003902:	009b      	lsls	r3, r3, #2
10003904:	429a      	cmp	r2, r3
10003906:	d306      	bcc.n	10003916 <msc_transfer+0x2e>
10003908:	2380      	movs	r3, #128	@ 0x80
1000390a:	029b      	lsls	r3, r3, #10
1000390c:	429a      	cmp	r2, r3
1000390e:	d300      	bcc.n	10003912 <msc_transfer+0x2a>
10003910:	e09c      	b.n	10003a4c <msc_transfer+0x164>
10003912:	0a53      	lsrs	r3, r2, #9
10003914:	4698      	mov	r8, r3
10003916:	f7ff febb 	bl	10003690 <wb_flush>
1000391a:	4b7e      	ldr	r3, [pc, #504]	@ (10003b14 <msc_transfer+0x22c>)
1000391c:	781b      	ldrb	r3, [r3, #0]
1000391e:	2b00      	cmp	r3, #0
10003920:	d003      	beq.n	1000392a <msc_transfer+0x42>
10003922:	4b7d      	ldr	r3, [pc, #500]	@ (10003b18 <msc_transfer+0x230>)
10003924:	681b      	ldr	r3, [r3, #0]
10003926:	4599      	cmp	r9, r3
10003928:	d30e      	bcc.n	10003948 <msc_transfer+0x60>
1000392a:	2300      	movs	r3, #0
1000392c:	2221      	movs	r2, #33	@ 0x21
1000392e:	2105      	movs	r1, #5
10003930:	2000      	movs	r0, #0
10003932:	f005 fedb 	bl	100096ec <tud_msc_set_sense>
10003936:	2001      	movs	r0, #1
10003938:	4240      	negs	r0, r0
1000393a:	b007      	add	sp, #28
1000393c:	bcf0      	pop	{r4, r5, r6, r7}
1000393e:	46bb      	mov	fp, r7
10003940:	46b2      	mov	sl, r6
10003942:	46a9      	mov	r9, r5
10003944:	46a0      	mov	r8, r4
10003946:	bdf0      	pop	{r4, r5, r6, r7, pc}
10003948:	464a      	mov	r2, r9
1000394a:	1a9b      	subs	r3, r3, r2
1000394c:	4543      	cmp	r3, r8
1000394e:	d3ec      	bcc.n	1000392a <msc_transfer+0x42>
10003950:	4653      	mov	r3, sl
10003952:	2b00      	cmp	r3, #0
10003954:	d100      	bne.n	10003958 <msc_transfer+0x70>
10003956:	e08d      	b.n	10003a74 <msc_transfer+0x18c>
10003958:	4870      	ldr	r0, [pc, #448]	@ (10003b1c <msc_transfer+0x234>)
1000395a:	f7ff fee5 	bl	10003728 <msc_touch_activity>
1000395e:	4b70      	ldr	r3, [pc, #448]	@ (10003b20 <msc_transfer+0x238>)
10003960:	781b      	ldrb	r3, [r3, #0]
10003962:	2b00      	cmp	r3, #0
10003964:	d000      	beq.n	10003968 <msc_transfer+0x80>
10003966:	e0ce      	b.n	10003b06 <msc_transfer+0x21e>
10003968:	2201      	movs	r2, #1
1000396a:	4b6e      	ldr	r3, [pc, #440]	@ (10003b24 <msc_transfer+0x23c>)
1000396c:	4252      	negs	r2, r2
1000396e:	601a      	str	r2, [r3, #0]
10003970:	4b6d      	ldr	r3, [pc, #436]	@ (10003b28 <msc_transfer+0x240>)
10003972:	601a      	str	r2, [r3, #0]
10003974:	23d0      	movs	r3, #208	@ 0xd0
10003976:	2280      	movs	r2, #128	@ 0x80
10003978:	061b      	lsls	r3, r3, #24
1000397a:	0312      	lsls	r2, r2, #12
1000397c:	619a      	str	r2, [r3, #24]
1000397e:	4b6b      	ldr	r3, [pc, #428]	@ (10003b2c <msc_transfer+0x244>)
10003980:	9304      	str	r3, [sp, #16]
10003982:	2300      	movs	r3, #0
10003984:	2600      	movs	r6, #0
10003986:	9302      	str	r3, [sp, #8]
10003988:	4b69      	ldr	r3, [pc, #420]	@ (10003b30 <msc_transfer+0x248>)
1000398a:	469b      	mov	fp, r3
1000398c:	4b69      	ldr	r3, [pc, #420]	@ (10003b34 <msc_transfer+0x24c>)
1000398e:	9305      	str	r3, [sp, #20]
10003990:	4b64      	ldr	r3, [pc, #400]	@ (10003b24 <msc_transfer+0x23c>)
10003992:	9303      	str	r3, [sp, #12]
10003994:	4643      	mov	r3, r8
10003996:	1b9d      	subs	r5, r3, r6
10003998:	2d40      	cmp	r5, #64	@ 0x40
1000399a:	d900      	bls.n	1000399e <msc_transfer+0xb6>
1000399c:	2540      	movs	r5, #64	@ 0x40
1000399e:	9a01      	ldr	r2, [sp, #4]
100039a0:	0277      	lsls	r7, r6, #9
100039a2:	003b      	movs	r3, r7
100039a4:	4694      	mov	ip, r2
100039a6:	4463      	add	r3, ip
100039a8:	9300      	str	r3, [sp, #0]
100039aa:	464b      	mov	r3, r9
100039ac:	199c      	adds	r4, r3, r6
100039ae:	465b      	mov	r3, fp
100039b0:	6818      	ldr	r0, [r3, #0]
100039b2:	2800      	cmp	r0, #0
100039b4:	d00f      	beq.n	100039d6 <msc_transfer+0xee>
100039b6:	2200      	movs	r2, #0
100039b8:	4b5f      	ldr	r3, [pc, #380]	@ (10003b38 <msc_transfer+0x250>)
100039ba:	1967      	adds	r7, r4, r5
100039bc:	7a19      	ldrb	r1, [r3, #8]
100039be:	2900      	cmp	r1, #0
100039c0:	d005      	beq.n	100039ce <msc_transfer+0xe6>
100039c2:	6819      	ldr	r1, [r3, #0]
100039c4:	428f      	cmp	r7, r1
100039c6:	d902      	bls.n	100039ce <msc_transfer+0xe6>
100039c8:	6859      	ldr	r1, [r3, #4]
100039ca:	428c      	cmp	r4, r1
100039cc:	d920      	bls.n	10003a10 <msc_transfer+0x128>
100039ce:	3201      	adds	r2, #1
100039d0:	330c      	adds	r3, #12
100039d2:	4282      	cmp	r2, r0
100039d4:	d1f2      	bne.n	100039bc <msc_transfer+0xd4>
100039d6:	4653      	mov	r3, sl
100039d8:	2b00      	cmp	r3, #0
100039da:	d13a      	bne.n	10003a52 <msc_transfer+0x16a>
100039dc:	9b03      	ldr	r3, [sp, #12]
100039de:	681b      	ldr	r3, [r3, #0]
100039e0:	1c5a      	adds	r2, r3, #1
100039e2:	d006      	beq.n	100039f2 <msc_transfer+0x10a>
100039e4:	429c      	cmp	r4, r3
100039e6:	d304      	bcc.n	100039f2 <msc_transfer+0x10a>
100039e8:	0019      	movs	r1, r3
100039ea:	1962      	adds	r2, r4, r5
100039ec:	3140      	adds	r1, #64	@ 0x40
100039ee:	428a      	cmp	r2, r1
100039f0:	d937      	bls.n	10003a62 <msc_transfer+0x17a>
100039f2:	0020      	movs	r0, r4
100039f4:	9a00      	ldr	r2, [sp, #0]
100039f6:	b2e9      	uxtb	r1, r5
100039f8:	f7fd f960 	bl	10000cbc <ata_read_sectors>
100039fc:	2800      	cmp	r0, #0
100039fe:	d114      	bne.n	10003a2a <msc_transfer+0x142>
10003a00:	002b      	movs	r3, r5
10003a02:	0022      	movs	r2, r4
10003a04:	9904      	ldr	r1, [sp, #16]
10003a06:	9805      	ldr	r0, [sp, #20]
10003a08:	f004 fc66 	bl	100082d8 <__wrap_printf>
10003a0c:	f7fd fc2c 	bl	10001268 <ata_error_recovery>
10003a10:	4653      	mov	r3, sl
10003a12:	002a      	movs	r2, r5
10003a14:	0020      	movs	r0, r4
10003a16:	9900      	ldr	r1, [sp, #0]
10003a18:	f7ff fd9a 	bl	10003550 <msc_fallback_sectors>
10003a1c:	9b02      	ldr	r3, [sp, #8]
10003a1e:	469c      	mov	ip, r3
10003a20:	4484      	add	ip, r0
10003a22:	4663      	mov	r3, ip
10003a24:	9302      	str	r3, [sp, #8]
10003a26:	2800      	cmp	r0, #0
10003a28:	d102      	bne.n	10003a30 <msc_transfer+0x148>
10003a2a:	1976      	adds	r6, r6, r5
10003a2c:	4546      	cmp	r6, r8
10003a2e:	d3b1      	bcc.n	10003994 <msc_transfer+0xac>
10003a30:	24d0      	movs	r4, #208	@ 0xd0
10003a32:	4653      	mov	r3, sl
10003a34:	0624      	lsls	r4, r4, #24
10003a36:	2b00      	cmp	r3, #0
10003a38:	d02b      	beq.n	10003a92 <msc_transfer+0x1aa>
10003a3a:	2380      	movs	r3, #128	@ 0x80
10003a3c:	031b      	lsls	r3, r3, #12
10003a3e:	6163      	str	r3, [r4, #20]
10003a40:	9b02      	ldr	r3, [sp, #8]
10003a42:	2b00      	cmp	r3, #0
10003a44:	d14b      	bne.n	10003ade <msc_transfer+0x1f6>
10003a46:	4643      	mov	r3, r8
10003a48:	0258      	lsls	r0, r3, #9
10003a4a:	e776      	b.n	1000393a <msc_transfer+0x52>
10003a4c:	23ff      	movs	r3, #255	@ 0xff
10003a4e:	4698      	mov	r8, r3
10003a50:	e761      	b.n	10003916 <msc_transfer+0x2e>
10003a52:	0020      	movs	r0, r4
10003a54:	9a00      	ldr	r2, [sp, #0]
10003a56:	b2e9      	uxtb	r1, r5
10003a58:	f7fd f9fc 	bl	10000e54 <ata_write_sectors>
10003a5c:	2800      	cmp	r0, #0
10003a5e:	d1e4      	bne.n	10003a2a <msc_transfer+0x142>
10003a60:	e7ce      	b.n	10003a00 <msc_transfer+0x118>
10003a62:	1ae1      	subs	r1, r4, r3
10003a64:	4b35      	ldr	r3, [pc, #212]	@ (10003b3c <msc_transfer+0x254>)
10003a66:	0249      	lsls	r1, r1, #9
10003a68:	9800      	ldr	r0, [sp, #0]
10003a6a:	026a      	lsls	r2, r5, #9
10003a6c:	18c9      	adds	r1, r1, r3
10003a6e:	f002 fda1 	bl	100065b4 <__wrap___aeabi_memcpy>
10003a72:	e7da      	b.n	10003a2a <msc_transfer+0x142>
10003a74:	4832      	ldr	r0, [pc, #200]	@ (10003b40 <msc_transfer+0x258>)
10003a76:	f7ff fe57 	bl	10003728 <msc_touch_activity>
10003a7a:	4b29      	ldr	r3, [pc, #164]	@ (10003b20 <msc_transfer+0x238>)
10003a7c:	781b      	ldrb	r3, [r3, #0]
10003a7e:	2b00      	cmp	r3, #0
10003a80:	d141      	bne.n	10003b06 <msc_transfer+0x21e>
10003a82:	23d0      	movs	r3, #208	@ 0xd0
10003a84:	2280      	movs	r2, #128	@ 0x80
10003a86:	061b      	lsls	r3, r3, #24
10003a88:	02d2      	lsls	r2, r2, #11
10003a8a:	619a      	str	r2, [r3, #24]
10003a8c:	4b2d      	ldr	r3, [pc, #180]	@ (10003b44 <msc_transfer+0x25c>)
10003a8e:	9304      	str	r3, [sp, #16]
10003a90:	e777      	b.n	10003982 <msc_transfer+0x9a>
10003a92:	2380      	movs	r3, #128	@ 0x80
10003a94:	02db      	lsls	r3, r3, #11
10003a96:	6163      	str	r3, [r4, #20]
10003a98:	9b02      	ldr	r3, [sp, #8]
10003a9a:	2b00      	cmp	r3, #0
10003a9c:	d10b      	bne.n	10003ab6 <msc_transfer+0x1ce>
10003a9e:	464a      	mov	r2, r9
10003aa0:	4b29      	ldr	r3, [pc, #164]	@ (10003b48 <msc_transfer+0x260>)
10003aa2:	4442      	add	r2, r8
10003aa4:	6819      	ldr	r1, [r3, #0]
10003aa6:	4549      	cmp	r1, r9
10003aa8:	d001      	beq.n	10003aae <msc_transfer+0x1c6>
10003aaa:	601a      	str	r2, [r3, #0]
10003aac:	e7cb      	b.n	10003a46 <msc_transfer+0x15e>
10003aae:	491e      	ldr	r1, [pc, #120]	@ (10003b28 <msc_transfer+0x240>)
10003ab0:	601a      	str	r2, [r3, #0]
10003ab2:	600a      	str	r2, [r1, #0]
10003ab4:	e7c7      	b.n	10003a46 <msc_transfer+0x15e>
10003ab6:	2580      	movs	r5, #128	@ 0x80
10003ab8:	4642      	mov	r2, r8
10003aba:	4649      	mov	r1, r9
10003abc:	9b02      	ldr	r3, [sp, #8]
10003abe:	02ad      	lsls	r5, r5, #10
10003ac0:	4822      	ldr	r0, [pc, #136]	@ (10003b4c <msc_transfer+0x264>)
10003ac2:	f004 fc09 	bl	100082d8 <__wrap_printf>
10003ac6:	2050      	movs	r0, #80	@ 0x50
10003ac8:	6165      	str	r5, [r4, #20]
10003aca:	f001 f98f 	bl	10004dec <sleep_ms>
10003ace:	2300      	movs	r3, #0
10003ad0:	2211      	movs	r2, #17
10003ad2:	2103      	movs	r1, #3
10003ad4:	0018      	movs	r0, r3
10003ad6:	61a5      	str	r5, [r4, #24]
10003ad8:	f005 fe08 	bl	100096ec <tud_msc_set_sense>
10003adc:	e72b      	b.n	10003936 <msc_transfer+0x4e>
10003ade:	2580      	movs	r5, #128	@ 0x80
10003ae0:	4642      	mov	r2, r8
10003ae2:	4649      	mov	r1, r9
10003ae4:	9b02      	ldr	r3, [sp, #8]
10003ae6:	02ad      	lsls	r5, r5, #10
10003ae8:	4818      	ldr	r0, [pc, #96]	@ (10003b4c <msc_transfer+0x264>)
10003aea:	f004 fbf5 	bl	100082d8 <__wrap_printf>
10003aee:	2050      	movs	r0, #80	@ 0x50
10003af0:	6165      	str	r5, [r4, #20]
10003af2:	f001 f97b 	bl	10004dec <sleep_ms>
10003af6:	2300      	movs	r3, #0
10003af8:	2203      	movs	r2, #3
10003afa:	0018      	movs	r0, r3
10003afc:	0011      	movs	r1, r2
10003afe:	61a5      	str	r5, [r4, #24]
10003b00:	f005 fdf4 	bl	100096ec <tud_msc_set_sense>
10003b04:	e717      	b.n	10003936 <msc_transfer+0x4e>
10003b06:	2301      	movs	r3, #1
10003b08:	2204      	movs	r2, #4
10003b0a:	2102      	movs	r1, #2
10003b0c:	2000      	movs	r0, #0
10003b0e:	f005 fded 	bl	100096ec <tud_msc_set_sense>
10003b12:	e710      	b.n	10003936 <msc_transfer+0x4e>
10003b14:	2001a421 	.word	0x2001a421
10003b18:	200099b4 	.word	0x200099b4
10003b1c:	1000acb4 	.word	0x1000acb4
10003b20:	2001a428 	.word	0x2001a428
10003b24:	20000fb4 	.word	0x20000fb4
10003b28:	20000fb0 	.word	0x20000fb0
10003b2c:	1000b458 	.word	0x1000b458
10003b30:	20009874 	.word	0x20009874
10003b34:	1000b5b0 	.word	0x1000b5b0
10003b38:	200097b4 	.word	0x200097b4
10003b3c:	20009fe0 	.word	0x20009fe0
10003b40:	1000abf0 	.word	0x1000abf0
10003b44:	1000b460 	.word	0x1000b460
10003b48:	20000fac 	.word	0x20000fac
10003b4c:	1000b5f4 	.word	0x1000b5f4

10003b50 <msc_get_last_activity_ms>:
10003b50:	4b01      	ldr	r3, [pc, #4]	@ (10003b58 <msc_get_last_activity_ms+0x8>)
10003b52:	6818      	ldr	r0, [r3, #0]
10003b54:	4770      	bx	lr
10003b56:	46c0      	nop			@ (mov r8, r8)
10003b58:	20009fc4 	.word	0x20009fc4

10003b5c <msc_is_drive_spinning>:
10003b5c:	4b04      	ldr	r3, [pc, #16]	@ (10003b70 <msc_is_drive_spinning+0x14>)
10003b5e:	781b      	ldrb	r3, [r3, #0]
10003b60:	b2d8      	uxtb	r0, r3
10003b62:	2b00      	cmp	r3, #0
10003b64:	d002      	beq.n	10003b6c <msc_is_drive_spinning+0x10>
10003b66:	4b03      	ldr	r3, [pc, #12]	@ (10003b74 <msc_is_drive_spinning+0x18>)
10003b68:	7818      	ldrb	r0, [r3, #0]
10003b6a:	b2c0      	uxtb	r0, r0
10003b6c:	4770      	bx	lr
10003b6e:	46c0      	nop			@ (mov r8, r8)
10003b70:	20000fa8 	.word	0x20000fa8
10003b74:	2001a424 	.word	0x2001a424

10003b78 <msc_is_power_gated>:
10003b78:	4b01      	ldr	r3, [pc, #4]	@ (10003b80 <msc_is_power_gated+0x8>)
10003b7a:	7818      	ldrb	r0, [r3, #0]
10003b7c:	b2c0      	uxtb	r0, r0
10003b7e:	4770      	bx	lr
10003b80:	2001a428 	.word	0x2001a428

10003b84 <msc_power_gate>:
10003b84:	b510      	push	{r4, lr}
10003b86:	f7ff fd83 	bl	10003690 <wb_flush>
10003b8a:	4810      	ldr	r0, [pc, #64]	@ (10003bcc <msc_power_gate+0x48>)
10003b8c:	f004 fb20 	bl	100081d0 <__wrap_puts>
10003b90:	f7fd fd44 	bl	1000161c <ata_standby_immediate>
10003b94:	2032      	movs	r0, #50	@ 0x32
10003b96:	f001 f929 	bl	10004dec <sleep_ms>
10003b9a:	f7fe fe71 	bl	10002880 <sdio_pio_deselect_card>
10003b9e:	2800      	cmp	r0, #0
10003ba0:	d110      	bne.n	10003bc4 <msc_power_gate+0x40>
10003ba2:	2002      	movs	r0, #2
10003ba4:	f001 f922 	bl	10004dec <sleep_ms>
10003ba8:	f7fc fe78 	bl	1000089c <hdd_power_off>
10003bac:	23d0      	movs	r3, #208	@ 0xd0
10003bae:	2280      	movs	r2, #128	@ 0x80
10003bb0:	061b      	lsls	r3, r3, #24
10003bb2:	0252      	lsls	r2, r2, #9
10003bb4:	615a      	str	r2, [r3, #20]
10003bb6:	2200      	movs	r2, #0
10003bb8:	4b05      	ldr	r3, [pc, #20]	@ (10003bd0 <msc_power_gate+0x4c>)
10003bba:	701a      	strb	r2, [r3, #0]
10003bbc:	4b05      	ldr	r3, [pc, #20]	@ (10003bd4 <msc_power_gate+0x50>)
10003bbe:	3201      	adds	r2, #1
10003bc0:	701a      	strb	r2, [r3, #0]
10003bc2:	bd10      	pop	{r4, pc}
10003bc4:	4804      	ldr	r0, [pc, #16]	@ (10003bd8 <msc_power_gate+0x54>)
10003bc6:	f004 fb03 	bl	100081d0 <__wrap_puts>
10003bca:	e7ea      	b.n	10003ba2 <msc_power_gate+0x1e>
10003bcc:	1000b634 	.word	0x1000b634
10003bd0:	20000fa8 	.word	0x20000fa8
10003bd4:	2001a428 	.word	0x2001a428
10003bd8:	1000b65c 	.word	0x1000b65c

10003bdc <msc_set_drive_params>:
10003bdc:	4b0d      	ldr	r3, [pc, #52]	@ (10003c14 <msc_set_drive_params+0x38>)
10003bde:	b510      	push	{r4, lr}
10003be0:	6018      	str	r0, [r3, #0]
10003be2:	2301      	movs	r3, #1
10003be4:	4a0c      	ldr	r2, [pc, #48]	@ (10003c18 <msc_set_drive_params+0x3c>)
10003be6:	7013      	strb	r3, [r2, #0]
10003be8:	4a0c      	ldr	r2, [pc, #48]	@ (10003c1c <msc_set_drive_params+0x40>)
10003bea:	7013      	strb	r3, [r2, #0]
10003bec:	4a0c      	ldr	r2, [pc, #48]	@ (10003c20 <msc_set_drive_params+0x44>)
10003bee:	7013      	strb	r3, [r2, #0]
10003bf0:	f001 fa12 	bl	10005018 <time_us_64>
10003bf4:	2900      	cmp	r1, #0
10003bf6:	d007      	beq.n	10003c08 <msc_set_drive_params+0x2c>
10003bf8:	22fa      	movs	r2, #250	@ 0xfa
10003bfa:	2300      	movs	r3, #0
10003bfc:	0092      	lsls	r2, r2, #2
10003bfe:	f001 fe0f 	bl	10005820 <__wrap___aeabi_uldivmod>
10003c02:	4b08      	ldr	r3, [pc, #32]	@ (10003c24 <msc_set_drive_params+0x48>)
10003c04:	6018      	str	r0, [r3, #0]
10003c06:	bd10      	pop	{r4, pc}
10003c08:	21fa      	movs	r1, #250	@ 0xfa
10003c0a:	0089      	lsls	r1, r1, #2
10003c0c:	f001 fdca 	bl	100057a4 <__wrap___aeabi_uidiv>
10003c10:	e7f7      	b.n	10003c02 <msc_set_drive_params+0x26>
10003c12:	46c0      	nop			@ (mov r8, r8)
10003c14:	200099b4 	.word	0x200099b4
10003c18:	2001a421 	.word	0x2001a421
10003c1c:	20000fa8 	.word	0x20000fa8
10003c20:	2001a424 	.word	0x2001a424
10003c24:	20009fc4 	.word	0x20009fc4

10003c28 <tud_msc_inquiry_cb>:
10003c28:	b5f0      	push	{r4, r5, r6, r7, lr}
10003c2a:	46c6      	mov	lr, r8
10003c2c:	b500      	push	{lr}
10003c2e:	b08a      	sub	sp, #40	@ 0x28
10003c30:	468c      	mov	ip, r1
10003c32:	a902      	add	r1, sp, #8
10003c34:	4698      	mov	r8, r3
10003c36:	000b      	movs	r3, r1
10003c38:	4c12      	ldr	r4, [pc, #72]	@ (10003c84 <tud_msc_inquiry_cb+0x5c>)
10003c3a:	0017      	movs	r7, r2
10003c3c:	cc24      	ldmia	r4!, {r2, r5}
10003c3e:	c324      	stmia	r3!, {r2, r5}
10003c40:	7822      	ldrb	r2, [r4, #0]
10003c42:	ad05      	add	r5, sp, #20
10003c44:	701a      	strb	r2, [r3, #0]
10003c46:	002b      	movs	r3, r5
10003c48:	4c0f      	ldr	r4, [pc, #60]	@ (10003c88 <tud_msc_inquiry_cb+0x60>)
10003c4a:	cc45      	ldmia	r4!, {r0, r2, r6}
10003c4c:	c345      	stmia	r3!, {r0, r2, r6}
10003c4e:	6822      	ldr	r2, [r4, #0]
10003c50:	4660      	mov	r0, ip
10003c52:	601a      	str	r2, [r3, #0]
10003c54:	7922      	ldrb	r2, [r4, #4]
10003c56:	711a      	strb	r2, [r3, #4]
10003c58:	4b0c      	ldr	r3, [pc, #48]	@ (10003c8c <tud_msc_inquiry_cb+0x64>)
10003c5a:	466a      	mov	r2, sp
10003c5c:	9300      	str	r3, [sp, #0]
10003c5e:	2300      	movs	r3, #0
10003c60:	7113      	strb	r3, [r2, #4]
10003c62:	2208      	movs	r2, #8
10003c64:	f002 fca6 	bl	100065b4 <__wrap___aeabi_memcpy>
10003c68:	0029      	movs	r1, r5
10003c6a:	2210      	movs	r2, #16
10003c6c:	0038      	movs	r0, r7
10003c6e:	f002 fca1 	bl	100065b4 <__wrap___aeabi_memcpy>
10003c72:	2204      	movs	r2, #4
10003c74:	4669      	mov	r1, sp
10003c76:	4640      	mov	r0, r8
10003c78:	f002 fc9c 	bl	100065b4 <__wrap___aeabi_memcpy>
10003c7c:	b00a      	add	sp, #40	@ 0x28
10003c7e:	bc80      	pop	{r7}
10003c80:	46b8      	mov	r8, r7
10003c82:	bdf0      	pop	{r4, r5, r6, r7, pc}
10003c84:	1000b678 	.word	0x1000b678
10003c88:	1000b684 	.word	0x1000b684
10003c8c:	30303130 	.word	0x30303130

10003c90 <msc_service_write_behind>:
10003c90:	b5f0      	push	{r4, r5, r6, r7, lr}
10003c92:	46c6      	mov	lr, r8
10003c94:	4b1d      	ldr	r3, [pc, #116]	@ (10003d0c <msc_service_write_behind+0x7c>)
10003c96:	b500      	push	{lr}
10003c98:	781a      	ldrb	r2, [r3, #0]
10003c9a:	2a00      	cmp	r2, #0
10003c9c:	d102      	bne.n	10003ca4 <msc_service_write_behind+0x14>
10003c9e:	bc80      	pop	{r7}
10003ca0:	46b8      	mov	r8, r7
10003ca2:	bdf0      	pop	{r4, r5, r6, r7, pc}
10003ca4:	2200      	movs	r2, #0
10003ca6:	24d0      	movs	r4, #208	@ 0xd0
10003ca8:	2580      	movs	r5, #128	@ 0x80
10003caa:	701a      	strb	r2, [r3, #0]
10003cac:	4f18      	ldr	r7, [pc, #96]	@ (10003d10 <msc_service_write_behind+0x80>)
10003cae:	4b19      	ldr	r3, [pc, #100]	@ (10003d14 <msc_service_write_behind+0x84>)
10003cb0:	4e19      	ldr	r6, [pc, #100]	@ (10003d18 <msc_service_write_behind+0x88>)
10003cb2:	0624      	lsls	r4, r4, #24
10003cb4:	032d      	lsls	r5, r5, #12
10003cb6:	61a5      	str	r5, [r4, #24]
10003cb8:	001a      	movs	r2, r3
10003cba:	7839      	ldrb	r1, [r7, #0]
10003cbc:	6830      	ldr	r0, [r6, #0]
10003cbe:	4698      	mov	r8, r3
10003cc0:	f7fd f8c8 	bl	10000e54 <ata_write_sectors>
10003cc4:	2800      	cmp	r0, #0
10003cc6:	d001      	beq.n	10003ccc <msc_service_write_behind+0x3c>
10003cc8:	6165      	str	r5, [r4, #20]
10003cca:	e7e8      	b.n	10003c9e <msc_service_write_behind+0xe>
10003ccc:	683a      	ldr	r2, [r7, #0]
10003cce:	6831      	ldr	r1, [r6, #0]
10003cd0:	4812      	ldr	r0, [pc, #72]	@ (10003d1c <msc_service_write_behind+0x8c>)
10003cd2:	f004 fb01 	bl	100082d8 <__wrap_printf>
10003cd6:	f7fd fac7 	bl	10001268 <ata_error_recovery>
10003cda:	2301      	movs	r3, #1
10003cdc:	4641      	mov	r1, r8
10003cde:	683a      	ldr	r2, [r7, #0]
10003ce0:	6830      	ldr	r0, [r6, #0]
10003ce2:	f7ff fc35 	bl	10003550 <msc_fallback_sectors>
10003ce6:	6165      	str	r5, [r4, #20]
10003ce8:	2800      	cmp	r0, #0
10003cea:	d0d8      	beq.n	10003c9e <msc_service_write_behind+0xe>
10003cec:	2580      	movs	r5, #128	@ 0x80
10003cee:	683a      	ldr	r2, [r7, #0]
10003cf0:	6831      	ldr	r1, [r6, #0]
10003cf2:	02ad      	lsls	r5, r5, #10
10003cf4:	480a      	ldr	r0, [pc, #40]	@ (10003d20 <msc_service_write_behind+0x90>)
10003cf6:	f004 faef 	bl	100082d8 <__wrap_printf>
10003cfa:	2050      	movs	r0, #80	@ 0x50
10003cfc:	6165      	str	r5, [r4, #20]
10003cfe:	f001 f875 	bl	10004dec <sleep_ms>
10003d02:	2201      	movs	r2, #1
10003d04:	4b07      	ldr	r3, [pc, #28]	@ (10003d24 <msc_service_write_behind+0x94>)
10003d06:	61a5      	str	r5, [r4, #24]
10003d08:	701a      	strb	r2, [r3, #0]
10003d0a:	e7c8      	b.n	10003c9e <msc_service_write_behind+0xe>
10003d0c:	2001a42a 	.word	0x2001a42a
10003d10:	20019ff8 	.word	0x20019ff8
10003d14:	20011ff8 	.word	0x20011ff8
10003d18:	20019ffc 	.word	0x20019ffc
10003d1c:	1000b4ac 	.word	0x1000b4ac
10003d20:	1000b4f0 	.word	0x1000b4f0
10003d24:	2001a429 	.word	0x2001a429

10003d28 <msc_service_prefetch>:
10003d28:	4b1d      	ldr	r3, [pc, #116]	@ (10003da0 <msc_service_prefetch+0x78>)
10003d2a:	b570      	push	{r4, r5, r6, lr}
10003d2c:	681c      	ldr	r4, [r3, #0]
10003d2e:	1c62      	adds	r2, r4, #1
10003d30:	d031      	beq.n	10003d96 <msc_service_prefetch+0x6e>
10003d32:	4a1c      	ldr	r2, [pc, #112]	@ (10003da4 <msc_service_prefetch+0x7c>)
10003d34:	7812      	ldrb	r2, [r2, #0]
10003d36:	2a00      	cmp	r2, #0
10003d38:	d02d      	beq.n	10003d96 <msc_service_prefetch+0x6e>
10003d3a:	4a1b      	ldr	r2, [pc, #108]	@ (10003da8 <msc_service_prefetch+0x80>)
10003d3c:	7812      	ldrb	r2, [r2, #0]
10003d3e:	2a00      	cmp	r2, #0
10003d40:	d129      	bne.n	10003d96 <msc_service_prefetch+0x6e>
10003d42:	4e1a      	ldr	r6, [pc, #104]	@ (10003dac <msc_service_prefetch+0x84>)
10003d44:	3a01      	subs	r2, #1
10003d46:	601a      	str	r2, [r3, #0]
10003d48:	6833      	ldr	r3, [r6, #0]
10003d4a:	429c      	cmp	r4, r3
10003d4c:	d023      	beq.n	10003d96 <msc_service_prefetch+0x6e>
10003d4e:	0025      	movs	r5, r4
10003d50:	4b17      	ldr	r3, [pc, #92]	@ (10003db0 <msc_service_prefetch+0x88>)
10003d52:	3540      	adds	r5, #64	@ 0x40
10003d54:	681b      	ldr	r3, [r3, #0]
10003d56:	429d      	cmp	r5, r3
10003d58:	d81d      	bhi.n	10003d96 <msc_service_prefetch+0x6e>
10003d5a:	4b16      	ldr	r3, [pc, #88]	@ (10003db4 <msc_service_prefetch+0x8c>)
10003d5c:	6818      	ldr	r0, [r3, #0]
10003d5e:	2800      	cmp	r0, #0
10003d60:	d00e      	beq.n	10003d80 <msc_service_prefetch+0x58>
10003d62:	2200      	movs	r2, #0
10003d64:	4b14      	ldr	r3, [pc, #80]	@ (10003db8 <msc_service_prefetch+0x90>)
10003d66:	7a19      	ldrb	r1, [r3, #8]
10003d68:	2900      	cmp	r1, #0
10003d6a:	d005      	beq.n	10003d78 <msc_service_prefetch+0x50>
10003d6c:	6819      	ldr	r1, [r3, #0]
10003d6e:	428d      	cmp	r5, r1
10003d70:	d902      	bls.n	10003d78 <msc_service_prefetch+0x50>
10003d72:	6859      	ldr	r1, [r3, #4]
10003d74:	428c      	cmp	r4, r1
10003d76:	d90e      	bls.n	10003d96 <msc_service_prefetch+0x6e>
10003d78:	3201      	adds	r2, #1
10003d7a:	330c      	adds	r3, #12
10003d7c:	4282      	cmp	r2, r0
10003d7e:	d1f2      	bne.n	10003d66 <msc_service_prefetch+0x3e>
10003d80:	2301      	movs	r3, #1
10003d82:	2140      	movs	r1, #64	@ 0x40
10003d84:	425b      	negs	r3, r3
10003d86:	0020      	movs	r0, r4
10003d88:	4a0c      	ldr	r2, [pc, #48]	@ (10003dbc <msc_service_prefetch+0x94>)
10003d8a:	6033      	str	r3, [r6, #0]
10003d8c:	f7fc ff96 	bl	10000cbc <ata_read_sectors>
10003d90:	2800      	cmp	r0, #0
10003d92:	d001      	beq.n	10003d98 <msc_service_prefetch+0x70>
10003d94:	6034      	str	r4, [r6, #0]
10003d96:	bd70      	pop	{r4, r5, r6, pc}
10003d98:	f7fd fa66 	bl	10001268 <ata_error_recovery>
10003d9c:	e7fb      	b.n	10003d96 <msc_service_prefetch+0x6e>
10003d9e:	46c0      	nop			@ (mov r8, r8)
10003da0:	20000fb0 	.word	0x20000fb0
10003da4:	2001a421 	.word	0x2001a421
10003da8:	2001a428 	.word	0x2001a428
10003dac:	20000fb4 	.word	0x20000fb4
10003db0:	200099b4 	.word	0x200099b4
10003db4:	20009874 	.word	0x20009874
10003db8:	200097b4 	.word	0x200097b4
10003dbc:	20009fe0 	.word	0x20009fe0

10003dc0 <tud_msc_test_unit_ready_cb>:
10003dc0:	4b01      	ldr	r3, [pc, #4]	@ (10003dc8 <tud_msc_test_unit_ready_cb+0x8>)
10003dc2:	7818      	ldrb	r0, [r3, #0]
10003dc4:	4770      	bx	lr
10003dc6:	46c0      	nop			@ (mov r8, r8)
10003dc8:	2001a421 	.word	0x2001a421

10003dcc <tud_msc_capacity_cb>:
10003dcc:	4b03      	ldr	r3, [pc, #12]	@ (10003ddc <tud_msc_capacity_cb+0x10>)
10003dce:	681b      	ldr	r3, [r3, #0]
10003dd0:	600b      	str	r3, [r1, #0]
10003dd2:	2380      	movs	r3, #128	@ 0x80
10003dd4:	009b      	lsls	r3, r3, #2
10003dd6:	8013      	strh	r3, [r2, #0]
10003dd8:	4770      	bx	lr
10003dda:	46c0      	nop			@ (mov r8, r8)
10003ddc:	200099b4 	.word	0x200099b4

10003de0 <tud_msc_start_stop_cb>:
10003de0:	b570      	push	{r4, r5, r6, lr}
10003de2:	2b00      	cmp	r3, #0
10003de4:	d001      	beq.n	10003dea <tud_msc_start_stop_cb+0xa>
10003de6:	2a00      	cmp	r2, #0
10003de8:	d001      	beq.n	10003dee <tud_msc_start_stop_cb+0xe>
10003dea:	2001      	movs	r0, #1
10003dec:	bd70      	pop	{r4, r5, r6, pc}
10003dee:	4816      	ldr	r0, [pc, #88]	@ (10003e48 <tud_msc_start_stop_cb+0x68>)
10003df0:	f004 f9ee 	bl	100081d0 <__wrap_puts>
10003df4:	4c15      	ldr	r4, [pc, #84]	@ (10003e4c <tud_msc_start_stop_cb+0x6c>)
10003df6:	7823      	ldrb	r3, [r4, #0]
10003df8:	2b00      	cmp	r3, #0
10003dfa:	d0f6      	beq.n	10003dea <tud_msc_start_stop_cb+0xa>
10003dfc:	4d14      	ldr	r5, [pc, #80]	@ (10003e50 <tud_msc_start_stop_cb+0x70>)
10003dfe:	782b      	ldrb	r3, [r5, #0]
10003e00:	2b00      	cmp	r3, #0
10003e02:	d1f2      	bne.n	10003dea <tud_msc_start_stop_cb+0xa>
10003e04:	f7ff fc44 	bl	10003690 <wb_flush>
10003e08:	4812      	ldr	r0, [pc, #72]	@ (10003e54 <tud_msc_start_stop_cb+0x74>)
10003e0a:	f004 f9e1 	bl	100081d0 <__wrap_puts>
10003e0e:	f7fd fc05 	bl	1000161c <ata_standby_immediate>
10003e12:	2032      	movs	r0, #50	@ 0x32
10003e14:	f000 ffea 	bl	10004dec <sleep_ms>
10003e18:	f7fe fd32 	bl	10002880 <sdio_pio_deselect_card>
10003e1c:	2800      	cmp	r0, #0
10003e1e:	d10e      	bne.n	10003e3e <tud_msc_start_stop_cb+0x5e>
10003e20:	2002      	movs	r0, #2
10003e22:	f000 ffe3 	bl	10004dec <sleep_ms>
10003e26:	f7fc fd39 	bl	1000089c <hdd_power_off>
10003e2a:	23d0      	movs	r3, #208	@ 0xd0
10003e2c:	2280      	movs	r2, #128	@ 0x80
10003e2e:	061b      	lsls	r3, r3, #24
10003e30:	0252      	lsls	r2, r2, #9
10003e32:	615a      	str	r2, [r3, #20]
10003e34:	2300      	movs	r3, #0
10003e36:	7023      	strb	r3, [r4, #0]
10003e38:	3301      	adds	r3, #1
10003e3a:	702b      	strb	r3, [r5, #0]
10003e3c:	e7d5      	b.n	10003dea <tud_msc_start_stop_cb+0xa>
10003e3e:	4806      	ldr	r0, [pc, #24]	@ (10003e58 <tud_msc_start_stop_cb+0x78>)
10003e40:	f004 f9c6 	bl	100081d0 <__wrap_puts>
10003e44:	e7ec      	b.n	10003e20 <tud_msc_start_stop_cb+0x40>
10003e46:	46c0      	nop			@ (mov r8, r8)
10003e48:	1000b698 	.word	0x1000b698
10003e4c:	20000fa8 	.word	0x20000fa8
10003e50:	2001a428 	.word	0x2001a428
10003e54:	1000b634 	.word	0x1000b634
10003e58:	1000b65c 	.word	0x1000b65c

10003e5c <tud_msc_read10_cb>:
10003e5c:	b570      	push	{r4, r5, r6, lr}
10003e5e:	001e      	movs	r6, r3
10003e60:	9b04      	ldr	r3, [sp, #16]
10003e62:	0005      	movs	r5, r0
10003e64:	05dc      	lsls	r4, r3, #23
10003e66:	0de4      	lsrs	r4, r4, #23
10003e68:	0008      	movs	r0, r1
10003e6a:	4314      	orrs	r4, r2
10003e6c:	0011      	movs	r1, r2
10003e6e:	001a      	movs	r2, r3
10003e70:	2c00      	cmp	r4, #0
10003e72:	d104      	bne.n	10003e7e <tud_msc_read10_cb+0x22>
10003e74:	2300      	movs	r3, #0
10003e76:	0031      	movs	r1, r6
10003e78:	f7ff fd36 	bl	100038e8 <msc_transfer>
10003e7c:	bd70      	pop	{r4, r5, r6, pc}
10003e7e:	4806      	ldr	r0, [pc, #24]	@ (10003e98 <tud_msc_read10_cb+0x3c>)
10003e80:	f004 fa2a 	bl	100082d8 <__wrap_printf>
10003e84:	2300      	movs	r3, #0
10003e86:	2224      	movs	r2, #36	@ 0x24
10003e88:	2105      	movs	r1, #5
10003e8a:	0028      	movs	r0, r5
10003e8c:	f005 fc2e 	bl	100096ec <tud_msc_set_sense>
10003e90:	2001      	movs	r0, #1
10003e92:	4240      	negs	r0, r0
10003e94:	e7f2      	b.n	10003e7c <tud_msc_read10_cb+0x20>
10003e96:	46c0      	nop			@ (mov r8, r8)
10003e98:	1000b6b0 	.word	0x1000b6b0

10003e9c <tud_msc_write10_cb>:
10003e9c:	b5f0      	push	{r4, r5, r6, r7, lr}
10003e9e:	46c6      	mov	lr, r8
10003ea0:	b500      	push	{lr}
10003ea2:	001d      	movs	r5, r3
10003ea4:	9b06      	ldr	r3, [sp, #24]
10003ea6:	000f      	movs	r7, r1
10003ea8:	05dc      	lsls	r4, r3, #23
10003eaa:	0de4      	lsrs	r4, r4, #23
10003eac:	0006      	movs	r6, r0
10003eae:	0011      	movs	r1, r2
10003eb0:	4314      	orrs	r4, r2
10003eb2:	d122      	bne.n	10003efa <tud_msc_write10_cb+0x5e>
10003eb4:	f7ff fbec 	bl	10003690 <wb_flush>
10003eb8:	4b42      	ldr	r3, [pc, #264]	@ (10003fc4 <tud_msc_write10_cb+0x128>)
10003eba:	781a      	ldrb	r2, [r3, #0]
10003ebc:	2a00      	cmp	r2, #0
10003ebe:	d165      	bne.n	10003f8c <tud_msc_write10_cb+0xf0>
10003ec0:	2280      	movs	r2, #128	@ 0x80
10003ec2:	4b41      	ldr	r3, [pc, #260]	@ (10003fc8 <tud_msc_write10_cb+0x12c>)
10003ec4:	9906      	ldr	r1, [sp, #24]
10003ec6:	781b      	ldrb	r3, [r3, #0]
10003ec8:	0092      	lsls	r2, r2, #2
10003eca:	4291      	cmp	r1, r2
10003ecc:	d324      	bcc.n	10003f18 <tud_msc_write10_cb+0x7c>
10003ece:	2280      	movs	r2, #128	@ 0x80
10003ed0:	0292      	lsls	r2, r2, #10
10003ed2:	4291      	cmp	r1, r2
10003ed4:	d262      	bcs.n	10003f9c <tud_msc_write10_cb+0x100>
10003ed6:	0a4a      	lsrs	r2, r1, #9
10003ed8:	4690      	mov	r8, r2
10003eda:	2b00      	cmp	r3, #0
10003edc:	d006      	beq.n	10003eec <tud_msc_write10_cb+0x50>
10003ede:	4b3b      	ldr	r3, [pc, #236]	@ (10003fcc <tud_msc_write10_cb+0x130>)
10003ee0:	681b      	ldr	r3, [r3, #0]
10003ee2:	429f      	cmp	r7, r3
10003ee4:	d202      	bcs.n	10003eec <tud_msc_write10_cb+0x50>
10003ee6:	1bdb      	subs	r3, r3, r7
10003ee8:	4543      	cmp	r3, r8
10003eea:	d25a      	bcs.n	10003fa2 <tud_msc_write10_cb+0x106>
10003eec:	2300      	movs	r3, #0
10003eee:	2221      	movs	r2, #33	@ 0x21
10003ef0:	2105      	movs	r1, #5
10003ef2:	0030      	movs	r0, r6
10003ef4:	f005 fbfa 	bl	100096ec <tud_msc_set_sense>
10003ef8:	e009      	b.n	10003f0e <tud_msc_write10_cb+0x72>
10003efa:	001a      	movs	r2, r3
10003efc:	4834      	ldr	r0, [pc, #208]	@ (10003fd0 <tud_msc_write10_cb+0x134>)
10003efe:	f004 f9eb 	bl	100082d8 <__wrap_printf>
10003f02:	2300      	movs	r3, #0
10003f04:	2224      	movs	r2, #36	@ 0x24
10003f06:	2105      	movs	r1, #5
10003f08:	0030      	movs	r0, r6
10003f0a:	f005 fbef 	bl	100096ec <tud_msc_set_sense>
10003f0e:	2001      	movs	r0, #1
10003f10:	4240      	negs	r0, r0
10003f12:	bc80      	pop	{r7}
10003f14:	46b8      	mov	r8, r7
10003f16:	bdf0      	pop	{r4, r5, r6, r7, pc}
10003f18:	2b00      	cmp	r3, #0
10003f1a:	d0e7      	beq.n	10003eec <tud_msc_write10_cb+0x50>
10003f1c:	4b2b      	ldr	r3, [pc, #172]	@ (10003fcc <tud_msc_write10_cb+0x130>)
10003f1e:	681b      	ldr	r3, [r3, #0]
10003f20:	429f      	cmp	r7, r3
10003f22:	d2e3      	bcs.n	10003eec <tud_msc_write10_cb+0x50>
10003f24:	2301      	movs	r3, #1
10003f26:	4698      	mov	r8, r3
10003f28:	4b2a      	ldr	r3, [pc, #168]	@ (10003fd4 <tud_msc_write10_cb+0x138>)
10003f2a:	6819      	ldr	r1, [r3, #0]
10003f2c:	2900      	cmp	r1, #0
10003f2e:	d00f      	beq.n	10003f50 <tud_msc_write10_cb+0xb4>
10003f30:	4642      	mov	r2, r8
10003f32:	4b29      	ldr	r3, [pc, #164]	@ (10003fd8 <tud_msc_write10_cb+0x13c>)
10003f34:	18b8      	adds	r0, r7, r2
10003f36:	7a1a      	ldrb	r2, [r3, #8]
10003f38:	2a00      	cmp	r2, #0
10003f3a:	d005      	beq.n	10003f48 <tud_msc_write10_cb+0xac>
10003f3c:	681a      	ldr	r2, [r3, #0]
10003f3e:	4290      	cmp	r0, r2
10003f40:	d902      	bls.n	10003f48 <tud_msc_write10_cb+0xac>
10003f42:	685a      	ldr	r2, [r3, #4]
10003f44:	4297      	cmp	r7, r2
10003f46:	d92f      	bls.n	10003fa8 <tud_msc_write10_cb+0x10c>
10003f48:	3401      	adds	r4, #1
10003f4a:	330c      	adds	r3, #12
10003f4c:	428c      	cmp	r4, r1
10003f4e:	d1f2      	bne.n	10003f36 <tud_msc_write10_cb+0x9a>
10003f50:	4822      	ldr	r0, [pc, #136]	@ (10003fdc <tud_msc_write10_cb+0x140>)
10003f52:	f7ff fbe9 	bl	10003728 <msc_touch_activity>
10003f56:	4b22      	ldr	r3, [pc, #136]	@ (10003fe0 <tud_msc_write10_cb+0x144>)
10003f58:	781b      	ldrb	r3, [r3, #0]
10003f5a:	2b00      	cmp	r3, #0
10003f5c:	d12b      	bne.n	10003fb6 <tud_msc_write10_cb+0x11a>
10003f5e:	2201      	movs	r2, #1
10003f60:	4b20      	ldr	r3, [pc, #128]	@ (10003fe4 <tud_msc_write10_cb+0x148>)
10003f62:	4252      	negs	r2, r2
10003f64:	601a      	str	r2, [r3, #0]
10003f66:	4b20      	ldr	r3, [pc, #128]	@ (10003fe8 <tud_msc_write10_cb+0x14c>)
10003f68:	0029      	movs	r1, r5
10003f6a:	601a      	str	r2, [r3, #0]
10003f6c:	4643      	mov	r3, r8
10003f6e:	025c      	lsls	r4, r3, #9
10003f70:	0022      	movs	r2, r4
10003f72:	481e      	ldr	r0, [pc, #120]	@ (10003fec <tud_msc_write10_cb+0x150>)
10003f74:	f002 fb1e 	bl	100065b4 <__wrap___aeabi_memcpy>
10003f78:	4642      	mov	r2, r8
10003f7a:	4b1d      	ldr	r3, [pc, #116]	@ (10003ff0 <tud_msc_write10_cb+0x154>)
10003f7c:	0020      	movs	r0, r4
10003f7e:	601f      	str	r7, [r3, #0]
10003f80:	4b1c      	ldr	r3, [pc, #112]	@ (10003ff4 <tud_msc_write10_cb+0x158>)
10003f82:	601a      	str	r2, [r3, #0]
10003f84:	2201      	movs	r2, #1
10003f86:	4b1c      	ldr	r3, [pc, #112]	@ (10003ff8 <tud_msc_write10_cb+0x15c>)
10003f88:	701a      	strb	r2, [r3, #0]
10003f8a:	e7c2      	b.n	10003f12 <tud_msc_write10_cb+0x76>
10003f8c:	701c      	strb	r4, [r3, #0]
10003f8e:	2203      	movs	r2, #3
10003f90:	2300      	movs	r3, #0
10003f92:	2103      	movs	r1, #3
10003f94:	0030      	movs	r0, r6
10003f96:	f005 fba9 	bl	100096ec <tud_msc_set_sense>
10003f9a:	e7b8      	b.n	10003f0e <tud_msc_write10_cb+0x72>
10003f9c:	22ff      	movs	r2, #255	@ 0xff
10003f9e:	4690      	mov	r8, r2
10003fa0:	e79b      	b.n	10003eda <tud_msc_write10_cb+0x3e>
10003fa2:	4643      	mov	r3, r8
10003fa4:	2b40      	cmp	r3, #64	@ 0x40
10003fa6:	d9bf      	bls.n	10003f28 <tud_msc_write10_cb+0x8c>
10003fa8:	2301      	movs	r3, #1
10003faa:	0029      	movs	r1, r5
10003fac:	0038      	movs	r0, r7
10003fae:	9a06      	ldr	r2, [sp, #24]
10003fb0:	f7ff fc9a 	bl	100038e8 <msc_transfer>
10003fb4:	e7ad      	b.n	10003f12 <tud_msc_write10_cb+0x76>
10003fb6:	2301      	movs	r3, #1
10003fb8:	2204      	movs	r2, #4
10003fba:	2102      	movs	r1, #2
10003fbc:	0030      	movs	r0, r6
10003fbe:	f005 fb95 	bl	100096ec <tud_msc_set_sense>
10003fc2:	e7a4      	b.n	10003f0e <tud_msc_write10_cb+0x72>
10003fc4:	2001a429 	.word	0x2001a429
10003fc8:	2001a421 	.word	0x2001a421
10003fcc:	200099b4 	.word	0x200099b4
10003fd0:	1000b6dc 	.word	0x1000b6dc
10003fd4:	20009874 	.word	0x20009874
10003fd8:	200097b4 	.word	0x200097b4
10003fdc:	1000acb4 	.word	0x1000acb4
10003fe0:	2001a428 	.word	0x2001a428
10003fe4:	20000fb4 	.word	0x20000fb4
10003fe8:	20000fb0 	.word	0x20000fb0
10003fec:	20011ff8 	.word	0x20011ff8
10003ff0:	20019ffc 	.word	0x20019ffc
10003ff4:	20019ff8 	.word	0x20019ff8
10003ff8:	2001a42a 	.word	0x2001a42a

10003ffc <tud_msc_scsi_cb>:
10003ffc:	b5f8      	push	{r3, r4, r5, r6, r7, lr}
10003ffe:	46ce      	mov	lr, r9
10004000:	4647      	mov	r7, r8
10004002:	b580      	push	{r7, lr}
10004004:	7809      	ldrb	r1, [r1, #0]
10004006:	0004      	movs	r4, r0
10004008:	2935      	cmp	r1, #53	@ 0x35
1000400a:	d001      	beq.n	10004010 <tud_msc_scsi_cb+0x14>
1000400c:	2991      	cmp	r1, #145	@ 0x91
1000400e:	d15f      	bne.n	100040d0 <tud_msc_scsi_cb+0xd4>
10004010:	4b34      	ldr	r3, [pc, #208]	@ (100040e4 <tud_msc_scsi_cb+0xe8>)
10004012:	781a      	ldrb	r2, [r3, #0]
10004014:	2a00      	cmp	r2, #0
10004016:	d11b      	bne.n	10004050 <tud_msc_scsi_cb+0x54>
10004018:	4b33      	ldr	r3, [pc, #204]	@ (100040e8 <tud_msc_scsi_cb+0xec>)
1000401a:	781a      	ldrb	r2, [r3, #0]
1000401c:	2a00      	cmp	r2, #0
1000401e:	d14c      	bne.n	100040ba <tud_msc_scsi_cb+0xbe>
10004020:	4b32      	ldr	r3, [pc, #200]	@ (100040ec <tud_msc_scsi_cb+0xf0>)
10004022:	781b      	ldrb	r3, [r3, #0]
10004024:	2b00      	cmp	r3, #0
10004026:	d104      	bne.n	10004032 <tud_msc_scsi_cb+0x36>
10004028:	2000      	movs	r0, #0
1000402a:	bcc0      	pop	{r6, r7}
1000402c:	46b9      	mov	r9, r7
1000402e:	46b0      	mov	r8, r6
10004030:	bdf8      	pop	{r3, r4, r5, r6, r7, pc}
10004032:	4b2f      	ldr	r3, [pc, #188]	@ (100040f0 <tud_msc_scsi_cb+0xf4>)
10004034:	781b      	ldrb	r3, [r3, #0]
10004036:	2b00      	cmp	r3, #0
10004038:	d1f6      	bne.n	10004028 <tud_msc_scsi_cb+0x2c>
1000403a:	f7fd fb63 	bl	10001704 <ata_flush_cache>
1000403e:	2800      	cmp	r0, #0
10004040:	d1f2      	bne.n	10004028 <tud_msc_scsi_cb+0x2c>
10004042:	2300      	movs	r3, #0
10004044:	220c      	movs	r2, #12
10004046:	2103      	movs	r1, #3
10004048:	0020      	movs	r0, r4
1000404a:	f005 fb4f 	bl	100096ec <tud_msc_set_sense>
1000404e:	e03c      	b.n	100040ca <tud_msc_scsi_cb+0xce>
10004050:	2200      	movs	r2, #0
10004052:	25d0      	movs	r5, #208	@ 0xd0
10004054:	701a      	strb	r2, [r3, #0]
10004056:	2680      	movs	r6, #128	@ 0x80
10004058:	4b26      	ldr	r3, [pc, #152]	@ (100040f4 <tud_msc_scsi_cb+0xf8>)
1000405a:	4f27      	ldr	r7, [pc, #156]	@ (100040f8 <tud_msc_scsi_cb+0xfc>)
1000405c:	4699      	mov	r9, r3
1000405e:	062d      	lsls	r5, r5, #24
10004060:	4b26      	ldr	r3, [pc, #152]	@ (100040fc <tud_msc_scsi_cb+0x100>)
10004062:	0336      	lsls	r6, r6, #12
10004064:	61ae      	str	r6, [r5, #24]
10004066:	464a      	mov	r2, r9
10004068:	7819      	ldrb	r1, [r3, #0]
1000406a:	6838      	ldr	r0, [r7, #0]
1000406c:	4698      	mov	r8, r3
1000406e:	f7fc fef1 	bl	10000e54 <ata_write_sectors>
10004072:	2800      	cmp	r0, #0
10004074:	d001      	beq.n	1000407a <tud_msc_scsi_cb+0x7e>
10004076:	616e      	str	r6, [r5, #20]
10004078:	e7ce      	b.n	10004018 <tud_msc_scsi_cb+0x1c>
1000407a:	4643      	mov	r3, r8
1000407c:	6839      	ldr	r1, [r7, #0]
1000407e:	681a      	ldr	r2, [r3, #0]
10004080:	481f      	ldr	r0, [pc, #124]	@ (10004100 <tud_msc_scsi_cb+0x104>)
10004082:	f004 f929 	bl	100082d8 <__wrap_printf>
10004086:	f7fd f8ef 	bl	10001268 <ata_error_recovery>
1000408a:	4643      	mov	r3, r8
1000408c:	4649      	mov	r1, r9
1000408e:	681a      	ldr	r2, [r3, #0]
10004090:	6838      	ldr	r0, [r7, #0]
10004092:	2301      	movs	r3, #1
10004094:	f7ff fa5c 	bl	10003550 <msc_fallback_sectors>
10004098:	616e      	str	r6, [r5, #20]
1000409a:	2800      	cmp	r0, #0
1000409c:	d0bc      	beq.n	10004018 <tud_msc_scsi_cb+0x1c>
1000409e:	4643      	mov	r3, r8
100040a0:	2680      	movs	r6, #128	@ 0x80
100040a2:	681a      	ldr	r2, [r3, #0]
100040a4:	6839      	ldr	r1, [r7, #0]
100040a6:	02b6      	lsls	r6, r6, #10
100040a8:	4816      	ldr	r0, [pc, #88]	@ (10004104 <tud_msc_scsi_cb+0x108>)
100040aa:	f004 f915 	bl	100082d8 <__wrap_printf>
100040ae:	2050      	movs	r0, #80	@ 0x50
100040b0:	616e      	str	r6, [r5, #20]
100040b2:	f000 fe9b 	bl	10004dec <sleep_ms>
100040b6:	4b0c      	ldr	r3, [pc, #48]	@ (100040e8 <tud_msc_scsi_cb+0xec>)
100040b8:	61ae      	str	r6, [r5, #24]
100040ba:	2200      	movs	r2, #0
100040bc:	2103      	movs	r1, #3
100040be:	701a      	strb	r2, [r3, #0]
100040c0:	0020      	movs	r0, r4
100040c2:	2300      	movs	r3, #0
100040c4:	3203      	adds	r2, #3
100040c6:	f005 fb11 	bl	100096ec <tud_msc_set_sense>
100040ca:	2001      	movs	r0, #1
100040cc:	4240      	negs	r0, r0
100040ce:	e7ac      	b.n	1000402a <tud_msc_scsi_cb+0x2e>
100040d0:	480d      	ldr	r0, [pc, #52]	@ (10004108 <tud_msc_scsi_cb+0x10c>)
100040d2:	f004 f901 	bl	100082d8 <__wrap_printf>
100040d6:	2300      	movs	r3, #0
100040d8:	2220      	movs	r2, #32
100040da:	2105      	movs	r1, #5
100040dc:	0020      	movs	r0, r4
100040de:	f005 fb05 	bl	100096ec <tud_msc_set_sense>
100040e2:	e7f2      	b.n	100040ca <tud_msc_scsi_cb+0xce>
100040e4:	2001a42a 	.word	0x2001a42a
100040e8:	2001a429 	.word	0x2001a429
100040ec:	20000fa8 	.word	0x20000fa8
100040f0:	2001a428 	.word	0x2001a428
100040f4:	20011ff8 	.word	0x20011ff8
100040f8:	20019ffc 	.word	0x20019ffc
100040fc:	20019ff8 	.word	0x20019ff8
10004100:	1000b4ac 	.word	0x1000b4ac
10004104:	1000b4f0 	.word	0x1000b4f0
10004108:	1000b708 	.word	0x1000b708

1000410c <tud_msc_is_writable_cb>:
1000410c:	2001      	movs	r0, #1
1000410e:	4770      	bx	lr

10004110 <gpio_set_function>:
10004110:	4a09      	ldr	r2, [pc, #36]	@ (10004138 <gpio_set_function+0x28>)
10004112:	0083      	lsls	r3, r0, #2
10004114:	189a      	adds	r2, r3, r2
10004116:	b510      	push	{r4, lr}
10004118:	6814      	ldr	r4, [r2, #0]
1000411a:	2240      	movs	r2, #64	@ 0x40
1000411c:	4054      	eors	r4, r2
1000411e:	3280      	adds	r2, #128	@ 0x80
10004120:	4022      	ands	r2, r4
10004122:	4c06      	ldr	r4, [pc, #24]	@ (1000413c <gpio_set_function+0x2c>)
10004124:	00c0      	lsls	r0, r0, #3
10004126:	46a4      	mov	ip, r4
10004128:	4463      	add	r3, ip
1000412a:	601a      	str	r2, [r3, #0]
1000412c:	4b04      	ldr	r3, [pc, #16]	@ (10004140 <gpio_set_function+0x30>)
1000412e:	469c      	mov	ip, r3
10004130:	4460      	add	r0, ip
10004132:	6041      	str	r1, [r0, #4]
10004134:	bd10      	pop	{r4, pc}
10004136:	46c0      	nop			@ (mov r8, r8)
10004138:	4001c004 	.word	0x4001c004
1000413c:	4001d004 	.word	0x4001d004
10004140:	40014000 	.word	0x40014000

10004144 <gpio_set_pulls>:
10004144:	4b07      	ldr	r3, [pc, #28]	@ (10004164 <gpio_set_pulls+0x20>)
10004146:	0080      	lsls	r0, r0, #2
10004148:	18c3      	adds	r3, r0, r3
1000414a:	681b      	ldr	r3, [r3, #0]
1000414c:	00c9      	lsls	r1, r1, #3
1000414e:	0092      	lsls	r2, r2, #2
10004150:	430a      	orrs	r2, r1
10004152:	405a      	eors	r2, r3
10004154:	230c      	movs	r3, #12
10004156:	4013      	ands	r3, r2
10004158:	4a03      	ldr	r2, [pc, #12]	@ (10004168 <gpio_set_pulls+0x24>)
1000415a:	4694      	mov	ip, r2
1000415c:	4460      	add	r0, ip
1000415e:	6003      	str	r3, [r0, #0]
10004160:	4770      	bx	lr
10004162:	46c0      	nop			@ (mov r8, r8)
10004164:	4001c004 	.word	0x4001c004
10004168:	4001d004 	.word	0x4001d004

1000416c <gpio_init>:
1000416c:	2301      	movs	r3, #1
1000416e:	22d0      	movs	r2, #208	@ 0xd0
10004170:	4083      	lsls	r3, r0
10004172:	0612      	lsls	r2, r2, #24
10004174:	6293      	str	r3, [r2, #40]	@ 0x28
10004176:	6193      	str	r3, [r2, #24]
10004178:	4a09      	ldr	r2, [pc, #36]	@ (100041a0 <gpio_init+0x34>)
1000417a:	0083      	lsls	r3, r0, #2
1000417c:	189a      	adds	r2, r3, r2
1000417e:	6811      	ldr	r1, [r2, #0]
10004180:	2240      	movs	r2, #64	@ 0x40
10004182:	4051      	eors	r1, r2
10004184:	3280      	adds	r2, #128	@ 0x80
10004186:	400a      	ands	r2, r1
10004188:	4906      	ldr	r1, [pc, #24]	@ (100041a4 <gpio_init+0x38>)
1000418a:	00c0      	lsls	r0, r0, #3
1000418c:	468c      	mov	ip, r1
1000418e:	4463      	add	r3, ip
10004190:	601a      	str	r2, [r3, #0]
10004192:	4b05      	ldr	r3, [pc, #20]	@ (100041a8 <gpio_init+0x3c>)
10004194:	469c      	mov	ip, r3
10004196:	2305      	movs	r3, #5
10004198:	4460      	add	r0, ip
1000419a:	6043      	str	r3, [r0, #4]
1000419c:	4770      	bx	lr
1000419e:	46c0      	nop			@ (mov r8, r8)
100041a0:	4001c004 	.word	0x4001c004
100041a4:	4001d004 	.word	0x4001d004
100041a8:	40014000 	.word	0x40014000

100041ac <rp2040_chip_version>:
100041ac:	2380      	movs	r3, #128	@ 0x80
100041ae:	05db      	lsls	r3, r3, #23
100041b0:	6818      	ldr	r0, [r3, #0]
100041b2:	0f00      	lsrs	r0, r0, #28
100041b4:	4770      	bx	lr
100041b6:	46c0      	nop			@ (mov r8, r8)

100041b8 <panic>:
100041b8:	b40f      	push	{r0, r1, r2, r3}
100041ba:	b500      	push	{lr}
100041bc:	4808      	ldr	r0, [pc, #32]	@ (100041e0 <panic+0x28>)
100041be:	b083      	sub	sp, #12
100041c0:	f004 f806 	bl	100081d0 <__wrap_puts>
100041c4:	9b04      	ldr	r3, [sp, #16]
100041c6:	2b00      	cmp	r3, #0
100041c8:	d007      	beq.n	100041da <panic+0x22>
100041ca:	a905      	add	r1, sp, #20
100041cc:	0018      	movs	r0, r3
100041ce:	9101      	str	r1, [sp, #4]
100041d0:	f003 fe58 	bl	10007e84 <weak_raw_vprintf>
100041d4:	4803      	ldr	r0, [pc, #12]	@ (100041e4 <panic+0x2c>)
100041d6:	f003 fffb 	bl	100081d0 <__wrap_puts>
100041da:	2001      	movs	r0, #1
100041dc:	f003 fe6a 	bl	10007eb4 <_exit>
100041e0:	1000b72c 	.word	0x1000b72c
100041e4:	1000b42c 	.word	0x1000b42c

100041e8 <hw_claim_or_assert>:
100041e8:	b570      	push	{r4, r5, r6, lr}
100041ea:	f3ef 8c10 	mrs	ip, PRIMASK
100041ee:	b672      	cpsid	i
100041f0:	4d0d      	ldr	r5, [pc, #52]	@ (10004228 <hw_claim_or_assert+0x40>)
100041f2:	682b      	ldr	r3, [r5, #0]
100041f4:	2b00      	cmp	r3, #0
100041f6:	d0fc      	beq.n	100041f2 <hw_claim_or_assert+0xa>
100041f8:	f3bf 8f5f 	dmb	sy
100041fc:	2407      	movs	r4, #7
100041fe:	08cb      	lsrs	r3, r1, #3
10004200:	18c6      	adds	r6, r0, r3
10004202:	5cc0      	ldrb	r0, [r0, r3]
10004204:	2301      	movs	r3, #1
10004206:	400c      	ands	r4, r1
10004208:	40a3      	lsls	r3, r4
1000420a:	001c      	movs	r4, r3
1000420c:	4004      	ands	r4, r0
1000420e:	4203      	tst	r3, r0
10004210:	d107      	bne.n	10004222 <hw_claim_or_assert+0x3a>
10004212:	4318      	orrs	r0, r3
10004214:	7030      	strb	r0, [r6, #0]
10004216:	f3bf 8f5f 	dmb	sy
1000421a:	602c      	str	r4, [r5, #0]
1000421c:	f38c 8810 	msr	PRIMASK, ip
10004220:	bd70      	pop	{r4, r5, r6, pc}
10004222:	0010      	movs	r0, r2
10004224:	f7ff ffc8 	bl	100041b8 <panic>
10004228:	d000012c 	.word	0xd000012c

1000422c <hw_claim_unused_from_range>:
1000422c:	b5f8      	push	{r3, r4, r5, r6, r7, lr}
1000422e:	4647      	mov	r7, r8
10004230:	46ce      	mov	lr, r9
10004232:	4688      	mov	r8, r1
10004234:	b580      	push	{r7, lr}
10004236:	f3ef 8c10 	mrs	ip, PRIMASK
1000423a:	b672      	cpsid	i
1000423c:	4d1c      	ldr	r5, [pc, #112]	@ (100042b0 <hw_claim_unused_from_range+0x84>)
1000423e:	682c      	ldr	r4, [r5, #0]
10004240:	2c00      	cmp	r4, #0
10004242:	d0fc      	beq.n	1000423e <hw_claim_unused_from_range+0x12>
10004244:	f3bf 8f5f 	dmb	sy
10004248:	429a      	cmp	r2, r3
1000424a:	d822      	bhi.n	10004292 <hw_claim_unused_from_range+0x66>
1000424c:	2107      	movs	r1, #7
1000424e:	2601      	movs	r6, #1
10004250:	4689      	mov	r9, r1
10004252:	e002      	b.n	1000425a <hw_claim_unused_from_range+0x2e>
10004254:	3201      	adds	r2, #1
10004256:	4293      	cmp	r3, r2
10004258:	d318      	bcc.n	1000428c <hw_claim_unused_from_range+0x60>
1000425a:	464d      	mov	r5, r9
1000425c:	0037      	movs	r7, r6
1000425e:	4015      	ands	r5, r2
10004260:	40af      	lsls	r7, r5
10004262:	08d4      	lsrs	r4, r2, #3
10004264:	1901      	adds	r1, r0, r4
10004266:	5d04      	ldrb	r4, [r0, r4]
10004268:	4227      	tst	r7, r4
1000426a:	d1f3      	bne.n	10004254 <hw_claim_unused_from_range+0x28>
1000426c:	0010      	movs	r0, r2
1000426e:	433c      	orrs	r4, r7
10004270:	700c      	strb	r4, [r1, #0]
10004272:	f3bf 8f5f 	dmb	sy
10004276:	2200      	movs	r2, #0
10004278:	4b0d      	ldr	r3, [pc, #52]	@ (100042b0 <hw_claim_unused_from_range+0x84>)
1000427a:	601a      	str	r2, [r3, #0]
1000427c:	f38c 8810 	msr	PRIMASK, ip
10004280:	2800      	cmp	r0, #0
10004282:	db0e      	blt.n	100042a2 <hw_claim_unused_from_range+0x76>
10004284:	bcc0      	pop	{r6, r7}
10004286:	46b9      	mov	r9, r7
10004288:	46b0      	mov	r8, r6
1000428a:	bdf8      	pop	{r3, r4, r5, r6, r7, pc}
1000428c:	2001      	movs	r0, #1
1000428e:	4240      	negs	r0, r0
10004290:	e7ef      	b.n	10004272 <hw_claim_unused_from_range+0x46>
10004292:	f3bf 8f5f 	dmb	sy
10004296:	2300      	movs	r3, #0
10004298:	602b      	str	r3, [r5, #0]
1000429a:	f38c 8810 	msr	PRIMASK, ip
1000429e:	2001      	movs	r0, #1
100042a0:	4240      	negs	r0, r0
100042a2:	4643      	mov	r3, r8
100042a4:	2b00      	cmp	r3, #0
100042a6:	d0ed      	beq.n	10004284 <hw_claim_unused_from_range+0x58>
100042a8:	9808      	ldr	r0, [sp, #32]
100042aa:	f7ff ff85 	bl	100041b8 <panic>
100042ae:	46c0      	nop			@ (mov r8, r8)
100042b0:	d000012c 	.word	0xd000012c

100042b4 <next_striped_spin_lock_num>:
100042b4:	4a04      	ldr	r2, [pc, #16]	@ (100042c8 <next_striped_spin_lock_num+0x14>)
100042b6:	7810      	ldrb	r0, [r2, #0]
100042b8:	1c43      	adds	r3, r0, #1
100042ba:	b2db      	uxtb	r3, r3
100042bc:	2b17      	cmp	r3, #23
100042be:	d900      	bls.n	100042c2 <next_striped_spin_lock_num+0xe>
100042c0:	2310      	movs	r3, #16
100042c2:	7013      	strb	r3, [r2, #0]
100042c4:	4770      	bx	lr
100042c6:	46c0      	nop			@ (mov r8, r8)
100042c8:	20000fb8 	.word	0x20000fb8

100042cc <spin_lock_claim_unused>:
100042cc:	b510      	push	{r4, lr}
100042ce:	4b06      	ldr	r3, [pc, #24]	@ (100042e8 <spin_lock_claim_unused+0x1c>)
100042d0:	4c06      	ldr	r4, [pc, #24]	@ (100042ec <spin_lock_claim_unused+0x20>)
100042d2:	b082      	sub	sp, #8
100042d4:	0001      	movs	r1, r0
100042d6:	9300      	str	r3, [sp, #0]
100042d8:	2218      	movs	r2, #24
100042da:	231f      	movs	r3, #31
100042dc:	0020      	movs	r0, r4
100042de:	f7ff ffa5 	bl	1000422c <hw_claim_unused_from_range>
100042e2:	b002      	add	sp, #8
100042e4:	bd10      	pop	{r4, pc}
100042e6:	46c0      	nop			@ (mov r8, r8)
100042e8:	1000b73c 	.word	0x1000b73c
100042ec:	20009980 	.word	0x20009980

100042f0 <spin_locks_reset>:
100042f0:	2100      	movs	r1, #0
100042f2:	4b04      	ldr	r3, [pc, #16]	@ (10004304 <spin_locks_reset+0x14>)
100042f4:	4a04      	ldr	r2, [pc, #16]	@ (10004308 <spin_locks_reset+0x18>)
100042f6:	f3bf 8f5f 	dmb	sy
100042fa:	c302      	stmia	r3!, {r1}
100042fc:	4293      	cmp	r3, r2
100042fe:	d1fa      	bne.n	100042f6 <spin_locks_reset+0x6>
10004300:	4770      	bx	lr
10004302:	46c0      	nop			@ (mov r8, r8)
10004304:	d0000100 	.word	0xd0000100
10004308:	d0000180 	.word	0xd0000180

1000430c <runtime_init_per_core_irq_priorities>:
1000430c:	4b05      	ldr	r3, [pc, #20]	@ (10004324 <runtime_init_per_core_irq_priorities+0x18>)
1000430e:	4a06      	ldr	r2, [pc, #24]	@ (10004328 <runtime_init_per_core_irq_priorities+0x1c>)
10004310:	6013      	str	r3, [r2, #0]
10004312:	4a06      	ldr	r2, [pc, #24]	@ (1000432c <runtime_init_per_core_irq_priorities+0x20>)
10004314:	6013      	str	r3, [r2, #0]
10004316:	6053      	str	r3, [r2, #4]
10004318:	6093      	str	r3, [r2, #8]
1000431a:	60d3      	str	r3, [r2, #12]
1000431c:	6113      	str	r3, [r2, #16]
1000431e:	6153      	str	r3, [r2, #20]
10004320:	6193      	str	r3, [r2, #24]
10004322:	4770      	bx	lr
10004324:	80808080 	.word	0x80808080
10004328:	e000e400 	.word	0xe000e400
1000432c:	e000e404 	.word	0xe000e404

10004330 <irq_set_enabled>:
10004330:	231f      	movs	r3, #31
10004332:	4018      	ands	r0, r3
10004334:	3b1e      	subs	r3, #30
10004336:	4083      	lsls	r3, r0
10004338:	2900      	cmp	r1, #0
1000433a:	d005      	beq.n	10004348 <irq_set_enabled+0x18>
1000433c:	21c0      	movs	r1, #192	@ 0xc0
1000433e:	4a04      	ldr	r2, [pc, #16]	@ (10004350 <irq_set_enabled+0x20>)
10004340:	0049      	lsls	r1, r1, #1
10004342:	5053      	str	r3, [r2, r1]
10004344:	6013      	str	r3, [r2, #0]
10004346:	4770      	bx	lr
10004348:	2280      	movs	r2, #128	@ 0x80
1000434a:	4901      	ldr	r1, [pc, #4]	@ (10004350 <irq_set_enabled+0x20>)
1000434c:	508b      	str	r3, [r1, r2]
1000434e:	e7fa      	b.n	10004346 <irq_set_enabled+0x16>
10004350:	e000e100 	.word	0xe000e100

10004354 <irq_set_exclusive_handler>:
10004354:	b570      	push	{r4, r5, r6, lr}
10004356:	000d      	movs	r5, r1
10004358:	f3ef 8610 	mrs	r6, PRIMASK
1000435c:	b672      	cpsid	i
1000435e:	4a0f      	ldr	r2, [pc, #60]	@ (1000439c <irq_set_exclusive_handler+0x48>)
10004360:	6813      	ldr	r3, [r2, #0]
10004362:	2b00      	cmp	r3, #0
10004364:	d0fc      	beq.n	10004360 <irq_set_exclusive_handler+0xc>
10004366:	f3bf 8f5f 	dmb	sy
1000436a:	4b0d      	ldr	r3, [pc, #52]	@ (100043a0 <irq_set_exclusive_handler+0x4c>)
1000436c:	3010      	adds	r0, #16
1000436e:	689b      	ldr	r3, [r3, #8]
10004370:	0084      	lsls	r4, r0, #2
10004372:	591b      	ldr	r3, [r3, r4]
10004374:	4a0b      	ldr	r2, [pc, #44]	@ (100043a4 <irq_set_exclusive_handler+0x50>)
10004376:	4293      	cmp	r3, r2
10004378:	d003      	beq.n	10004382 <irq_set_exclusive_handler+0x2e>
1000437a:	429d      	cmp	r5, r3
1000437c:	d001      	beq.n	10004382 <irq_set_exclusive_handler+0x2e>
1000437e:	f001 f8bf 	bl	10005500 <hard_assertion_failure>
10004382:	4b07      	ldr	r3, [pc, #28]	@ (100043a0 <irq_set_exclusive_handler+0x4c>)
10004384:	689b      	ldr	r3, [r3, #8]
10004386:	511d      	str	r5, [r3, r4]
10004388:	f3bf 8f5f 	dmb	sy
1000438c:	f3bf 8f5f 	dmb	sy
10004390:	2200      	movs	r2, #0
10004392:	4b02      	ldr	r3, [pc, #8]	@ (1000439c <irq_set_exclusive_handler+0x48>)
10004394:	601a      	str	r2, [r3, #0]
10004396:	f386 8810 	msr	PRIMASK, r6
1000439a:	bd70      	pop	{r4, r5, r6, pc}
1000439c:	d0000124 	.word	0xd0000124
100043a0:	e000ed00 	.word	0xe000ed00
100043a4:	100001c1 	.word	0x100001c1

100043a8 <irq_add_shared_handler>:
100043a8:	b5f0      	push	{r4, r5, r6, r7, lr}
100043aa:	4657      	mov	r7, sl
100043ac:	464e      	mov	r6, r9
100043ae:	46de      	mov	lr, fp
100043b0:	4645      	mov	r5, r8
100043b2:	b5e0      	push	{r5, r6, r7, lr}
100043b4:	b085      	sub	sp, #20
100043b6:	0006      	movs	r6, r0
100043b8:	9100      	str	r1, [sp, #0]
100043ba:	0017      	movs	r7, r2
100043bc:	f3ef 8b10 	mrs	fp, PRIMASK
100043c0:	b672      	cpsid	i
100043c2:	4a6a      	ldr	r2, [pc, #424]	@ (1000456c <irq_add_shared_handler+0x1c4>)
100043c4:	6813      	ldr	r3, [r2, #0]
100043c6:	2b00      	cmp	r3, #0
100043c8:	d0fc      	beq.n	100043c4 <irq_add_shared_handler+0x1c>
100043ca:	f3bf 8f5f 	dmb	sy
100043ce:	2500      	movs	r5, #0
100043d0:	4b67      	ldr	r3, [pc, #412]	@ (10004570 <irq_add_shared_handler+0x1c8>)
100043d2:	575d      	ldrsb	r5, [r3, r5]
100043d4:	469a      	mov	sl, r3
100043d6:	2d00      	cmp	r5, #0
100043d8:	da00      	bge.n	100043dc <irq_add_shared_handler+0x34>
100043da:	e0a9      	b.n	10004530 <irq_add_shared_handler+0x188>
100043dc:	006b      	lsls	r3, r5, #1
100043de:	4c65      	ldr	r4, [pc, #404]	@ (10004574 <irq_add_shared_handler+0x1cc>)
100043e0:	9301      	str	r3, [sp, #4]
100043e2:	195b      	adds	r3, r3, r5
100043e4:	009b      	lsls	r3, r3, #2
100043e6:	4698      	mov	r8, r3
100043e8:	46a1      	mov	r9, r4
100043ea:	44c1      	add	r9, r8
100043ec:	464b      	mov	r3, r9
100043ee:	4652      	mov	r2, sl
100043f0:	799b      	ldrb	r3, [r3, #6]
100043f2:	3610      	adds	r6, #16
100043f4:	7013      	strb	r3, [r2, #0]
100043f6:	4b60      	ldr	r3, [pc, #384]	@ (10004578 <irq_add_shared_handler+0x1d0>)
100043f8:	00b6      	lsls	r6, r6, #2
100043fa:	689b      	ldr	r3, [r3, #8]
100043fc:	5999      	ldr	r1, [r3, r6]
100043fe:	1b0b      	subs	r3, r1, r4
10004400:	2b2f      	cmp	r3, #47	@ 0x2f
10004402:	d933      	bls.n	1000446c <irq_add_shared_handler+0xc4>
10004404:	4b5d      	ldr	r3, [pc, #372]	@ (1000457c <irq_add_shared_handler+0x1d4>)
10004406:	4299      	cmp	r1, r3
10004408:	d000      	beq.n	1000440c <irq_add_shared_handler+0x64>
1000440a:	e0ac      	b.n	10004566 <irq_add_shared_handler+0x1be>
1000440c:	9b01      	ldr	r3, [sp, #4]
1000440e:	4642      	mov	r2, r8
10004410:	469c      	mov	ip, r3
10004412:	4b5b      	ldr	r3, [pc, #364]	@ (10004580 <irq_add_shared_handler+0x1d8>)
10004414:	4465      	add	r5, ip
10004416:	00ad      	lsls	r5, r5, #2
10004418:	5363      	strh	r3, [r4, r5]
1000441a:	4b5a      	ldr	r3, [pc, #360]	@ (10004584 <irq_add_shared_handler+0x1dc>)
1000441c:	3202      	adds	r2, #2
1000441e:	18a2      	adds	r2, r4, r2
10004420:	3b04      	subs	r3, #4
10004422:	1a9b      	subs	r3, r3, r2
10004424:	051b      	lsls	r3, r3, #20
10004426:	4a58      	ldr	r2, [pc, #352]	@ (10004588 <irq_add_shared_handler+0x1e0>)
10004428:	0d5b      	lsrs	r3, r3, #21
1000442a:	1965      	adds	r5, r4, r5
1000442c:	4313      	orrs	r3, r2
1000442e:	806b      	strh	r3, [r5, #2]
10004430:	4b56      	ldr	r3, [pc, #344]	@ (1000458c <irq_add_shared_handler+0x1e4>)
10004432:	2101      	movs	r1, #1
10004434:	80ab      	strh	r3, [r5, #4]
10004436:	23ff      	movs	r3, #255	@ 0xff
10004438:	71ab      	strb	r3, [r5, #6]
1000443a:	9b00      	ldr	r3, [sp, #0]
1000443c:	71ef      	strb	r7, [r5, #7]
1000443e:	60ab      	str	r3, [r5, #8]
10004440:	464b      	mov	r3, r9
10004442:	430b      	orrs	r3, r1
10004444:	0019      	movs	r1, r3
10004446:	4b4c      	ldr	r3, [pc, #304]	@ (10004578 <irq_add_shared_handler+0x1d0>)
10004448:	689b      	ldr	r3, [r3, #8]
1000444a:	5199      	str	r1, [r3, r6]
1000444c:	f3bf 8f5f 	dmb	sy
10004450:	f3bf 8f5f 	dmb	sy
10004454:	2200      	movs	r2, #0
10004456:	4b45      	ldr	r3, [pc, #276]	@ (1000456c <irq_add_shared_handler+0x1c4>)
10004458:	601a      	str	r2, [r3, #0]
1000445a:	f38b 8810 	msr	PRIMASK, fp
1000445e:	b005      	add	sp, #20
10004460:	bcf0      	pop	{r4, r5, r6, r7}
10004462:	46bb      	mov	fp, r7
10004464:	46b2      	mov	sl, r6
10004466:	46a9      	mov	r9, r5
10004468:	46a0      	mov	r8, r4
1000446a:	bdf0      	pop	{r4, r5, r6, r7, pc}
1000446c:	2001      	movs	r0, #1
1000446e:	000a      	movs	r2, r1
10004470:	4382      	bics	r2, r0
10004472:	79d3      	ldrb	r3, [r2, #7]
10004474:	468c      	mov	ip, r1
10004476:	42bb      	cmp	r3, r7
10004478:	d831      	bhi.n	100044de <irq_add_shared_handler+0x136>
1000447a:	4645      	mov	r5, r8
1000447c:	0013      	movs	r3, r2
1000447e:	4944      	ldr	r1, [pc, #272]	@ (10004590 <irq_add_shared_handler+0x1e8>)
10004480:	1b1b      	subs	r3, r3, r4
10004482:	415b      	adcs	r3, r3
10004484:	4359      	muls	r1, r3
10004486:	0d09      	lsrs	r1, r1, #20
10004488:	4b3d      	ldr	r3, [pc, #244]	@ (10004580 <irq_add_shared_handler+0x1d8>)
1000448a:	5363      	strh	r3, [r4, r5]
1000448c:	4b3d      	ldr	r3, [pc, #244]	@ (10004584 <irq_add_shared_handler+0x1dc>)
1000448e:	3502      	adds	r5, #2
10004490:	1965      	adds	r5, r4, r5
10004492:	3b04      	subs	r3, #4
10004494:	1b5b      	subs	r3, r3, r5
10004496:	051b      	lsls	r3, r3, #20
10004498:	4d3b      	ldr	r5, [pc, #236]	@ (10004588 <irq_add_shared_handler+0x1e0>)
1000449a:	0d5b      	lsrs	r3, r3, #21
1000449c:	432b      	orrs	r3, r5
1000449e:	46aa      	mov	sl, r5
100044a0:	464d      	mov	r5, r9
100044a2:	806b      	strh	r3, [r5, #2]
100044a4:	2504      	movs	r5, #4
100044a6:	46ac      	mov	ip, r5
100044a8:	4655      	mov	r5, sl
100044aa:	44e0      	add	r8, ip
100044ac:	1f13      	subs	r3, r2, #4
100044ae:	4444      	add	r4, r8
100044b0:	1b1b      	subs	r3, r3, r4
100044b2:	051b      	lsls	r3, r3, #20
100044b4:	0d5b      	lsrs	r3, r3, #21
100044b6:	431d      	orrs	r5, r3
100044b8:	464b      	mov	r3, r9
100044ba:	7199      	strb	r1, [r3, #6]
100044bc:	9900      	ldr	r1, [sp, #0]
100044be:	809d      	strh	r5, [r3, #4]
100044c0:	6099      	str	r1, [r3, #8]
100044c2:	4649      	mov	r1, r9
100044c4:	71df      	strb	r7, [r3, #7]
100044c6:	4b33      	ldr	r3, [pc, #204]	@ (10004594 <irq_add_shared_handler+0x1ec>)
100044c8:	4301      	orrs	r1, r0
100044ca:	6013      	str	r3, [r2, #0]
100044cc:	e7bb      	b.n	10004446 <irq_add_shared_handler+0x9e>
100044ce:	0058      	lsls	r0, r3, #1
100044d0:	18c0      	adds	r0, r0, r3
100044d2:	0080      	lsls	r0, r0, #2
100044d4:	1820      	adds	r0, r4, r0
100044d6:	79c1      	ldrb	r1, [r0, #7]
100044d8:	42b9      	cmp	r1, r7
100044da:	d92f      	bls.n	1000453c <irq_add_shared_handler+0x194>
100044dc:	0002      	movs	r2, r0
100044de:	2306      	movs	r3, #6
100044e0:	56d3      	ldrsb	r3, [r2, r3]
100044e2:	2b00      	cmp	r3, #0
100044e4:	daf3      	bge.n	100044ce <irq_add_shared_handler+0x126>
100044e6:	9302      	str	r3, [sp, #8]
100044e8:	4b2b      	ldr	r3, [pc, #172]	@ (10004598 <irq_add_shared_handler+0x1f0>)
100044ea:	4661      	mov	r1, ip
100044ec:	9303      	str	r3, [sp, #12]
100044ee:	1d13      	adds	r3, r2, #4
100044f0:	469a      	mov	sl, r3
100044f2:	2304      	movs	r3, #4
100044f4:	425b      	negs	r3, r3
100044f6:	469c      	mov	ip, r3
100044f8:	44e1      	add	r9, ip
100044fa:	4650      	mov	r0, sl
100044fc:	464b      	mov	r3, r9
100044fe:	1a1b      	subs	r3, r3, r0
10004500:	051b      	lsls	r3, r3, #20
10004502:	0d5b      	lsrs	r3, r3, #21
10004504:	469c      	mov	ip, r3
10004506:	4b20      	ldr	r3, [pc, #128]	@ (10004588 <irq_add_shared_handler+0x1e0>)
10004508:	7195      	strb	r5, [r2, #6]
1000450a:	4698      	mov	r8, r3
1000450c:	4663      	mov	r3, ip
1000450e:	4640      	mov	r0, r8
10004510:	4303      	orrs	r3, r0
10004512:	8093      	strh	r3, [r2, #4]
10004514:	9b01      	ldr	r3, [sp, #4]
10004516:	195a      	adds	r2, r3, r5
10004518:	0092      	lsls	r2, r2, #2
1000451a:	9b03      	ldr	r3, [sp, #12]
1000451c:	18a4      	adds	r4, r4, r2
1000451e:	80a3      	strh	r3, [r4, #4]
10004520:	9b02      	ldr	r3, [sp, #8]
10004522:	4a1c      	ldr	r2, [pc, #112]	@ (10004594 <irq_add_shared_handler+0x1ec>)
10004524:	71a3      	strb	r3, [r4, #6]
10004526:	9b00      	ldr	r3, [sp, #0]
10004528:	6022      	str	r2, [r4, #0]
1000452a:	71e7      	strb	r7, [r4, #7]
1000452c:	60a3      	str	r3, [r4, #8]
1000452e:	e78a      	b.n	10004446 <irq_add_shared_handler+0x9e>
10004530:	f000 ffe6 	bl	10005500 <hard_assertion_failure>
10004534:	2500      	movs	r5, #0
10004536:	4653      	mov	r3, sl
10004538:	575d      	ldrsb	r5, [r3, r5]
1000453a:	e74f      	b.n	100043dc <irq_add_shared_handler+0x34>
1000453c:	8890      	ldrh	r0, [r2, #4]
1000453e:	9302      	str	r3, [sp, #8]
10004540:	0540      	lsls	r0, r0, #21
10004542:	1d13      	adds	r3, r2, #4
10004544:	469a      	mov	sl, r3
10004546:	1503      	asrs	r3, r0, #20
10004548:	4661      	mov	r1, ip
1000454a:	469c      	mov	ip, r3
1000454c:	4640      	mov	r0, r8
1000454e:	44d4      	add	ip, sl
10004550:	4663      	mov	r3, ip
10004552:	3004      	adds	r0, #4
10004554:	1820      	adds	r0, r4, r0
10004556:	1a18      	subs	r0, r3, r0
10004558:	23e0      	movs	r3, #224	@ 0xe0
1000455a:	0500      	lsls	r0, r0, #20
1000455c:	0d40      	lsrs	r0, r0, #21
1000455e:	021b      	lsls	r3, r3, #8
10004560:	4318      	orrs	r0, r3
10004562:	9003      	str	r0, [sp, #12]
10004564:	e7c5      	b.n	100044f2 <irq_add_shared_handler+0x14a>
10004566:	f000 ffcb 	bl	10005500 <hard_assertion_failure>
1000456a:	e74f      	b.n	1000440c <irq_add_shared_handler+0x64>
1000456c:	d0000124 	.word	0xd0000124
10004570:	2001a425 	.word	0x2001a425
10004574:	20000fbc 	.word	0x20000fbc
10004578:	e000ed00 	.word	0xe000ed00
1000457c:	100001c1 	.word	0x100001c1
10004580:	ffffa100 	.word	0xffffa100
10004584:	20000fec 	.word	0x20000fec
10004588:	ffffe000 	.word	0xffffe000
1000458c:	ffffbd01 	.word	0xffffbd01
10004590:	0000aaaa 	.word	0x0000aaaa
10004594:	47804801 	.word	0x47804801
10004598:	0000bd01 	.word	0x0000bd01

1000459c <irq_remove_handler>:
1000459c:	b5f0      	push	{r4, r5, r6, r7, lr}
1000459e:	46de      	mov	lr, fp
100045a0:	4657      	mov	r7, sl
100045a2:	464e      	mov	r6, r9
100045a4:	4645      	mov	r5, r8
100045a6:	b5e0      	push	{r5, r6, r7, lr}
100045a8:	000c      	movs	r4, r1
100045aa:	b083      	sub	sp, #12
100045ac:	f3ef 8810 	mrs	r8, PRIMASK
100045b0:	b672      	cpsid	i
100045b2:	4a63      	ldr	r2, [pc, #396]	@ (10004740 <irq_remove_handler+0x1a4>)
100045b4:	6813      	ldr	r3, [r2, #0]
100045b6:	2b00      	cmp	r3, #0
100045b8:	d0fc      	beq.n	100045b4 <irq_remove_handler+0x18>
100045ba:	f3bf 8f5f 	dmb	sy
100045be:	4b61      	ldr	r3, [pc, #388]	@ (10004744 <irq_remove_handler+0x1a8>)
100045c0:	4961      	ldr	r1, [pc, #388]	@ (10004748 <irq_remove_handler+0x1ac>)
100045c2:	689a      	ldr	r2, [r3, #8]
100045c4:	0003      	movs	r3, r0
100045c6:	3310      	adds	r3, #16
100045c8:	009f      	lsls	r7, r3, #2
100045ca:	59d5      	ldr	r5, [r2, r7]
100045cc:	9301      	str	r3, [sp, #4]
100045ce:	428d      	cmp	r5, r1
100045d0:	d043      	beq.n	1000465a <irq_remove_handler+0xbe>
100045d2:	42a5      	cmp	r5, r4
100045d4:	d054      	beq.n	10004680 <irq_remove_handler+0xe4>
100045d6:	4e5d      	ldr	r6, [pc, #372]	@ (1000474c <irq_remove_handler+0x1b0>)
100045d8:	1baa      	subs	r2, r5, r6
100045da:	2a2f      	cmp	r2, #47	@ 0x2f
100045dc:	d83d      	bhi.n	1000465a <irq_remove_handler+0xbe>
100045de:	4b5c      	ldr	r3, [pc, #368]	@ (10004750 <irq_remove_handler+0x1b4>)
100045e0:	469b      	mov	fp, r3
100045e2:	681b      	ldr	r3, [r3, #0]
100045e4:	4699      	mov	r9, r3
100045e6:	2301      	movs	r3, #1
100045e8:	001a      	movs	r2, r3
100045ea:	469c      	mov	ip, r3
100045ec:	4082      	lsls	r2, r0
100045ee:	464b      	mov	r3, r9
100045f0:	4013      	ands	r3, r2
100045f2:	221f      	movs	r2, #31
100045f4:	4699      	mov	r9, r3
100045f6:	4663      	mov	r3, ip
100045f8:	4002      	ands	r2, r0
100045fa:	4093      	lsls	r3, r2
100045fc:	469a      	mov	sl, r3
100045fe:	2280      	movs	r2, #128	@ 0x80
10004600:	465b      	mov	r3, fp
10004602:	4650      	mov	r0, sl
10004604:	5098      	str	r0, [r3, r2]
10004606:	f3bf 8f5f 	dmb	sy
1000460a:	f3ef 8305 	mrs	r3, IPSR
1000460e:	469b      	mov	fp, r3
10004610:	2b00      	cmp	r3, #0
10004612:	d037      	beq.n	10004684 <irq_remove_handler+0xe8>
10004614:	9b01      	ldr	r3, [sp, #4]
10004616:	455b      	cmp	r3, fp
10004618:	d001      	beq.n	1000461e <irq_remove_handler+0x82>
1000461a:	f000 ff71 	bl	10005500 <hard_assertion_failure>
1000461e:	2301      	movs	r3, #1
10004620:	002a      	movs	r2, r5
10004622:	439a      	bics	r2, r3
10004624:	6890      	ldr	r0, [r2, #8]
10004626:	4284      	cmp	r4, r0
10004628:	d108      	bne.n	1000463c <irq_remove_handler+0xa0>
1000462a:	e076      	b.n	1000471a <irq_remove_handler+0x17e>
1000462c:	004b      	lsls	r3, r1, #1
1000462e:	185b      	adds	r3, r3, r1
10004630:	009b      	lsls	r3, r3, #2
10004632:	18f3      	adds	r3, r6, r3
10004634:	6898      	ldr	r0, [r3, #8]
10004636:	4284      	cmp	r4, r0
10004638:	d036      	beq.n	100046a8 <irq_remove_handler+0x10c>
1000463a:	001a      	movs	r2, r3
1000463c:	2106      	movs	r1, #6
1000463e:	5651      	ldrsb	r1, [r2, r1]
10004640:	2900      	cmp	r1, #0
10004642:	daf3      	bge.n	1000462c <irq_remove_handler+0x90>
10004644:	4284      	cmp	r4, r0
10004646:	d054      	beq.n	100046f2 <irq_remove_handler+0x156>
10004648:	464b      	mov	r3, r9
1000464a:	2b00      	cmp	r3, #0
1000464c:	d027      	beq.n	1000469e <irq_remove_handler+0x102>
1000464e:	22c0      	movs	r2, #192	@ 0xc0
10004650:	4651      	mov	r1, sl
10004652:	4b3f      	ldr	r3, [pc, #252]	@ (10004750 <irq_remove_handler+0x1b4>)
10004654:	0052      	lsls	r2, r2, #1
10004656:	5099      	str	r1, [r3, r2]
10004658:	6019      	str	r1, [r3, #0]
1000465a:	4b3a      	ldr	r3, [pc, #232]	@ (10004744 <irq_remove_handler+0x1a8>)
1000465c:	689b      	ldr	r3, [r3, #8]
1000465e:	51dd      	str	r5, [r3, r7]
10004660:	f3bf 8f5f 	dmb	sy
10004664:	f3bf 8f5f 	dmb	sy
10004668:	2200      	movs	r2, #0
1000466a:	4b35      	ldr	r3, [pc, #212]	@ (10004740 <irq_remove_handler+0x1a4>)
1000466c:	601a      	str	r2, [r3, #0]
1000466e:	f388 8810 	msr	PRIMASK, r8
10004672:	b003      	add	sp, #12
10004674:	bcf0      	pop	{r4, r5, r6, r7}
10004676:	46bb      	mov	fp, r7
10004678:	46b2      	mov	sl, r6
1000467a:	46a9      	mov	r9, r5
1000467c:	46a0      	mov	r8, r4
1000467e:	bdf0      	pop	{r4, r5, r6, r7, pc}
10004680:	000d      	movs	r5, r1
10004682:	e7ea      	b.n	1000465a <irq_remove_handler+0xbe>
10004684:	002a      	movs	r2, r5
10004686:	4663      	mov	r3, ip
10004688:	439a      	bics	r2, r3
1000468a:	6890      	ldr	r0, [r2, #8]
1000468c:	4284      	cmp	r4, r0
1000468e:	d1d5      	bne.n	1000463c <irq_remove_handler+0xa0>
10004690:	2006      	movs	r0, #6
10004692:	5610      	ldrsb	r0, [r2, r0]
10004694:	0013      	movs	r3, r2
10004696:	2800      	cmp	r0, #0
10004698:	da0a      	bge.n	100046b0 <irq_remove_handler+0x114>
1000469a:	000d      	movs	r5, r1
1000469c:	e031      	b.n	10004702 <irq_remove_handler+0x166>
1000469e:	2380      	movs	r3, #128	@ 0x80
100046a0:	4651      	mov	r1, sl
100046a2:	4a2b      	ldr	r2, [pc, #172]	@ (10004750 <irq_remove_handler+0x1b4>)
100046a4:	50d1      	str	r1, [r2, r3]
100046a6:	e7d8      	b.n	1000465a <irq_remove_handler+0xbe>
100046a8:	2006      	movs	r0, #6
100046aa:	5618      	ldrsb	r0, [r3, r0]
100046ac:	2800      	cmp	r0, #0
100046ae:	db21      	blt.n	100046f4 <irq_remove_handler+0x158>
100046b0:	0042      	lsls	r2, r0, #1
100046b2:	1811      	adds	r1, r2, r0
100046b4:	0089      	lsls	r1, r1, #2
100046b6:	1874      	adds	r4, r6, r1
100046b8:	468b      	mov	fp, r1
100046ba:	68a1      	ldr	r1, [r4, #8]
100046bc:	6099      	str	r1, [r3, #8]
100046be:	79e1      	ldrb	r1, [r4, #7]
100046c0:	71d9      	strb	r1, [r3, #7]
100046c2:	2106      	movs	r1, #6
100046c4:	5661      	ldrsb	r1, [r4, r1]
100046c6:	7199      	strb	r1, [r3, #6]
100046c8:	2900      	cmp	r1, #0
100046ca:	db24      	blt.n	10004716 <irq_remove_handler+0x17a>
100046cc:	88a4      	ldrh	r4, [r4, #4]
100046ce:	1af1      	subs	r1, r6, r3
100046d0:	0564      	lsls	r4, r4, #21
100046d2:	1524      	asrs	r4, r4, #20
100046d4:	445c      	add	r4, fp
100046d6:	1909      	adds	r1, r1, r4
100046d8:	0509      	lsls	r1, r1, #20
100046da:	4c1e      	ldr	r4, [pc, #120]	@ (10004754 <irq_remove_handler+0x1b8>)
100046dc:	0d49      	lsrs	r1, r1, #21
100046de:	4321      	orrs	r1, r4
100046e0:	8099      	strh	r1, [r3, #4]
100046e2:	1813      	adds	r3, r2, r0
100046e4:	4a1c      	ldr	r2, [pc, #112]	@ (10004758 <irq_remove_handler+0x1bc>)
100046e6:	009b      	lsls	r3, r3, #2
100046e8:	7811      	ldrb	r1, [r2, #0]
100046ea:	18f3      	adds	r3, r6, r3
100046ec:	7199      	strb	r1, [r3, #6]
100046ee:	7010      	strb	r0, [r2, #0]
100046f0:	e7aa      	b.n	10004648 <irq_remove_handler+0xac>
100046f2:	0013      	movs	r3, r2
100046f4:	4659      	mov	r1, fp
100046f6:	2900      	cmp	r1, #0
100046f8:	d114      	bne.n	10004724 <irq_remove_handler+0x188>
100046fa:	31ff      	adds	r1, #255	@ 0xff
100046fc:	7191      	strb	r1, [r2, #6]
100046fe:	4917      	ldr	r1, [pc, #92]	@ (1000475c <irq_remove_handler+0x1c0>)
10004700:	8091      	strh	r1, [r2, #4]
10004702:	4915      	ldr	r1, [pc, #84]	@ (10004758 <irq_remove_handler+0x1bc>)
10004704:	780a      	ldrb	r2, [r1, #0]
10004706:	719a      	strb	r2, [r3, #6]
10004708:	4a15      	ldr	r2, [pc, #84]	@ (10004760 <irq_remove_handler+0x1c4>)
1000470a:	1b9b      	subs	r3, r3, r6
1000470c:	415b      	adcs	r3, r3
1000470e:	435a      	muls	r2, r3
10004710:	0d12      	lsrs	r2, r2, #20
10004712:	700a      	strb	r2, [r1, #0]
10004714:	e798      	b.n	10004648 <irq_remove_handler+0xac>
10004716:	4911      	ldr	r1, [pc, #68]	@ (1000475c <irq_remove_handler+0x1c0>)
10004718:	e7e2      	b.n	100046e0 <irq_remove_handler+0x144>
1000471a:	2006      	movs	r0, #6
1000471c:	5610      	ldrsb	r0, [r2, r0]
1000471e:	0013      	movs	r3, r2
10004720:	2800      	cmp	r0, #0
10004722:	dac5      	bge.n	100046b0 <irq_remove_handler+0x114>
10004724:	4a0f      	ldr	r2, [pc, #60]	@ (10004764 <irq_remove_handler+0x1c8>)
10004726:	4910      	ldr	r1, [pc, #64]	@ (10004768 <irq_remove_handler+0x1cc>)
10004728:	1ad2      	subs	r2, r2, r3
1000472a:	3a08      	subs	r2, #8
1000472c:	0250      	lsls	r0, r2, #9
1000472e:	0d40      	lsrs	r0, r0, #21
10004730:	4301      	orrs	r1, r0
10004732:	8099      	strh	r1, [r3, #4]
10004734:	490d      	ldr	r1, [pc, #52]	@ (1000476c <irq_remove_handler+0x1d0>)
10004736:	0852      	lsrs	r2, r2, #1
10004738:	430a      	orrs	r2, r1
1000473a:	80da      	strh	r2, [r3, #6]
1000473c:	e784      	b.n	10004648 <irq_remove_handler+0xac>
1000473e:	46c0      	nop			@ (mov r8, r8)
10004740:	d0000124 	.word	0xd0000124
10004744:	e000ed00 	.word	0xe000ed00
10004748:	100001c1 	.word	0x100001c1
1000474c:	20000fbc 	.word	0x20000fbc
10004750:	e000e100 	.word	0xe000e100
10004754:	ffffe000 	.word	0xffffe000
10004758:	2001a425 	.word	0x2001a425
1000475c:	ffffbd01 	.word	0xffffbd01
10004760:	0000aaaa 	.word	0x0000aaaa
10004764:	20000ff6 	.word	0x20000ff6
10004768:	fffff000 	.word	0xfffff000
1000476c:	fffff800 	.word	0xfffff800

10004770 <irq_add_tail_to_free_list>:
10004770:	b570      	push	{r4, r5, r6, lr}
10004772:	2401      	movs	r4, #1
10004774:	4304      	orrs	r4, r0
10004776:	f3ef 8105 	mrs	r1, IPSR
1000477a:	f3ef 8c10 	mrs	ip, PRIMASK
1000477e:	b672      	cpsid	i
10004780:	4a21      	ldr	r2, [pc, #132]	@ (10004808 <irq_add_tail_to_free_list+0x98>)
10004782:	6813      	ldr	r3, [r2, #0]
10004784:	2b00      	cmp	r3, #0
10004786:	d0fc      	beq.n	10004782 <irq_add_tail_to_free_list+0x12>
10004788:	f3bf 8f5f 	dmb	sy
1000478c:	4b1f      	ldr	r3, [pc, #124]	@ (1000480c <irq_add_tail_to_free_list+0x9c>)
1000478e:	0005      	movs	r5, r0
10004790:	4a1f      	ldr	r2, [pc, #124]	@ (10004810 <irq_add_tail_to_free_list+0xa0>)
10004792:	1aed      	subs	r5, r5, r3
10004794:	416d      	adcs	r5, r5
10004796:	436a      	muls	r2, r5
10004798:	0d12      	lsrs	r2, r2, #20
1000479a:	4d1e      	ldr	r5, [pc, #120]	@ (10004814 <irq_add_tail_to_free_list+0xa4>)
1000479c:	0089      	lsls	r1, r1, #2
1000479e:	68ae      	ldr	r6, [r5, #8]
100047a0:	b252      	sxtb	r2, r2
100047a2:	5876      	ldr	r6, [r6, r1]
100047a4:	42a6      	cmp	r6, r4
100047a6:	d01c      	beq.n	100047e2 <irq_add_tail_to_free_list+0x72>
100047a8:	2106      	movs	r1, #6
100047aa:	5659      	ldrsb	r1, [r3, r1]
100047ac:	4291      	cmp	r1, r2
100047ae:	d01c      	beq.n	100047ea <irq_add_tail_to_free_list+0x7a>
100047b0:	2112      	movs	r1, #18
100047b2:	5659      	ldrsb	r1, [r3, r1]
100047b4:	4291      	cmp	r1, r2
100047b6:	d022      	beq.n	100047fe <irq_add_tail_to_free_list+0x8e>
100047b8:	211e      	movs	r1, #30
100047ba:	5659      	ldrsb	r1, [r3, r1]
100047bc:	4291      	cmp	r1, r2
100047be:	d020      	beq.n	10004802 <irq_add_tail_to_free_list+0x92>
100047c0:	212a      	movs	r1, #42	@ 0x2a
100047c2:	5659      	ldrsb	r1, [r3, r1]
100047c4:	2403      	movs	r4, #3
100047c6:	4291      	cmp	r1, r2
100047c8:	d010      	beq.n	100047ec <irq_add_tail_to_free_list+0x7c>
100047ca:	4b13      	ldr	r3, [pc, #76]	@ (10004818 <irq_add_tail_to_free_list+0xa8>)
100047cc:	7819      	ldrb	r1, [r3, #0]
100047ce:	701a      	strb	r2, [r3, #0]
100047d0:	7181      	strb	r1, [r0, #6]
100047d2:	f3bf 8f5f 	dmb	sy
100047d6:	2200      	movs	r2, #0
100047d8:	4b0b      	ldr	r3, [pc, #44]	@ (10004808 <irq_add_tail_to_free_list+0x98>)
100047da:	601a      	str	r2, [r3, #0]
100047dc:	f38c 8810 	msr	PRIMASK, ip
100047e0:	bd70      	pop	{r4, r5, r6, pc}
100047e2:	68ab      	ldr	r3, [r5, #8]
100047e4:	4c0d      	ldr	r4, [pc, #52]	@ (1000481c <irq_add_tail_to_free_list+0xac>)
100047e6:	505c      	str	r4, [r3, r1]
100047e8:	e7ef      	b.n	100047ca <irq_add_tail_to_free_list+0x5a>
100047ea:	2400      	movs	r4, #0
100047ec:	0061      	lsls	r1, r4, #1
100047ee:	1909      	adds	r1, r1, r4
100047f0:	0089      	lsls	r1, r1, #2
100047f2:	185b      	adds	r3, r3, r1
100047f4:	21ff      	movs	r1, #255	@ 0xff
100047f6:	7199      	strb	r1, [r3, #6]
100047f8:	4909      	ldr	r1, [pc, #36]	@ (10004820 <irq_add_tail_to_free_list+0xb0>)
100047fa:	8099      	strh	r1, [r3, #4]
100047fc:	e7e5      	b.n	100047ca <irq_add_tail_to_free_list+0x5a>
100047fe:	2401      	movs	r4, #1
10004800:	e7f4      	b.n	100047ec <irq_add_tail_to_free_list+0x7c>
10004802:	2402      	movs	r4, #2
10004804:	e7f2      	b.n	100047ec <irq_add_tail_to_free_list+0x7c>
10004806:	46c0      	nop			@ (mov r8, r8)
10004808:	d0000124 	.word	0xd0000124
1000480c:	20000fbc 	.word	0x20000fbc
10004810:	0000aaaa 	.word	0x0000aaaa
10004814:	e000ed00 	.word	0xe000ed00
10004818:	2001a425 	.word	0x2001a425
1000481c:	100001c1 	.word	0x100001c1
10004820:	ffffbd01 	.word	0xffffbd01

10004824 <lock_init>:
10004824:	4b02      	ldr	r3, [pc, #8]	@ (10004830 <lock_init+0xc>)
10004826:	469c      	mov	ip, r3
10004828:	4461      	add	r1, ip
1000482a:	0089      	lsls	r1, r1, #2
1000482c:	6001      	str	r1, [r0, #0]
1000482e:	4770      	bx	lr
10004830:	34000040 	.word	0x34000040

10004834 <runtime_init_mutex>:
10004834:	b570      	push	{r4, r5, r6, lr}
10004836:	4c11      	ldr	r4, [pc, #68]	@ (1000487c <runtime_init_mutex+0x48>)
10004838:	4d11      	ldr	r5, [pc, #68]	@ (10004880 <runtime_init_mutex+0x4c>)
1000483a:	42ac      	cmp	r4, r5
1000483c:	d20f      	bcs.n	1000485e <runtime_init_mutex+0x2a>
1000483e:	26ff      	movs	r6, #255	@ 0xff
10004840:	6823      	ldr	r3, [r4, #0]
10004842:	2b00      	cmp	r3, #0
10004844:	d00c      	beq.n	10004860 <runtime_init_mutex+0x2c>
10004846:	f7ff fd35 	bl	100042b4 <next_striped_spin_lock_num>
1000484a:	0001      	movs	r1, r0
1000484c:	0020      	movs	r0, r4
1000484e:	f7ff ffe9 	bl	10004824 <lock_init>
10004852:	80a6      	strh	r6, [r4, #4]
10004854:	f3bf 8f5f 	dmb	sy
10004858:	3408      	adds	r4, #8
1000485a:	42ac      	cmp	r4, r5
1000485c:	d3f0      	bcc.n	10004840 <runtime_init_mutex+0xc>
1000485e:	bd70      	pop	{r4, r5, r6, pc}
10004860:	f7ff fd28 	bl	100042b4 <next_striped_spin_lock_num>
10004864:	0001      	movs	r1, r0
10004866:	0020      	movs	r0, r4
10004868:	f7ff ffdc 	bl	10004824 <lock_init>
1000486c:	7126      	strb	r6, [r4, #4]
1000486e:	f3bf 8f5f 	dmb	sy
10004872:	3408      	adds	r4, #8
10004874:	42ac      	cmp	r4, r5
10004876:	d3e3      	bcc.n	10004840 <runtime_init_mutex+0xc>
10004878:	e7f1      	b.n	1000485e <runtime_init_mutex+0x2a>
1000487a:	46c0      	nop			@ (mov r8, r8)
1000487c:	20001078 	.word	0x20001078
10004880:	20001080 	.word	0x20001080

10004884 <mutex_init>:
10004884:	b510      	push	{r4, lr}
10004886:	0004      	movs	r4, r0
10004888:	f7ff fd14 	bl	100042b4 <next_striped_spin_lock_num>
1000488c:	0001      	movs	r1, r0
1000488e:	0020      	movs	r0, r4
10004890:	f7ff ffc8 	bl	10004824 <lock_init>
10004894:	23ff      	movs	r3, #255	@ 0xff
10004896:	7123      	strb	r3, [r4, #4]
10004898:	f3bf 8f5f 	dmb	sy
1000489c:	bd10      	pop	{r4, pc}
1000489e:	46c0      	nop			@ (mov r8, r8)

100048a0 <critical_section_init>:
100048a0:	b510      	push	{r4, lr}
100048a2:	0004      	movs	r4, r0
100048a4:	2001      	movs	r0, #1
100048a6:	f7ff fd11 	bl	100042cc <spin_lock_claim_unused>
100048aa:	4b03      	ldr	r3, [pc, #12]	@ (100048b8 <critical_section_init+0x18>)
100048ac:	18c3      	adds	r3, r0, r3
100048ae:	009b      	lsls	r3, r3, #2
100048b0:	6023      	str	r3, [r4, #0]
100048b2:	f3bf 8f5f 	dmb	sy
100048b6:	bd10      	pop	{r4, pc}
100048b8:	34000040 	.word	0x34000040

100048bc <sleep_until_callback>:
100048bc:	4b0a      	ldr	r3, [pc, #40]	@ (100048e8 <sleep_until_callback+0x2c>)
100048be:	6819      	ldr	r1, [r3, #0]
100048c0:	f3ef 8010 	mrs	r0, PRIMASK
100048c4:	b672      	cpsid	i
100048c6:	680a      	ldr	r2, [r1, #0]
100048c8:	2a00      	cmp	r2, #0
100048ca:	d0fc      	beq.n	100048c6 <sleep_until_callback+0xa>
100048cc:	f3bf 8f5f 	dmb	sy
100048d0:	681b      	ldr	r3, [r3, #0]
100048d2:	f3bf 8f5f 	dmb	sy
100048d6:	2200      	movs	r2, #0
100048d8:	601a      	str	r2, [r3, #0]
100048da:	f380 8810 	msr	PRIMASK, r0
100048de:	bf40      	sev
100048e0:	2000      	movs	r0, #0
100048e2:	2100      	movs	r1, #0
100048e4:	4770      	bx	lr
100048e6:	46c0      	nop			@ (mov r8, r8)
100048e8:	20011fec 	.word	0x20011fec

100048ec <alarm_pool_irq_handler>:
100048ec:	b5f0      	push	{r4, r5, r6, r7, lr}
100048ee:	46de      	mov	lr, fp
100048f0:	4657      	mov	r7, sl
100048f2:	464e      	mov	r6, r9
100048f4:	4645      	mov	r5, r8
100048f6:	b5e0      	push	{r5, r6, r7, lr}
100048f8:	b087      	sub	sp, #28
100048fa:	f3ef 8305 	mrs	r3, IPSR
100048fe:	2203      	movs	r2, #3
10004900:	2501      	movs	r5, #1
10004902:	401a      	ands	r2, r3
10004904:	4095      	lsls	r5, r2
10004906:	0091      	lsls	r1, r2, #2
10004908:	4688      	mov	r8, r1
1000490a:	46a9      	mov	r9, r5
1000490c:	4bb3      	ldr	r3, [pc, #716]	@ (10004bdc <alarm_pool_irq_handler+0x2f0>)
1000490e:	9203      	str	r2, [sp, #12]
10004910:	585c      	ldr	r4, [r3, r1]
10004912:	4bb3      	ldr	r3, [pc, #716]	@ (10004be0 <alarm_pool_irq_handler+0x2f4>)
10004914:	601d      	str	r5, [r3, #0]
10004916:	4bb3      	ldr	r3, [pc, #716]	@ (10004be4 <alarm_pool_irq_handler+0x2f8>)
10004918:	9304      	str	r3, [sp, #16]
1000491a:	464b      	mov	r3, r9
1000491c:	48b2      	ldr	r0, [pc, #712]	@ (10004be8 <alarm_pool_irq_handler+0x2fc>)
1000491e:	6343      	str	r3, [r0, #52]	@ 0x34
10004920:	2308      	movs	r3, #8
10004922:	5ee5      	ldrsh	r5, [r4, r3]
10004924:	2d00      	cmp	r5, #0
10004926:	da37      	bge.n	10004998 <alarm_pool_irq_handler+0xac>
10004928:	88a3      	ldrh	r3, [r4, #4]
1000492a:	b21b      	sxth	r3, r3
1000492c:	2b00      	cmp	r3, #0
1000492e:	db00      	blt.n	10004932 <alarm_pool_irq_handler+0x46>
10004930:	e0ad      	b.n	10004a8e <alarm_pool_irq_handler+0x1a2>
10004932:	79a3      	ldrb	r3, [r4, #6]
10004934:	2b00      	cmp	r3, #0
10004936:	d000      	beq.n	1000493a <alarm_pool_irq_handler+0x4e>
10004938:	e0ee      	b.n	10004b18 <alarm_pool_irq_handler+0x22c>
1000493a:	2308      	movs	r3, #8
1000493c:	5ee0      	ldrsh	r0, [r4, r3]
1000493e:	2800      	cmp	r0, #0
10004940:	db20      	blt.n	10004984 <alarm_pool_irq_handler+0x98>
10004942:	0043      	lsls	r3, r0, #1
10004944:	6962      	ldr	r2, [r4, #20]
10004946:	181b      	adds	r3, r3, r0
10004948:	00db      	lsls	r3, r3, #3
1000494a:	18d3      	adds	r3, r2, r3
1000494c:	689e      	ldr	r6, [r3, #8]
1000494e:	68dd      	ldr	r5, [r3, #12]
10004950:	1c73      	adds	r3, r6, #1
10004952:	d100      	bne.n	10004956 <alarm_pool_irq_handler+0x6a>
10004954:	e111      	b.n	10004b7a <alarm_pool_irq_handler+0x28e>
10004956:	48a4      	ldr	r0, [pc, #656]	@ (10004be8 <alarm_pool_irq_handler+0x2fc>)
10004958:	0001      	movs	r1, r0
1000495a:	4441      	add	r1, r8
1000495c:	6a82      	ldr	r2, [r0, #40]	@ 0x28
1000495e:	690b      	ldr	r3, [r1, #16]
10004960:	1ab7      	subs	r7, r6, r2
10004962:	1a9b      	subs	r3, r3, r2
10004964:	429f      	cmp	r7, r3
10004966:	d315      	bcc.n	10004994 <alarm_pool_irq_handler+0xa8>
10004968:	2301      	movs	r3, #1
1000496a:	6a02      	ldr	r2, [r0, #32]
1000496c:	9803      	ldr	r0, [sp, #12]
1000496e:	4083      	lsls	r3, r0
10004970:	421a      	tst	r2, r3
10004972:	d00f      	beq.n	10004994 <alarm_pool_irq_handler+0xa8>
10004974:	489c      	ldr	r0, [pc, #624]	@ (10004be8 <alarm_pool_irq_handler+0x2fc>)
10004976:	f000 fb47 	bl	10005008 <timer_time_us_64>
1000497a:	428d      	cmp	r5, r1
1000497c:	dc02      	bgt.n	10004984 <alarm_pool_irq_handler+0x98>
1000497e:	d1cc      	bne.n	1000491a <alarm_pool_irq_handler+0x2e>
10004980:	4286      	cmp	r6, r0
10004982:	d9ca      	bls.n	1000491a <alarm_pool_irq_handler+0x2e>
10004984:	bf40      	sev
10004986:	b007      	add	sp, #28
10004988:	bcf0      	pop	{r4, r5, r6, r7}
1000498a:	46bb      	mov	fp, r7
1000498c:	46b2      	mov	sl, r6
1000498e:	46a9      	mov	r9, r5
10004990:	46a0      	mov	r8, r4
10004992:	bdf0      	pop	{r4, r5, r6, r7, pc}
10004994:	610e      	str	r6, [r1, #16]
10004996:	e7ed      	b.n	10004974 <alarm_pool_irq_handler+0x88>
10004998:	6962      	ldr	r2, [r4, #20]
1000499a:	006b      	lsls	r3, r5, #1
1000499c:	4692      	mov	sl, r2
1000499e:	195b      	adds	r3, r3, r5
100049a0:	00db      	lsls	r3, r3, #3
100049a2:	449a      	add	sl, r3
100049a4:	4653      	mov	r3, sl
100049a6:	689e      	ldr	r6, [r3, #8]
100049a8:	68df      	ldr	r7, [r3, #12]
100049aa:	f000 fb2d 	bl	10005008 <timer_time_us_64>
100049ae:	428f      	cmp	r7, r1
100049b0:	dcba      	bgt.n	10004928 <alarm_pool_irq_handler+0x3c>
100049b2:	d100      	bne.n	100049b6 <alarm_pool_irq_handler+0xca>
100049b4:	e103      	b.n	10004bbe <alarm_pool_irq_handler+0x2d2>
100049b6:	2f00      	cmp	r7, #0
100049b8:	da00      	bge.n	100049bc <alarm_pool_irq_handler+0xd0>
100049ba:	e0e8      	b.n	10004b8e <alarm_pool_irq_handler+0x2a2>
100049bc:	4652      	mov	r2, sl
100049be:	4653      	mov	r3, sl
100049c0:	6952      	ldr	r2, [r2, #20]
100049c2:	691b      	ldr	r3, [r3, #16]
100049c4:	4693      	mov	fp, r2
100049c6:	9a04      	ldr	r2, [sp, #16]
100049c8:	4293      	cmp	r3, r2
100049ca:	d100      	bne.n	100049ce <alarm_pool_irq_handler+0xe2>
100049cc:	e0d9      	b.n	10004b82 <alarm_pool_irq_handler+0x296>
100049ce:	4652      	mov	r2, sl
100049d0:	2108      	movs	r1, #8
100049d2:	5e60      	ldrsh	r0, [r4, r1]
100049d4:	8852      	ldrh	r2, [r2, #2]
100049d6:	0400      	lsls	r0, r0, #16
100049d8:	4659      	mov	r1, fp
100049da:	4310      	orrs	r0, r2
100049dc:	4798      	blx	r3
100049de:	9000      	str	r0, [sp, #0]
100049e0:	9101      	str	r1, [sp, #4]
100049e2:	9900      	ldr	r1, [sp, #0]
100049e4:	9a01      	ldr	r2, [sp, #4]
100049e6:	000b      	movs	r3, r1
100049e8:	0010      	movs	r0, r2
100049ea:	4313      	orrs	r3, r2
100049ec:	d100      	bne.n	100049f0 <alarm_pool_irq_handler+0x104>
100049ee:	e0ce      	b.n	10004b8e <alarm_pool_irq_handler+0x2a2>
100049f0:	0013      	movs	r3, r2
100049f2:	000a      	movs	r2, r1
100049f4:	1ab6      	subs	r6, r6, r2
100049f6:	419f      	sbcs	r7, r3
100049f8:	2800      	cmp	r0, #0
100049fa:	db06      	blt.n	10004a0a <alarm_pool_irq_handler+0x11e>
100049fc:	487a      	ldr	r0, [pc, #488]	@ (10004be8 <alarm_pool_irq_handler+0x2fc>)
100049fe:	f000 fb03 	bl	10005008 <timer_time_us_64>
10004a02:	9e00      	ldr	r6, [sp, #0]
10004a04:	9f01      	ldr	r7, [sp, #4]
10004a06:	1836      	adds	r6, r6, r0
10004a08:	414f      	adcs	r7, r1
10004a0a:	4653      	mov	r3, sl
10004a0c:	609e      	str	r6, [r3, #8]
10004a0e:	60df      	str	r7, [r3, #12]
10004a10:	2200      	movs	r2, #0
10004a12:	5e9a      	ldrsh	r2, [r3, r2]
10004a14:	2a00      	cmp	r2, #0
10004a16:	da00      	bge.n	10004a1a <alarm_pool_irq_handler+0x12e>
10004a18:	e786      	b.n	10004928 <alarm_pool_irq_handler+0x3c>
10004a1a:	0053      	lsls	r3, r2, #1
10004a1c:	1899      	adds	r1, r3, r2
10004a1e:	6960      	ldr	r0, [r4, #20]
10004a20:	00c9      	lsls	r1, r1, #3
10004a22:	1841      	adds	r1, r0, r1
10004a24:	9302      	str	r3, [sp, #8]
10004a26:	688b      	ldr	r3, [r1, #8]
10004a28:	68c9      	ldr	r1, [r1, #12]
10004a2a:	469b      	mov	fp, r3
10004a2c:	42b9      	cmp	r1, r7
10004a2e:	dd00      	ble.n	10004a32 <alarm_pool_irq_handler+0x146>
10004a30:	e77a      	b.n	10004928 <alarm_pool_irq_handler+0x3c>
10004a32:	d102      	bne.n	10004a3a <alarm_pool_irq_handler+0x14e>
10004a34:	42b3      	cmp	r3, r6
10004a36:	d900      	bls.n	10004a3a <alarm_pool_irq_handler+0x14e>
10004a38:	e776      	b.n	10004928 <alarm_pool_irq_handler+0x3c>
10004a3a:	2308      	movs	r3, #8
10004a3c:	469c      	mov	ip, r3
10004a3e:	44a4      	add	ip, r4
10004a40:	9505      	str	r5, [sp, #20]
10004a42:	4665      	mov	r5, ip
10004a44:	8122      	strh	r2, [r4, #8]
10004a46:	46a4      	mov	ip, r4
10004a48:	9b02      	ldr	r3, [sp, #8]
10004a4a:	002c      	movs	r4, r5
10004a4c:	e006      	b.n	10004a5c <alarm_pool_irq_handler+0x170>
10004a4e:	0053      	lsls	r3, r2, #1
10004a50:	1899      	adds	r1, r3, r2
10004a52:	00c9      	lsls	r1, r1, #3
10004a54:	1841      	adds	r1, r0, r1
10004a56:	688d      	ldr	r5, [r1, #8]
10004a58:	68c9      	ldr	r1, [r1, #12]
10004a5a:	46ab      	mov	fp, r5
10004a5c:	189b      	adds	r3, r3, r2
10004a5e:	00db      	lsls	r3, r3, #3
10004a60:	18c3      	adds	r3, r0, r3
10004a62:	42b9      	cmp	r1, r7
10004a64:	dc06      	bgt.n	10004a74 <alarm_pool_irq_handler+0x188>
10004a66:	d100      	bne.n	10004a6a <alarm_pool_irq_handler+0x17e>
10004a68:	e0b3      	b.n	10004bd2 <alarm_pool_irq_handler+0x2e6>
10004a6a:	001c      	movs	r4, r3
10004a6c:	2300      	movs	r3, #0
10004a6e:	5ee2      	ldrsh	r2, [r4, r3]
10004a70:	2a00      	cmp	r2, #0
10004a72:	daec      	bge.n	10004a4e <alarm_pool_irq_handler+0x162>
10004a74:	0023      	movs	r3, r4
10004a76:	4664      	mov	r4, ip
10004a78:	469c      	mov	ip, r3
10004a7a:	4653      	mov	r3, sl
10004a7c:	801a      	strh	r2, [r3, #0]
10004a7e:	4663      	mov	r3, ip
10004a80:	9d05      	ldr	r5, [sp, #20]
10004a82:	801d      	strh	r5, [r3, #0]
10004a84:	88a3      	ldrh	r3, [r4, #4]
10004a86:	b21b      	sxth	r3, r3
10004a88:	2b00      	cmp	r3, #0
10004a8a:	da00      	bge.n	10004a8e <alarm_pool_irq_handler+0x1a2>
10004a8c:	e751      	b.n	10004932 <alarm_pool_irq_handler+0x46>
10004a8e:	6922      	ldr	r2, [r4, #16]
10004a90:	f3ef 8110 	mrs	r1, PRIMASK
10004a94:	b672      	cpsid	i
10004a96:	6813      	ldr	r3, [r2, #0]
10004a98:	2b00      	cmp	r3, #0
10004a9a:	d0fc      	beq.n	10004a96 <alarm_pool_irq_handler+0x1aa>
10004a9c:	f3bf 8f5f 	dmb	sy
10004aa0:	2301      	movs	r3, #1
10004aa2:	88a7      	ldrh	r7, [r4, #4]
10004aa4:	425b      	negs	r3, r3
10004aa6:	80a3      	strh	r3, [r4, #4]
10004aa8:	b23f      	sxth	r7, r7
10004aaa:	6923      	ldr	r3, [r4, #16]
10004aac:	f3bf 8f5f 	dmb	sy
10004ab0:	2200      	movs	r2, #0
10004ab2:	601a      	str	r2, [r3, #0]
10004ab4:	f381 8810 	msr	PRIMASK, r1
10004ab8:	2f00      	cmp	r7, #0
10004aba:	da00      	bge.n	10004abe <alarm_pool_irq_handler+0x1d2>
10004abc:	e739      	b.n	10004932 <alarm_pool_irq_handler+0x46>
10004abe:	0023      	movs	r3, r4
10004ac0:	3308      	adds	r3, #8
10004ac2:	0022      	movs	r2, r4
10004ac4:	469a      	mov	sl, r3
10004ac6:	6966      	ldr	r6, [r4, #20]
10004ac8:	007b      	lsls	r3, r7, #1
10004aca:	19db      	adds	r3, r3, r7
10004acc:	00db      	lsls	r3, r3, #3
10004ace:	18f3      	adds	r3, r6, r3
10004ad0:	6899      	ldr	r1, [r3, #8]
10004ad2:	4650      	mov	r0, sl
10004ad4:	468c      	mov	ip, r1
10004ad6:	2408      	movs	r4, #8
10004ad8:	5f11      	ldrsh	r1, [r2, r4]
10004ada:	68dd      	ldr	r5, [r3, #12]
10004adc:	2900      	cmp	r1, #0
10004ade:	db10      	blt.n	10004b02 <alarm_pool_irq_handler+0x216>
10004ae0:	9302      	str	r3, [sp, #8]
10004ae2:	e006      	b.n	10004af2 <alarm_pool_irq_handler+0x206>
10004ae4:	42ab      	cmp	r3, r5
10004ae6:	d044      	beq.n	10004b72 <alarm_pool_irq_handler+0x286>
10004ae8:	2300      	movs	r3, #0
10004aea:	5ee1      	ldrsh	r1, [r4, r3]
10004aec:	0020      	movs	r0, r4
10004aee:	2900      	cmp	r1, #0
10004af0:	db06      	blt.n	10004b00 <alarm_pool_irq_handler+0x214>
10004af2:	004c      	lsls	r4, r1, #1
10004af4:	1864      	adds	r4, r4, r1
10004af6:	00e4      	lsls	r4, r4, #3
10004af8:	1934      	adds	r4, r6, r4
10004afa:	68e3      	ldr	r3, [r4, #12]
10004afc:	42ab      	cmp	r3, r5
10004afe:	ddf1      	ble.n	10004ae4 <alarm_pool_irq_handler+0x1f8>
10004b00:	9b02      	ldr	r3, [sp, #8]
10004b02:	8007      	strh	r7, [r0, #0]
10004b04:	2000      	movs	r0, #0
10004b06:	5e1f      	ldrsh	r7, [r3, r0]
10004b08:	8019      	strh	r1, [r3, #0]
10004b0a:	2f00      	cmp	r7, #0
10004b0c:	dadc      	bge.n	10004ac8 <alarm_pool_irq_handler+0x1dc>
10004b0e:	0014      	movs	r4, r2
10004b10:	79a3      	ldrb	r3, [r4, #6]
10004b12:	2b00      	cmp	r3, #0
10004b14:	d100      	bne.n	10004b18 <alarm_pool_irq_handler+0x22c>
10004b16:	e710      	b.n	1000493a <alarm_pool_irq_handler+0x4e>
10004b18:	2300      	movs	r3, #0
10004b1a:	71a3      	strb	r3, [r4, #6]
10004b1c:	0026      	movs	r6, r4
10004b1e:	2308      	movs	r3, #8
10004b20:	5ee1      	ldrsh	r1, [r4, r3]
10004b22:	3608      	adds	r6, #8
10004b24:	1c4b      	adds	r3, r1, #1
10004b26:	d100      	bne.n	10004b2a <alarm_pool_irq_handler+0x23e>
10004b28:	e72c      	b.n	10004984 <alarm_pool_irq_handler+0x98>
10004b2a:	0008      	movs	r0, r1
10004b2c:	46a2      	mov	sl, r4
10004b2e:	6965      	ldr	r5, [r4, #20]
10004b30:	e002      	b.n	10004b38 <alarm_pool_irq_handler+0x24c>
10004b32:	003e      	movs	r6, r7
10004b34:	1c4b      	adds	r3, r1, #1
10004b36:	d01a      	beq.n	10004b6e <alarm_pool_irq_handler+0x282>
10004b38:	004b      	lsls	r3, r1, #1
10004b3a:	185b      	adds	r3, r3, r1
10004b3c:	00db      	lsls	r3, r3, #3
10004b3e:	18ef      	adds	r7, r5, r3
10004b40:	000a      	movs	r2, r1
10004b42:	468c      	mov	ip, r1
10004b44:	5ee9      	ldrsh	r1, [r5, r3]
10004b46:	887b      	ldrh	r3, [r7, #2]
10004b48:	b21b      	sxth	r3, r3
10004b4a:	2b00      	cmp	r3, #0
10004b4c:	daf1      	bge.n	10004b32 <alarm_pool_irq_handler+0x246>
10004b4e:	2301      	movs	r3, #1
10004b50:	425b      	negs	r3, r3
10004b52:	17dc      	asrs	r4, r3, #31
10004b54:	60bb      	str	r3, [r7, #8]
10004b56:	60fc      	str	r4, [r7, #12]
10004b58:	4282      	cmp	r2, r0
10004b5a:	d005      	beq.n	10004b68 <alarm_pool_irq_handler+0x27c>
10004b5c:	4653      	mov	r3, sl
10004b5e:	8031      	strh	r1, [r6, #0]
10004b60:	891b      	ldrh	r3, [r3, #8]
10004b62:	803b      	strh	r3, [r7, #0]
10004b64:	4653      	mov	r3, sl
10004b66:	811a      	strh	r2, [r3, #8]
10004b68:	4660      	mov	r0, ip
10004b6a:	1c4b      	adds	r3, r1, #1
10004b6c:	d1e4      	bne.n	10004b38 <alarm_pool_irq_handler+0x24c>
10004b6e:	4654      	mov	r4, sl
10004b70:	e6e5      	b.n	1000493e <alarm_pool_irq_handler+0x52>
10004b72:	68a3      	ldr	r3, [r4, #8]
10004b74:	4563      	cmp	r3, ip
10004b76:	d9b7      	bls.n	10004ae8 <alarm_pool_irq_handler+0x1fc>
10004b78:	e7c2      	b.n	10004b00 <alarm_pool_irq_handler+0x214>
10004b7a:	1c6b      	adds	r3, r5, #1
10004b7c:	d000      	beq.n	10004b80 <alarm_pool_irq_handler+0x294>
10004b7e:	e6ea      	b.n	10004956 <alarm_pool_irq_handler+0x6a>
10004b80:	e6f8      	b.n	10004974 <alarm_pool_irq_handler+0x88>
10004b82:	465b      	mov	r3, fp
10004b84:	4658      	mov	r0, fp
10004b86:	691b      	ldr	r3, [r3, #16]
10004b88:	4798      	blx	r3
10004b8a:	2800      	cmp	r0, #0
10004b8c:	d11b      	bne.n	10004bc6 <alarm_pool_irq_handler+0x2da>
10004b8e:	4653      	mov	r3, sl
10004b90:	881b      	ldrh	r3, [r3, #0]
10004b92:	6922      	ldr	r2, [r4, #16]
10004b94:	8123      	strh	r3, [r4, #8]
10004b96:	f3ef 8310 	mrs	r3, PRIMASK
10004b9a:	b672      	cpsid	i
10004b9c:	6811      	ldr	r1, [r2, #0]
10004b9e:	2900      	cmp	r1, #0
10004ba0:	d0fc      	beq.n	10004b9c <alarm_pool_irq_handler+0x2b0>
10004ba2:	f3bf 8f5f 	dmb	sy
10004ba6:	4651      	mov	r1, sl
10004ba8:	8862      	ldrh	r2, [r4, #2]
10004baa:	800a      	strh	r2, [r1, #0]
10004bac:	6922      	ldr	r2, [r4, #16]
10004bae:	8065      	strh	r5, [r4, #2]
10004bb0:	f3bf 8f5f 	dmb	sy
10004bb4:	2100      	movs	r1, #0
10004bb6:	6011      	str	r1, [r2, #0]
10004bb8:	f383 8810 	msr	PRIMASK, r3
10004bbc:	e6b4      	b.n	10004928 <alarm_pool_irq_handler+0x3c>
10004bbe:	4286      	cmp	r6, r0
10004bc0:	d800      	bhi.n	10004bc4 <alarm_pool_irq_handler+0x2d8>
10004bc2:	e6f8      	b.n	100049b6 <alarm_pool_irq_handler+0xca>
10004bc4:	e6b0      	b.n	10004928 <alarm_pool_irq_handler+0x3c>
10004bc6:	465b      	mov	r3, fp
10004bc8:	681a      	ldr	r2, [r3, #0]
10004bca:	685b      	ldr	r3, [r3, #4]
10004bcc:	9200      	str	r2, [sp, #0]
10004bce:	9301      	str	r3, [sp, #4]
10004bd0:	e707      	b.n	100049e2 <alarm_pool_irq_handler+0xf6>
10004bd2:	45b3      	cmp	fp, r6
10004bd4:	d800      	bhi.n	10004bd8 <alarm_pool_irq_handler+0x2ec>
10004bd6:	e748      	b.n	10004a6a <alarm_pool_irq_handler+0x17e>
10004bd8:	e74c      	b.n	10004a74 <alarm_pool_irq_handler+0x188>
10004bda:	46c0      	nop			@ (mov r8, r8)
10004bdc:	20009fd0 	.word	0x20009fd0
10004be0:	4005703c 	.word	0x4005703c
10004be4:	100048ed 	.word	0x100048ed
10004be8:	40054000 	.word	0x40054000

10004bec <runtime_init_default_alarm_pool>:
10004bec:	b570      	push	{r4, r5, r6, lr}
10004bee:	4c2e      	ldr	r4, [pc, #184]	@ (10004ca8 <runtime_init_default_alarm_pool+0xbc>)
10004bf0:	6925      	ldr	r5, [r4, #16]
10004bf2:	2d00      	cmp	r5, #0
10004bf4:	d004      	beq.n	10004c00 <runtime_init_default_alarm_pool+0x14>
10004bf6:	210a      	movs	r1, #10
10004bf8:	482c      	ldr	r0, [pc, #176]	@ (10004cac <runtime_init_default_alarm_pool+0xc0>)
10004bfa:	f7ff fe13 	bl	10004824 <lock_init>
10004bfe:	bd70      	pop	{r4, r5, r6, pc}
10004c00:	4e2b      	ldr	r6, [pc, #172]	@ (10004cb0 <runtime_init_default_alarm_pool+0xc4>)
10004c02:	2103      	movs	r1, #3
10004c04:	0030      	movs	r0, r6
10004c06:	f000 f9f5 	bl	10004ff4 <timer_hardware_alarm_claim>
10004c0a:	60e6      	str	r6, [r4, #12]
10004c0c:	f7ff fb52 	bl	100042b4 <next_striped_spin_lock_num>
10004c10:	4b28      	ldr	r3, [pc, #160]	@ (10004cb4 <runtime_init_default_alarm_pool+0xc8>)
10004c12:	2203      	movs	r2, #3
10004c14:	469c      	mov	ip, r3
10004c16:	23d0      	movs	r3, #208	@ 0xd0
10004c18:	7022      	strb	r2, [r4, #0]
10004c1a:	061b      	lsls	r3, r3, #24
10004c1c:	681b      	ldr	r3, [r3, #0]
10004c1e:	2101      	movs	r1, #1
10004c20:	7063      	strb	r3, [r4, #1]
10004c22:	4b25      	ldr	r3, [pc, #148]	@ (10004cb8 <runtime_init_default_alarm_pool+0xcc>)
10004c24:	4460      	add	r0, ip
10004c26:	60a3      	str	r3, [r4, #8]
10004c28:	230f      	movs	r3, #15
10004c2a:	0080      	lsls	r0, r0, #2
10004c2c:	6120      	str	r0, [r4, #16]
10004c2e:	2002      	movs	r0, #2
10004c30:	8063      	strh	r3, [r4, #2]
10004c32:	6963      	ldr	r3, [r4, #20]
10004c34:	4249      	negs	r1, r1
10004c36:	80a1      	strh	r1, [r4, #4]
10004c38:	8019      	strh	r1, [r3, #0]
10004c3a:	3102      	adds	r1, #2
10004c3c:	8619      	strh	r1, [r3, #48]	@ 0x30
10004c3e:	3147      	adds	r1, #71	@ 0x47
10004c40:	831d      	strh	r5, [r3, #24]
10004c42:	5258      	strh	r0, [r3, r1]
10004c44:	3118      	adds	r1, #24
10004c46:	525a      	strh	r2, [r3, r1]
10004c48:	3275      	adds	r2, #117	@ 0x75
10004c4a:	395c      	subs	r1, #92	@ 0x5c
10004c4c:	5299      	strh	r1, [r3, r2]
10004c4e:	3218      	adds	r2, #24
10004c50:	3101      	adds	r1, #1
10004c52:	5299      	strh	r1, [r3, r2]
10004c54:	3218      	adds	r2, #24
10004c56:	3101      	adds	r1, #1
10004c58:	5299      	strh	r1, [r3, r2]
10004c5a:	3218      	adds	r2, #24
10004c5c:	3101      	adds	r1, #1
10004c5e:	5299      	strh	r1, [r3, r2]
10004c60:	3508      	adds	r5, #8
10004c62:	3218      	adds	r2, #24
10004c64:	529d      	strh	r5, [r3, r2]
10004c66:	3102      	adds	r1, #2
10004c68:	3218      	adds	r2, #24
10004c6a:	5299      	strh	r1, [r3, r2]
10004c6c:	3218      	adds	r2, #24
10004c6e:	3101      	adds	r1, #1
10004c70:	5299      	strh	r1, [r3, r2]
10004c72:	3218      	adds	r2, #24
10004c74:	3101      	adds	r1, #1
10004c76:	5299      	strh	r1, [r3, r2]
10004c78:	3218      	adds	r2, #24
10004c7a:	3101      	adds	r1, #1
10004c7c:	5299      	strh	r1, [r3, r2]
10004c7e:	3218      	adds	r2, #24
10004c80:	3101      	adds	r1, #1
10004c82:	5299      	strh	r1, [r3, r2]
10004c84:	3218      	adds	r2, #24
10004c86:	3101      	adds	r1, #1
10004c88:	5299      	strh	r1, [r3, r2]
10004c8a:	4b0c      	ldr	r3, [pc, #48]	@ (10004cbc <runtime_init_default_alarm_pool+0xd0>)
10004c8c:	490c      	ldr	r1, [pc, #48]	@ (10004cc0 <runtime_init_default_alarm_pool+0xd4>)
10004c8e:	60dc      	str	r4, [r3, #12]
10004c90:	3001      	adds	r0, #1
10004c92:	6235      	str	r5, [r6, #32]
10004c94:	f7ff fb5e 	bl	10004354 <irq_set_exclusive_handler>
10004c98:	2101      	movs	r1, #1
10004c9a:	2003      	movs	r0, #3
10004c9c:	f7ff fb48 	bl	10004330 <irq_set_enabled>
10004ca0:	4b08      	ldr	r3, [pc, #32]	@ (10004cc4 <runtime_init_default_alarm_pool+0xd8>)
10004ca2:	601d      	str	r5, [r3, #0]
10004ca4:	e7a7      	b.n	10004bf6 <runtime_init_default_alarm_pool+0xa>
10004ca6:	46c0      	nop			@ (mov r8, r8)
10004ca8:	20001004 	.word	0x20001004
10004cac:	20011fec 	.word	0x20011fec
10004cb0:	40054000 	.word	0x40054000
10004cb4:	34000040 	.word	0x34000040
10004cb8:	0010ffff 	.word	0x0010ffff
10004cbc:	20009fd0 	.word	0x20009fd0
10004cc0:	100048ed 	.word	0x100048ed
10004cc4:	40056038 	.word	0x40056038

10004cc8 <alarm_pool_add_alarm_at_force_in_context>:
10004cc8:	b570      	push	{r4, r5, r6, lr}
10004cca:	0001      	movs	r1, r0
10004ccc:	6904      	ldr	r4, [r0, #16]
10004cce:	f3ef 8c10 	mrs	ip, PRIMASK
10004cd2:	b672      	cpsid	i
10004cd4:	6820      	ldr	r0, [r4, #0]
10004cd6:	2800      	cmp	r0, #0
10004cd8:	d0fc      	beq.n	10004cd4 <alarm_pool_add_alarm_at_force_in_context+0xc>
10004cda:	f3bf 8f5f 	dmb	sy
10004cde:	2002      	movs	r0, #2
10004ce0:	5e0d      	ldrsh	r5, [r1, r0]
10004ce2:	694c      	ldr	r4, [r1, #20]
10004ce4:	0068      	lsls	r0, r5, #1
10004ce6:	1940      	adds	r0, r0, r5
10004ce8:	00c0      	lsls	r0, r0, #3
10004cea:	1824      	adds	r4, r4, r0
10004cec:	6908      	ldr	r0, [r1, #16]
10004cee:	2d00      	cmp	r5, #0
10004cf0:	db36      	blt.n	10004d60 <alarm_pool_add_alarm_at_force_in_context+0x98>
10004cf2:	8826      	ldrh	r6, [r4, #0]
10004cf4:	804e      	strh	r6, [r1, #2]
10004cf6:	f3bf 8f5f 	dmb	sy
10004cfa:	2600      	movs	r6, #0
10004cfc:	6006      	str	r6, [r0, #0]
10004cfe:	f38c 8810 	msr	PRIMASK, ip
10004d02:	60e3      	str	r3, [r4, #12]
10004d04:	8863      	ldrh	r3, [r4, #2]
10004d06:	9804      	ldr	r0, [sp, #16]
10004d08:	3301      	adds	r3, #1
10004d0a:	6120      	str	r0, [r4, #16]
10004d0c:	045b      	lsls	r3, r3, #17
10004d0e:	9805      	ldr	r0, [sp, #20]
10004d10:	0c5b      	lsrs	r3, r3, #17
10004d12:	60a2      	str	r2, [r4, #8]
10004d14:	6160      	str	r0, [r4, #20]
10004d16:	1c1a      	adds	r2, r3, #0
10004d18:	2b00      	cmp	r3, #0
10004d1a:	d01f      	beq.n	10004d5c <alarm_pool_add_alarm_at_force_in_context+0x94>
10004d1c:	b293      	uxth	r3, r2
10004d1e:	0428      	lsls	r0, r5, #16
10004d20:	8062      	strh	r2, [r4, #2]
10004d22:	4318      	orrs	r0, r3
10004d24:	690a      	ldr	r2, [r1, #16]
10004d26:	f3ef 8c10 	mrs	ip, PRIMASK
10004d2a:	b672      	cpsid	i
10004d2c:	6813      	ldr	r3, [r2, #0]
10004d2e:	2b00      	cmp	r3, #0
10004d30:	d0fc      	beq.n	10004d2c <alarm_pool_add_alarm_at_force_in_context+0x64>
10004d32:	f3bf 8f5f 	dmb	sy
10004d36:	888b      	ldrh	r3, [r1, #4]
10004d38:	8023      	strh	r3, [r4, #0]
10004d3a:	808d      	strh	r5, [r1, #4]
10004d3c:	690b      	ldr	r3, [r1, #16]
10004d3e:	f3bf 8f5f 	dmb	sy
10004d42:	2200      	movs	r2, #0
10004d44:	601a      	str	r2, [r3, #0]
10004d46:	f38c 8810 	msr	PRIMASK, ip
10004d4a:	780b      	ldrb	r3, [r1, #0]
10004d4c:	3201      	adds	r2, #1
10004d4e:	409a      	lsls	r2, r3
10004d50:	68cb      	ldr	r3, [r1, #12]
10004d52:	4908      	ldr	r1, [pc, #32]	@ (10004d74 <alarm_pool_add_alarm_at_force_in_context+0xac>)
10004d54:	468c      	mov	ip, r1
10004d56:	4463      	add	r3, ip
10004d58:	601a      	str	r2, [r3, #0]
10004d5a:	bd70      	pop	{r4, r5, r6, pc}
10004d5c:	2201      	movs	r2, #1
10004d5e:	e7dd      	b.n	10004d1c <alarm_pool_add_alarm_at_force_in_context+0x54>
10004d60:	f3bf 8f5f 	dmb	sy
10004d64:	2300      	movs	r3, #0
10004d66:	6003      	str	r3, [r0, #0]
10004d68:	f38c 8810 	msr	PRIMASK, ip
10004d6c:	2001      	movs	r0, #1
10004d6e:	4240      	negs	r0, r0
10004d70:	e7f3      	b.n	10004d5a <alarm_pool_add_alarm_at_force_in_context+0x92>
10004d72:	46c0      	nop			@ (mov r8, r8)
10004d74:	0000203c 	.word	0x0000203c

10004d78 <alarm_pool_cancel_alarm>:
10004d78:	b510      	push	{r4, lr}
10004d7a:	8943      	ldrh	r3, [r0, #10]
10004d7c:	140a      	asrs	r2, r1, #16
10004d7e:	4293      	cmp	r3, r2
10004d80:	dd1a      	ble.n	10004db8 <alarm_pool_cancel_alarm+0x40>
10004d82:	0053      	lsls	r3, r2, #1
10004d84:	189b      	adds	r3, r3, r2
10004d86:	6942      	ldr	r2, [r0, #20]
10004d88:	00db      	lsls	r3, r3, #3
10004d8a:	18d3      	adds	r3, r2, r3
10004d8c:	6904      	ldr	r4, [r0, #16]
10004d8e:	f3ef 8c10 	mrs	ip, PRIMASK
10004d92:	b672      	cpsid	i
10004d94:	6822      	ldr	r2, [r4, #0]
10004d96:	2a00      	cmp	r2, #0
10004d98:	d0fc      	beq.n	10004d94 <alarm_pool_cancel_alarm+0x1c>
10004d9a:	f3bf 8f5f 	dmb	sy
10004d9e:	885a      	ldrh	r2, [r3, #2]
10004da0:	0409      	lsls	r1, r1, #16
10004da2:	b294      	uxth	r4, r2
10004da4:	0c09      	lsrs	r1, r1, #16
10004da6:	428a      	cmp	r2, r1
10004da8:	d008      	beq.n	10004dbc <alarm_pool_cancel_alarm+0x44>
10004daa:	6903      	ldr	r3, [r0, #16]
10004dac:	f3bf 8f5f 	dmb	sy
10004db0:	2200      	movs	r2, #0
10004db2:	601a      	str	r2, [r3, #0]
10004db4:	f38c 8810 	msr	PRIMASK, ip
10004db8:	2000      	movs	r0, #0
10004dba:	bd10      	pop	{r4, pc}
10004dbc:	2280      	movs	r2, #128	@ 0x80
10004dbe:	0212      	lsls	r2, r2, #8
10004dc0:	4314      	orrs	r4, r2
10004dc2:	805c      	strh	r4, [r3, #2]
10004dc4:	2301      	movs	r3, #1
10004dc6:	6902      	ldr	r2, [r0, #16]
10004dc8:	7183      	strb	r3, [r0, #6]
10004dca:	f3bf 8f5f 	dmb	sy
10004dce:	2100      	movs	r1, #0
10004dd0:	6011      	str	r1, [r2, #0]
10004dd2:	f38c 8810 	msr	PRIMASK, ip
10004dd6:	4904      	ldr	r1, [pc, #16]	@ (10004de8 <alarm_pool_cancel_alarm+0x70>)
10004dd8:	7802      	ldrb	r2, [r0, #0]
10004dda:	468c      	mov	ip, r1
10004ddc:	4093      	lsls	r3, r2
10004dde:	68c2      	ldr	r2, [r0, #12]
10004de0:	2001      	movs	r0, #1
10004de2:	4462      	add	r2, ip
10004de4:	6013      	str	r3, [r2, #0]
10004de6:	e7e8      	b.n	10004dba <alarm_pool_cancel_alarm+0x42>
10004de8:	0000203c 	.word	0x0000203c

10004dec <sleep_ms>:
10004dec:	b5f0      	push	{r4, r5, r6, r7, lr}
10004dee:	46c6      	mov	lr, r8
10004df0:	b500      	push	{lr}
10004df2:	b082      	sub	sp, #8
10004df4:	0004      	movs	r4, r0
10004df6:	f000 f90f 	bl	10005018 <time_us_64>
10004dfa:	22fa      	movs	r2, #250	@ 0xfa
10004dfc:	0006      	movs	r6, r0
10004dfe:	000f      	movs	r7, r1
10004e00:	0020      	movs	r0, r4
10004e02:	2300      	movs	r3, #0
10004e04:	2100      	movs	r1, #0
10004e06:	0092      	lsls	r2, r2, #2
10004e08:	f001 faf0 	bl	100063ec <__wrap___aeabi_lmul>
10004e0c:	1980      	adds	r0, r0, r6
10004e0e:	4179      	adcs	r1, r7
10004e10:	0004      	movs	r4, r0
10004e12:	1e0d      	subs	r5, r1, #0
10004e14:	da02      	bge.n	10004e1c <sleep_ms+0x30>
10004e16:	2401      	movs	r4, #1
10004e18:	4d2e      	ldr	r5, [pc, #184]	@ (10004ed4 <sleep_ms+0xe8>)
10004e1a:	4264      	negs	r4, r4
10004e1c:	2606      	movs	r6, #6
10004e1e:	4276      	negs	r6, r6
10004e20:	17f7      	asrs	r7, r6, #31
10004e22:	1936      	adds	r6, r6, r4
10004e24:	416f      	adcs	r7, r5
10004e26:	42af      	cmp	r7, r5
10004e28:	d814      	bhi.n	10004e54 <sleep_ms+0x68>
10004e2a:	d011      	beq.n	10004e50 <sleep_ms+0x64>
10004e2c:	f000 f8f4 	bl	10005018 <time_us_64>
10004e30:	0032      	movs	r2, r6
10004e32:	003b      	movs	r3, r7
10004e34:	1a12      	subs	r2, r2, r0
10004e36:	418b      	sbcs	r3, r1
10004e38:	2b00      	cmp	r3, #0
10004e3a:	dc15      	bgt.n	10004e68 <sleep_ms+0x7c>
10004e3c:	2b00      	cmp	r3, #0
10004e3e:	d046      	beq.n	10004ece <sleep_ms+0xe2>
10004e40:	0020      	movs	r0, r4
10004e42:	0029      	movs	r1, r5
10004e44:	f000 f926 	bl	10005094 <busy_wait_until>
10004e48:	b002      	add	sp, #8
10004e4a:	bc80      	pop	{r7}
10004e4c:	46b8      	mov	r8, r7
10004e4e:	bdf0      	pop	{r4, r5, r6, r7, pc}
10004e50:	42a6      	cmp	r6, r4
10004e52:	d9eb      	bls.n	10004e2c <sleep_ms+0x40>
10004e54:	2600      	movs	r6, #0
10004e56:	2700      	movs	r7, #0
10004e58:	f000 f8de 	bl	10005018 <time_us_64>
10004e5c:	0032      	movs	r2, r6
10004e5e:	003b      	movs	r3, r7
10004e60:	1a12      	subs	r2, r2, r0
10004e62:	418b      	sbcs	r3, r1
10004e64:	2b00      	cmp	r3, #0
10004e66:	dde9      	ble.n	10004e3c <sleep_ms+0x50>
10004e68:	f000 f8d6 	bl	10005018 <time_us_64>
10004e6c:	0032      	movs	r2, r6
10004e6e:	003b      	movs	r3, r7
10004e70:	1a12      	subs	r2, r2, r0
10004e72:	418b      	sbcs	r3, r1
10004e74:	2b00      	cmp	r3, #0
10004e76:	db0a      	blt.n	10004e8e <sleep_ms+0xa2>
10004e78:	2300      	movs	r3, #0
10004e7a:	9301      	str	r3, [sp, #4]
10004e7c:	4b16      	ldr	r3, [pc, #88]	@ (10004ed8 <sleep_ms+0xec>)
10004e7e:	0032      	movs	r2, r6
10004e80:	9300      	str	r3, [sp, #0]
10004e82:	4816      	ldr	r0, [pc, #88]	@ (10004edc <sleep_ms+0xf0>)
10004e84:	003b      	movs	r3, r7
10004e86:	f7ff ff1f 	bl	10004cc8 <alarm_pool_add_alarm_at_force_in_context>
10004e8a:	3001      	adds	r0, #1
10004e8c:	d0d8      	beq.n	10004e40 <sleep_ms+0x54>
10004e8e:	2300      	movs	r3, #0
10004e90:	0039      	movs	r1, r7
10004e92:	46b0      	mov	r8, r6
10004e94:	469c      	mov	ip, r3
10004e96:	4a12      	ldr	r2, [pc, #72]	@ (10004ee0 <sleep_ms+0xf4>)
10004e98:	4812      	ldr	r0, [pc, #72]	@ (10004ee4 <sleep_ms+0xf8>)
10004e9a:	6a53      	ldr	r3, [r2, #36]	@ 0x24
10004e9c:	4299      	cmp	r1, r3
10004e9e:	d804      	bhi.n	10004eaa <sleep_ms+0xbe>
10004ea0:	6a96      	ldr	r6, [r2, #40]	@ 0x28
10004ea2:	4546      	cmp	r6, r8
10004ea4:	d2cc      	bcs.n	10004e40 <sleep_ms+0x54>
10004ea6:	4299      	cmp	r1, r3
10004ea8:	d1ca      	bne.n	10004e40 <sleep_ms+0x54>
10004eaa:	6806      	ldr	r6, [r0, #0]
10004eac:	f3ef 8710 	mrs	r7, PRIMASK
10004eb0:	b672      	cpsid	i
10004eb2:	6833      	ldr	r3, [r6, #0]
10004eb4:	2b00      	cmp	r3, #0
10004eb6:	d0fc      	beq.n	10004eb2 <sleep_ms+0xc6>
10004eb8:	f3bf 8f5f 	dmb	sy
10004ebc:	6803      	ldr	r3, [r0, #0]
10004ebe:	f3bf 8f5f 	dmb	sy
10004ec2:	4666      	mov	r6, ip
10004ec4:	601e      	str	r6, [r3, #0]
10004ec6:	f387 8810 	msr	PRIMASK, r7
10004eca:	bf20      	wfe
10004ecc:	e7e5      	b.n	10004e9a <sleep_ms+0xae>
10004ece:	2a00      	cmp	r2, #0
10004ed0:	d0b6      	beq.n	10004e40 <sleep_ms+0x54>
10004ed2:	e7c9      	b.n	10004e68 <sleep_ms+0x7c>
10004ed4:	7fffffff 	.word	0x7fffffff
10004ed8:	100048bd 	.word	0x100048bd
10004edc:	20001004 	.word	0x20001004
10004ee0:	40054000 	.word	0x40054000
10004ee4:	20011fec 	.word	0x20011fec

10004ee8 <best_effort_wfe_or_timeout>:
10004ee8:	b5f0      	push	{r4, r5, r6, r7, lr}
10004eea:	4657      	mov	r7, sl
10004eec:	464e      	mov	r6, r9
10004eee:	46de      	mov	lr, fp
10004ef0:	4645      	mov	r5, r8
10004ef2:	b5e0      	push	{r5, r6, r7, lr}
10004ef4:	0006      	movs	r6, r0
10004ef6:	000f      	movs	r7, r1
10004ef8:	b085      	sub	sp, #20
10004efa:	f3ef 8305 	mrs	r3, IPSR
10004efe:	4699      	mov	r9, r3
10004f00:	468b      	mov	fp, r1
10004f02:	2b00      	cmp	r3, #0
10004f04:	d012      	beq.n	10004f2c <best_effort_wfe_or_timeout+0x44>
10004f06:	4938      	ldr	r1, [pc, #224]	@ (10004fe8 <best_effort_wfe_or_timeout+0x100>)
10004f08:	2000      	movs	r0, #0
10004f0a:	6a4b      	ldr	r3, [r1, #36]	@ 0x24
10004f0c:	42bb      	cmp	r3, r7
10004f0e:	d306      	bcc.n	10004f1e <best_effort_wfe_or_timeout+0x36>
10004f10:	6a8a      	ldr	r2, [r1, #40]	@ 0x28
10004f12:	1bdb      	subs	r3, r3, r7
10004f14:	1e59      	subs	r1, r3, #1
10004f16:	418b      	sbcs	r3, r1
10004f18:	42b2      	cmp	r2, r6
10004f1a:	4140      	adcs	r0, r0
10004f1c:	4318      	orrs	r0, r3
10004f1e:	b005      	add	sp, #20
10004f20:	bcf0      	pop	{r4, r5, r6, r7}
10004f22:	46bb      	mov	fp, r7
10004f24:	46b2      	mov	sl, r6
10004f26:	46a9      	mov	r9, r5
10004f28:	46a0      	mov	r8, r4
10004f2a:	bdf0      	pop	{r4, r5, r6, r7, pc}
10004f2c:	4b2f      	ldr	r3, [pc, #188]	@ (10004fec <best_effort_wfe_or_timeout+0x104>)
10004f2e:	469a      	mov	sl, r3
10004f30:	68db      	ldr	r3, [r3, #12]
10004f32:	4698      	mov	r8, r3
10004f34:	4653      	mov	r3, sl
10004f36:	781b      	ldrb	r3, [r3, #0]
10004f38:	4640      	mov	r0, r8
10004f3a:	9303      	str	r3, [sp, #12]
10004f3c:	f000 f864 	bl	10005008 <timer_time_us_64>
10004f40:	4642      	mov	r2, r8
10004f42:	9b03      	ldr	r3, [sp, #12]
10004f44:	0004      	movs	r4, r0
10004f46:	3304      	adds	r3, #4
10004f48:	009b      	lsls	r3, r3, #2
10004f4a:	589b      	ldr	r3, [r3, r2]
10004f4c:	000d      	movs	r5, r1
10004f4e:	1a1b      	subs	r3, r3, r0
10004f50:	0039      	movs	r1, r7
10004f52:	0030      	movs	r0, r6
10004f54:	1b00      	subs	r0, r0, r4
10004f56:	41a9      	sbcs	r1, r5
10004f58:	4589      	cmp	r9, r1
10004f5a:	dc10      	bgt.n	10004f7e <best_effort_wfe_or_timeout+0x96>
10004f5c:	d00d      	beq.n	10004f7a <best_effort_wfe_or_timeout+0x92>
10004f5e:	bf20      	wfe
10004f60:	4a21      	ldr	r2, [pc, #132]	@ (10004fe8 <best_effort_wfe_or_timeout+0x100>)
10004f62:	2000      	movs	r0, #0
10004f64:	6a53      	ldr	r3, [r2, #36]	@ 0x24
10004f66:	455b      	cmp	r3, fp
10004f68:	d3d9      	bcc.n	10004f1e <best_effort_wfe_or_timeout+0x36>
10004f6a:	6a92      	ldr	r2, [r2, #40]	@ 0x28
10004f6c:	1bdb      	subs	r3, r3, r7
10004f6e:	1e59      	subs	r1, r3, #1
10004f70:	418b      	sbcs	r3, r1
10004f72:	42b2      	cmp	r2, r6
10004f74:	4140      	adcs	r0, r0
10004f76:	4318      	orrs	r0, r3
10004f78:	e7d1      	b.n	10004f1e <best_effort_wfe_or_timeout+0x36>
10004f7a:	4283      	cmp	r3, r0
10004f7c:	d9ef      	bls.n	10004f5e <best_effort_wfe_or_timeout+0x76>
10004f7e:	f000 f84b 	bl	10005018 <time_us_64>
10004f82:	0032      	movs	r2, r6
10004f84:	003b      	movs	r3, r7
10004f86:	1a12      	subs	r2, r2, r0
10004f88:	418b      	sbcs	r3, r1
10004f8a:	2b00      	cmp	r3, #0
10004f8c:	db1a      	blt.n	10004fc4 <best_effort_wfe_or_timeout+0xdc>
10004f8e:	2300      	movs	r3, #0
10004f90:	9301      	str	r3, [sp, #4]
10004f92:	4b17      	ldr	r3, [pc, #92]	@ (10004ff0 <best_effort_wfe_or_timeout+0x108>)
10004f94:	0032      	movs	r2, r6
10004f96:	9300      	str	r3, [sp, #0]
10004f98:	4650      	mov	r0, sl
10004f9a:	003b      	movs	r3, r7
10004f9c:	f7ff fe94 	bl	10004cc8 <alarm_pool_add_alarm_at_force_in_context>
10004fa0:	1e01      	subs	r1, r0, #0
10004fa2:	dd0f      	ble.n	10004fc4 <best_effort_wfe_or_timeout+0xdc>
10004fa4:	4b10      	ldr	r3, [pc, #64]	@ (10004fe8 <best_effort_wfe_or_timeout+0x100>)
10004fa6:	6a5a      	ldr	r2, [r3, #36]	@ 0x24
10004fa8:	455a      	cmp	r2, fp
10004faa:	d31b      	bcc.n	10004fe4 <best_effort_wfe_or_timeout+0xfc>
10004fac:	6a9b      	ldr	r3, [r3, #40]	@ 0x28
10004fae:	42b3      	cmp	r3, r6
10004fb0:	d316      	bcc.n	10004fe0 <best_effort_wfe_or_timeout+0xf8>
10004fb2:	4650      	mov	r0, sl
10004fb4:	f7ff fee0 	bl	10004d78 <alarm_pool_cancel_alarm>
10004fb8:	4a0b      	ldr	r2, [pc, #44]	@ (10004fe8 <best_effort_wfe_or_timeout+0x100>)
10004fba:	2000      	movs	r0, #0
10004fbc:	6a53      	ldr	r3, [r2, #36]	@ 0x24
10004fbe:	455b      	cmp	r3, fp
10004fc0:	d3ad      	bcc.n	10004f1e <best_effort_wfe_or_timeout+0x36>
10004fc2:	e7d2      	b.n	10004f6a <best_effort_wfe_or_timeout+0x82>
10004fc4:	4a08      	ldr	r2, [pc, #32]	@ (10004fe8 <best_effort_wfe_or_timeout+0x100>)
10004fc6:	2000      	movs	r0, #0
10004fc8:	6a53      	ldr	r3, [r2, #36]	@ 0x24
10004fca:	455b      	cmp	r3, fp
10004fcc:	d3a7      	bcc.n	10004f1e <best_effort_wfe_or_timeout+0x36>
10004fce:	2000      	movs	r0, #0
10004fd0:	6a92      	ldr	r2, [r2, #40]	@ 0x28
10004fd2:	1bdb      	subs	r3, r3, r7
10004fd4:	42b2      	cmp	r2, r6
10004fd6:	4140      	adcs	r0, r0
10004fd8:	1e5a      	subs	r2, r3, #1
10004fda:	4193      	sbcs	r3, r2
10004fdc:	4318      	orrs	r0, r3
10004fde:	e79e      	b.n	10004f1e <best_effort_wfe_or_timeout+0x36>
10004fe0:	455a      	cmp	r2, fp
10004fe2:	d1e6      	bne.n	10004fb2 <best_effort_wfe_or_timeout+0xca>
10004fe4:	bf20      	wfe
10004fe6:	e7e4      	b.n	10004fb2 <best_effort_wfe_or_timeout+0xca>
10004fe8:	40054000 	.word	0x40054000
10004fec:	20001004 	.word	0x20001004
10004ff0:	100048bd 	.word	0x100048bd

10004ff4 <timer_hardware_alarm_claim>:
10004ff4:	b510      	push	{r4, lr}
10004ff6:	4a02      	ldr	r2, [pc, #8]	@ (10005000 <timer_hardware_alarm_claim+0xc>)
10004ff8:	4802      	ldr	r0, [pc, #8]	@ (10005004 <timer_hardware_alarm_claim+0x10>)
10004ffa:	f7ff f8f5 	bl	100041e8 <hw_claim_or_assert>
10004ffe:	bd10      	pop	{r4, pc}
10005000:	1000b758 	.word	0x1000b758
10005004:	20009984 	.word	0x20009984

10005008 <timer_time_us_64>:
10005008:	0003      	movs	r3, r0
1000500a:	6a41      	ldr	r1, [r0, #36]	@ 0x24
1000500c:	000a      	movs	r2, r1
1000500e:	6a98      	ldr	r0, [r3, #40]	@ 0x28
10005010:	6a59      	ldr	r1, [r3, #36]	@ 0x24
10005012:	428a      	cmp	r2, r1
10005014:	d1fa      	bne.n	1000500c <timer_time_us_64+0x4>
10005016:	4770      	bx	lr

10005018 <time_us_64>:
10005018:	4b03      	ldr	r3, [pc, #12]	@ (10005028 <time_us_64+0x10>)
1000501a:	6a59      	ldr	r1, [r3, #36]	@ 0x24
1000501c:	000a      	movs	r2, r1
1000501e:	6a98      	ldr	r0, [r3, #40]	@ 0x28
10005020:	6a59      	ldr	r1, [r3, #36]	@ 0x24
10005022:	4291      	cmp	r1, r2
10005024:	d1fa      	bne.n	1000501c <time_us_64+0x4>
10005026:	4770      	bx	lr
10005028:	40054000 	.word	0x40054000

1000502c <busy_wait_us>:
1000502c:	b570      	push	{r4, r5, r6, lr}
1000502e:	0004      	movs	r4, r0
10005030:	000d      	movs	r5, r1
10005032:	4a17      	ldr	r2, [pc, #92]	@ (10005090 <busy_wait_us+0x64>)
10005034:	6a53      	ldr	r3, [r2, #36]	@ 0x24
10005036:	0019      	movs	r1, r3
10005038:	6a96      	ldr	r6, [r2, #40]	@ 0x28
1000503a:	6a53      	ldr	r3, [r2, #36]	@ 0x24
1000503c:	428b      	cmp	r3, r1
1000503e:	d1fa      	bne.n	10005036 <busy_wait_us+0xa>
10005040:	0030      	movs	r0, r6
10005042:	0019      	movs	r1, r3
10005044:	1824      	adds	r4, r4, r0
10005046:	414d      	adcs	r5, r1
10005048:	42ab      	cmp	r3, r5
1000504a:	d816      	bhi.n	1000507a <busy_wait_us+0x4e>
1000504c:	d013      	beq.n	10005076 <busy_wait_us+0x4a>
1000504e:	4b10      	ldr	r3, [pc, #64]	@ (10005090 <busy_wait_us+0x64>)
10005050:	002a      	movs	r2, r5
10005052:	6a5b      	ldr	r3, [r3, #36]	@ 0x24
10005054:	429d      	cmp	r5, r3
10005056:	d903      	bls.n	10005060 <busy_wait_us+0x34>
10005058:	490d      	ldr	r1, [pc, #52]	@ (10005090 <busy_wait_us+0x64>)
1000505a:	6a4b      	ldr	r3, [r1, #36]	@ 0x24
1000505c:	4293      	cmp	r3, r2
1000505e:	d3fc      	bcc.n	1000505a <busy_wait_us+0x2e>
10005060:	4293      	cmp	r3, r2
10005062:	d107      	bne.n	10005074 <busy_wait_us+0x48>
10005064:	4a0a      	ldr	r2, [pc, #40]	@ (10005090 <busy_wait_us+0x64>)
10005066:	e002      	b.n	1000506e <busy_wait_us+0x42>
10005068:	6a51      	ldr	r1, [r2, #36]	@ 0x24
1000506a:	4299      	cmp	r1, r3
1000506c:	d102      	bne.n	10005074 <busy_wait_us+0x48>
1000506e:	6a91      	ldr	r1, [r2, #40]	@ 0x28
10005070:	42a1      	cmp	r1, r4
10005072:	d3f9      	bcc.n	10005068 <busy_wait_us+0x3c>
10005074:	bd70      	pop	{r4, r5, r6, pc}
10005076:	42a6      	cmp	r6, r4
10005078:	d9e9      	bls.n	1000504e <busy_wait_us+0x22>
1000507a:	4b05      	ldr	r3, [pc, #20]	@ (10005090 <busy_wait_us+0x64>)
1000507c:	6a5b      	ldr	r3, [r3, #36]	@ 0x24
1000507e:	001c      	movs	r4, r3
10005080:	1c5a      	adds	r2, r3, #1
10005082:	d0ef      	beq.n	10005064 <busy_wait_us+0x38>
10005084:	2201      	movs	r2, #1
10005086:	2401      	movs	r4, #1
10005088:	4264      	negs	r4, r4
1000508a:	17e5      	asrs	r5, r4, #31
1000508c:	4252      	negs	r2, r2
1000508e:	e7e3      	b.n	10005058 <busy_wait_us+0x2c>
10005090:	40054000 	.word	0x40054000

10005094 <busy_wait_until>:
10005094:	4a06      	ldr	r2, [pc, #24]	@ (100050b0 <busy_wait_until+0x1c>)
10005096:	6a53      	ldr	r3, [r2, #36]	@ 0x24
10005098:	4299      	cmp	r1, r3
1000509a:	d8fc      	bhi.n	10005096 <busy_wait_until+0x2>
1000509c:	d107      	bne.n	100050ae <busy_wait_until+0x1a>
1000509e:	4b04      	ldr	r3, [pc, #16]	@ (100050b0 <busy_wait_until+0x1c>)
100050a0:	e002      	b.n	100050a8 <busy_wait_until+0x14>
100050a2:	6a5a      	ldr	r2, [r3, #36]	@ 0x24
100050a4:	4291      	cmp	r1, r2
100050a6:	d102      	bne.n	100050ae <busy_wait_until+0x1a>
100050a8:	6a9a      	ldr	r2, [r3, #40]	@ 0x28
100050aa:	4290      	cmp	r0, r2
100050ac:	d8f9      	bhi.n	100050a2 <busy_wait_until+0xe>
100050ae:	4770      	bx	lr
100050b0:	40054000 	.word	0x40054000

100050b4 <uart_init>:
100050b4:	b5f8      	push	{r3, r4, r5, r6, r7, lr}
100050b6:	0004      	movs	r4, r0
100050b8:	2006      	movs	r0, #6
100050ba:	000d      	movs	r5, r1
100050bc:	f000 f978 	bl	100053b0 <clock_get_hz>
100050c0:	2800      	cmp	r0, #0
100050c2:	d044      	beq.n	1000514e <uart_init+0x9a>
100050c4:	4b37      	ldr	r3, [pc, #220]	@ (100051a4 <uart_init+0xf0>)
100050c6:	4938      	ldr	r1, [pc, #224]	@ (100051a8 <uart_init+0xf4>)
100050c8:	18e3      	adds	r3, r4, r3
100050ca:	1e5a      	subs	r2, r3, #1
100050cc:	4193      	sbcs	r3, r2
100050ce:	2280      	movs	r2, #128	@ 0x80
100050d0:	0412      	lsls	r2, r2, #16
100050d2:	4694      	mov	ip, r2
100050d4:	425b      	negs	r3, r3
100050d6:	0d9b      	lsrs	r3, r3, #22
100050d8:	4a34      	ldr	r2, [pc, #208]	@ (100051ac <uart_init+0xf8>)
100050da:	059b      	lsls	r3, r3, #22
100050dc:	4463      	add	r3, ip
100050de:	6013      	str	r3, [r2, #0]
100050e0:	4a33      	ldr	r2, [pc, #204]	@ (100051b0 <uart_init+0xfc>)
100050e2:	6013      	str	r3, [r2, #0]
100050e4:	0018      	movs	r0, r3
100050e6:	680a      	ldr	r2, [r1, #0]
100050e8:	4390      	bics	r0, r2
100050ea:	d1fb      	bne.n	100050e4 <uart_init+0x30>
100050ec:	4b2d      	ldr	r3, [pc, #180]	@ (100051a4 <uart_init+0xf0>)
100050ee:	4a31      	ldr	r2, [pc, #196]	@ (100051b4 <uart_init+0x100>)
100050f0:	18e3      	adds	r3, r4, r3
100050f2:	4259      	negs	r1, r3
100050f4:	414b      	adcs	r3, r1
100050f6:	2180      	movs	r1, #128	@ 0x80
100050f8:	005b      	lsls	r3, r3, #1
100050fa:	0049      	lsls	r1, r1, #1
100050fc:	2006      	movs	r0, #6
100050fe:	5299      	strh	r1, [r3, r2]
10005100:	f000 f956 	bl	100053b0 <clock_get_hz>
10005104:	0029      	movs	r1, r5
10005106:	00c0      	lsls	r0, r0, #3
10005108:	f000 fb4c 	bl	100057a4 <__wrap___aeabi_uidiv>
1000510c:	3001      	adds	r0, #1
1000510e:	09c3      	lsrs	r3, r0, #7
10005110:	d11e      	bne.n	10005150 <uart_init+0x9c>
10005112:	2740      	movs	r7, #64	@ 0x40
10005114:	2201      	movs	r2, #1
10005116:	6262      	str	r2, [r4, #36]	@ 0x24
10005118:	62a3      	str	r3, [r4, #40]	@ 0x28
1000511a:	6b26      	ldr	r6, [r4, #48]	@ 0x30
1000511c:	07f3      	lsls	r3, r6, #31
1000511e:	d422      	bmi.n	10005166 <uart_init+0xb2>
10005120:	6ae3      	ldr	r3, [r4, #44]	@ 0x2c
10005122:	4b25      	ldr	r3, [pc, #148]	@ (100051b8 <uart_init+0x104>)
10005124:	2006      	movs	r0, #6
10005126:	18e5      	adds	r5, r4, r3
10005128:	2300      	movs	r3, #0
1000512a:	602b      	str	r3, [r5, #0]
1000512c:	6326      	str	r6, [r4, #48]	@ 0x30
1000512e:	f000 f93f 	bl	100053b0 <clock_get_hz>
10005132:	0039      	movs	r1, r7
10005134:	0080      	lsls	r0, r0, #2
10005136:	f000 fb35 	bl	100057a4 <__wrap___aeabi_uidiv>
1000513a:	2370      	movs	r3, #112	@ 0x70
1000513c:	6ae2      	ldr	r2, [r4, #44]	@ 0x2c
1000513e:	405a      	eors	r2, r3
10005140:	330e      	adds	r3, #14
10005142:	4013      	ands	r3, r2
10005144:	602b      	str	r3, [r5, #0]
10005146:	4b1d      	ldr	r3, [pc, #116]	@ (100051bc <uart_init+0x108>)
10005148:	6323      	str	r3, [r4, #48]	@ 0x30
1000514a:	2303      	movs	r3, #3
1000514c:	64a3      	str	r3, [r4, #72]	@ 0x48
1000514e:	bdf8      	pop	{r3, r4, r5, r6, r7, pc}
10005150:	4a1b      	ldr	r2, [pc, #108]	@ (100051c0 <uart_init+0x10c>)
10005152:	4293      	cmp	r3, r2
10005154:	d91e      	bls.n	10005194 <uart_init+0xe0>
10005156:	2300      	movs	r3, #0
10005158:	4a1a      	ldr	r2, [pc, #104]	@ (100051c4 <uart_init+0x110>)
1000515a:	4f1b      	ldr	r7, [pc, #108]	@ (100051c8 <uart_init+0x114>)
1000515c:	6262      	str	r2, [r4, #36]	@ 0x24
1000515e:	62a3      	str	r3, [r4, #40]	@ 0x28
10005160:	6b26      	ldr	r6, [r4, #48]	@ 0x30
10005162:	07f3      	lsls	r3, r6, #31
10005164:	d5dc      	bpl.n	10005120 <uart_init+0x6c>
10005166:	4b19      	ldr	r3, [pc, #100]	@ (100051cc <uart_init+0x118>)
10005168:	4a14      	ldr	r2, [pc, #80]	@ (100051bc <uart_init+0x108>)
1000516a:	18e3      	adds	r3, r4, r3
1000516c:	601a      	str	r2, [r3, #0]
1000516e:	6a65      	ldr	r5, [r4, #36]	@ 0x24
10005170:	6aa3      	ldr	r3, [r4, #40]	@ 0x28
10005172:	2006      	movs	r0, #6
10005174:	01ad      	lsls	r5, r5, #6
10005176:	18ed      	adds	r5, r5, r3
10005178:	f000 f91a 	bl	100053b0 <clock_get_hz>
1000517c:	4914      	ldr	r1, [pc, #80]	@ (100051d0 <uart_init+0x11c>)
1000517e:	f000 fb11 	bl	100057a4 <__wrap___aeabi_uidiv>
10005182:	02ad      	lsls	r5, r5, #10
10005184:	0001      	movs	r1, r0
10005186:	0028      	movs	r0, r5
10005188:	f000 fb0c 	bl	100057a4 <__wrap___aeabi_uidiv>
1000518c:	2100      	movs	r1, #0
1000518e:	f7ff ff4d 	bl	1000502c <busy_wait_us>
10005192:	e7c5      	b.n	10005120 <uart_init+0x6c>
10005194:	0640      	lsls	r0, r0, #25
10005196:	0e80      	lsrs	r0, r0, #26
10005198:	019f      	lsls	r7, r3, #6
1000519a:	001a      	movs	r2, r3
1000519c:	183f      	adds	r7, r7, r0
1000519e:	0003      	movs	r3, r0
100051a0:	e7b9      	b.n	10005116 <uart_init+0x62>
100051a2:	46c0      	nop			@ (mov r8, r8)
100051a4:	bffc8000 	.word	0xbffc8000
100051a8:	4000c008 	.word	0x4000c008
100051ac:	4000e000 	.word	0x4000e000
100051b0:	4000f000 	.word	0x4000f000
100051b4:	20011ff0 	.word	0x20011ff0
100051b8:	0000102c 	.word	0x0000102c
100051bc:	00000301 	.word	0x00000301
100051c0:	0000fffe 	.word	0x0000fffe
100051c4:	0000ffff 	.word	0x0000ffff
100051c8:	003fffc0 	.word	0x003fffc0
100051cc:	00003030 	.word	0x00003030
100051d0:	00000e4e 	.word	0x00000e4e

100051d4 <clock_configure_int_divider>:
100051d4:	b5f8      	push	{r3, r4, r5, r6, r7, lr}
100051d6:	46de      	mov	lr, fp
100051d8:	464e      	mov	r6, r9
100051da:	4657      	mov	r7, sl
100051dc:	4645      	mov	r5, r8
100051de:	b5e0      	push	{r5, r6, r7, lr}
100051e0:	468b      	mov	fp, r1
100051e2:	0005      	movs	r5, r0
100051e4:	990a      	ldr	r1, [sp, #40]	@ 0x28
100051e6:	0018      	movs	r0, r3
100051e8:	0016      	movs	r6, r2
100051ea:	f000 fadb 	bl	100057a4 <__wrap___aeabi_uidiv>
100051ee:	9b0a      	ldr	r3, [sp, #40]	@ 0x28
100051f0:	006c      	lsls	r4, r5, #1
100051f2:	021f      	lsls	r7, r3, #8
100051f4:	4b32      	ldr	r3, [pc, #200]	@ (100052c0 <clock_configure_int_divider+0xec>)
100051f6:	1964      	adds	r4, r4, r5
100051f8:	469c      	mov	ip, r3
100051fa:	00a4      	lsls	r4, r4, #2
100051fc:	4464      	add	r4, ip
100051fe:	6863      	ldr	r3, [r4, #4]
10005200:	4681      	mov	r9, r0
10005202:	429f      	cmp	r7, r3
10005204:	d900      	bls.n	10005208 <clock_configure_int_divider+0x34>
10005206:	6067      	str	r7, [r4, #4]
10005208:	1f2b      	subs	r3, r5, #4
1000520a:	b2db      	uxtb	r3, r3
1000520c:	4698      	mov	r8, r3
1000520e:	2b01      	cmp	r3, #1
10005210:	d930      	bls.n	10005274 <clock_configure_int_divider+0xa0>
10005212:	23c0      	movs	r3, #192	@ 0xc0
10005214:	2280      	movs	r2, #128	@ 0x80
10005216:	019b      	lsls	r3, r3, #6
10005218:	18e3      	adds	r3, r4, r3
1000521a:	0112      	lsls	r2, r2, #4
1000521c:	601a      	str	r2, [r3, #0]
1000521e:	4b29      	ldr	r3, [pc, #164]	@ (100052c4 <clock_configure_int_divider+0xf0>)
10005220:	00ad      	lsls	r5, r5, #2
10005222:	5959      	ldr	r1, [r3, r5]
10005224:	469a      	mov	sl, r3
10005226:	2900      	cmp	r1, #0
10005228:	d11b      	bne.n	10005262 <clock_configure_int_divider+0x8e>
1000522a:	0173      	lsls	r3, r6, #5
1000522c:	26e0      	movs	r6, #224	@ 0xe0
1000522e:	6822      	ldr	r2, [r4, #0]
10005230:	4053      	eors	r3, r2
10005232:	401e      	ands	r6, r3
10005234:	2380      	movs	r3, #128	@ 0x80
10005236:	4642      	mov	r2, r8
10005238:	015b      	lsls	r3, r3, #5
1000523a:	18e3      	adds	r3, r4, r3
1000523c:	601e      	str	r6, [r3, #0]
1000523e:	2a01      	cmp	r2, #1
10005240:	d930      	bls.n	100052a4 <clock_configure_int_divider+0xd0>
10005242:	2380      	movs	r3, #128	@ 0x80
10005244:	2280      	movs	r2, #128	@ 0x80
10005246:	019b      	lsls	r3, r3, #6
10005248:	18e3      	adds	r3, r4, r3
1000524a:	0112      	lsls	r2, r2, #4
1000524c:	601a      	str	r2, [r3, #0]
1000524e:	4653      	mov	r3, sl
10005250:	464a      	mov	r2, r9
10005252:	6067      	str	r7, [r4, #4]
10005254:	515a      	str	r2, [r3, r5]
10005256:	bcf0      	pop	{r4, r5, r6, r7}
10005258:	46bb      	mov	fp, r7
1000525a:	46b2      	mov	sl, r6
1000525c:	46a9      	mov	r9, r5
1000525e:	46a0      	mov	r8, r4
10005260:	bdf8      	pop	{r3, r4, r5, r6, r7, pc}
10005262:	6958      	ldr	r0, [r3, #20]
10005264:	f000 fa9e 	bl	100057a4 <__wrap___aeabi_uidiv>
10005268:	3001      	adds	r0, #1
1000526a:	0043      	lsls	r3, r0, #1
1000526c:	181b      	adds	r3, r3, r0
1000526e:	3b03      	subs	r3, #3
10005270:	d2fd      	bcs.n	1000526e <clock_configure_int_divider+0x9a>
10005272:	e7da      	b.n	1000522a <clock_configure_int_divider+0x56>
10005274:	465b      	mov	r3, fp
10005276:	2b01      	cmp	r3, #1
10005278:	d1cb      	bne.n	10005212 <clock_configure_int_divider+0x3e>
1000527a:	23c0      	movs	r3, #192	@ 0xc0
1000527c:	2203      	movs	r2, #3
1000527e:	019b      	lsls	r3, r3, #6
10005280:	18e3      	adds	r3, r4, r3
10005282:	601a      	str	r2, [r3, #0]
10005284:	3a02      	subs	r2, #2
10005286:	68a3      	ldr	r3, [r4, #8]
10005288:	421a      	tst	r2, r3
1000528a:	d0fc      	beq.n	10005286 <clock_configure_int_divider+0xb2>
1000528c:	0173      	lsls	r3, r6, #5
1000528e:	26e0      	movs	r6, #224	@ 0xe0
10005290:	6822      	ldr	r2, [r4, #0]
10005292:	00ad      	lsls	r5, r5, #2
10005294:	4053      	eors	r3, r2
10005296:	401e      	ands	r6, r3
10005298:	2380      	movs	r3, #128	@ 0x80
1000529a:	4a0a      	ldr	r2, [pc, #40]	@ (100052c4 <clock_configure_int_divider+0xf0>)
1000529c:	015b      	lsls	r3, r3, #5
1000529e:	4692      	mov	sl, r2
100052a0:	18e3      	adds	r3, r4, r3
100052a2:	601e      	str	r6, [r3, #0]
100052a4:	465a      	mov	r2, fp
100052a6:	6821      	ldr	r1, [r4, #0]
100052a8:	4051      	eors	r1, r2
100052aa:	2203      	movs	r2, #3
100052ac:	400a      	ands	r2, r1
100052ae:	601a      	str	r2, [r3, #0]
100052b0:	2201      	movs	r2, #1
100052b2:	465b      	mov	r3, fp
100052b4:	409a      	lsls	r2, r3
100052b6:	68a3      	ldr	r3, [r4, #8]
100052b8:	421a      	tst	r2, r3
100052ba:	d0fc      	beq.n	100052b6 <clock_configure_int_divider+0xe2>
100052bc:	e7c1      	b.n	10005242 <clock_configure_int_divider+0x6e>
100052be:	46c0      	nop			@ (mov r8, r8)
100052c0:	40008000 	.word	0x40008000
100052c4:	2000998c 	.word	0x2000998c

100052c8 <clock_configure_undivided>:
100052c8:	b5f0      	push	{r4, r5, r6, r7, lr}
100052ca:	4646      	mov	r6, r8
100052cc:	464f      	mov	r7, r9
100052ce:	46d6      	mov	lr, sl
100052d0:	b5c0      	push	{r6, r7, lr}
100052d2:	001f      	movs	r7, r3
100052d4:	4b34      	ldr	r3, [pc, #208]	@ (100053a8 <clock_configure_undivided+0xe0>)
100052d6:	0044      	lsls	r4, r0, #1
100052d8:	469c      	mov	ip, r3
100052da:	1824      	adds	r4, r4, r0
100052dc:	00a4      	lsls	r4, r4, #2
100052de:	4464      	add	r4, ip
100052e0:	6863      	ldr	r3, [r4, #4]
100052e2:	4688      	mov	r8, r1
100052e4:	0016      	movs	r6, r2
100052e6:	2bff      	cmp	r3, #255	@ 0xff
100052e8:	d802      	bhi.n	100052f0 <clock_configure_undivided+0x28>
100052ea:	2380      	movs	r3, #128	@ 0x80
100052ec:	005b      	lsls	r3, r3, #1
100052ee:	6063      	str	r3, [r4, #4]
100052f0:	1f03      	subs	r3, r0, #4
100052f2:	b2db      	uxtb	r3, r3
100052f4:	469a      	mov	sl, r3
100052f6:	2b01      	cmp	r3, #1
100052f8:	d930      	bls.n	1000535c <clock_configure_undivided+0x94>
100052fa:	23c0      	movs	r3, #192	@ 0xc0
100052fc:	2280      	movs	r2, #128	@ 0x80
100052fe:	019b      	lsls	r3, r3, #6
10005300:	18e3      	adds	r3, r4, r3
10005302:	0112      	lsls	r2, r2, #4
10005304:	601a      	str	r2, [r3, #0]
10005306:	4b29      	ldr	r3, [pc, #164]	@ (100053ac <clock_configure_undivided+0xe4>)
10005308:	0085      	lsls	r5, r0, #2
1000530a:	5959      	ldr	r1, [r3, r5]
1000530c:	4699      	mov	r9, r3
1000530e:	2900      	cmp	r1, #0
10005310:	d11b      	bne.n	1000534a <clock_configure_undivided+0x82>
10005312:	0173      	lsls	r3, r6, #5
10005314:	26e0      	movs	r6, #224	@ 0xe0
10005316:	6822      	ldr	r2, [r4, #0]
10005318:	4053      	eors	r3, r2
1000531a:	401e      	ands	r6, r3
1000531c:	2380      	movs	r3, #128	@ 0x80
1000531e:	4652      	mov	r2, sl
10005320:	015b      	lsls	r3, r3, #5
10005322:	18e3      	adds	r3, r4, r3
10005324:	601e      	str	r6, [r3, #0]
10005326:	2a01      	cmp	r2, #1
10005328:	d930      	bls.n	1000538c <clock_configure_undivided+0xc4>
1000532a:	2380      	movs	r3, #128	@ 0x80
1000532c:	2280      	movs	r2, #128	@ 0x80
1000532e:	019b      	lsls	r3, r3, #6
10005330:	18e3      	adds	r3, r4, r3
10005332:	0112      	lsls	r2, r2, #4
10005334:	601a      	str	r2, [r3, #0]
10005336:	2380      	movs	r3, #128	@ 0x80
10005338:	005b      	lsls	r3, r3, #1
1000533a:	6063      	str	r3, [r4, #4]
1000533c:	464b      	mov	r3, r9
1000533e:	515f      	str	r7, [r3, r5]
10005340:	bce0      	pop	{r5, r6, r7}
10005342:	46ba      	mov	sl, r7
10005344:	46b1      	mov	r9, r6
10005346:	46a8      	mov	r8, r5
10005348:	bdf0      	pop	{r4, r5, r6, r7, pc}
1000534a:	6958      	ldr	r0, [r3, #20]
1000534c:	f000 fa2a 	bl	100057a4 <__wrap___aeabi_uidiv>
10005350:	3001      	adds	r0, #1
10005352:	0043      	lsls	r3, r0, #1
10005354:	181b      	adds	r3, r3, r0
10005356:	3b03      	subs	r3, #3
10005358:	d2fd      	bcs.n	10005356 <clock_configure_undivided+0x8e>
1000535a:	e7da      	b.n	10005312 <clock_configure_undivided+0x4a>
1000535c:	4643      	mov	r3, r8
1000535e:	2b01      	cmp	r3, #1
10005360:	d1cb      	bne.n	100052fa <clock_configure_undivided+0x32>
10005362:	23c0      	movs	r3, #192	@ 0xc0
10005364:	2203      	movs	r2, #3
10005366:	019b      	lsls	r3, r3, #6
10005368:	18e3      	adds	r3, r4, r3
1000536a:	601a      	str	r2, [r3, #0]
1000536c:	3a02      	subs	r2, #2
1000536e:	68a3      	ldr	r3, [r4, #8]
10005370:	421a      	tst	r2, r3
10005372:	d0fc      	beq.n	1000536e <clock_configure_undivided+0xa6>
10005374:	0173      	lsls	r3, r6, #5
10005376:	26e0      	movs	r6, #224	@ 0xe0
10005378:	6822      	ldr	r2, [r4, #0]
1000537a:	0085      	lsls	r5, r0, #2
1000537c:	4053      	eors	r3, r2
1000537e:	401e      	ands	r6, r3
10005380:	2380      	movs	r3, #128	@ 0x80
10005382:	4a0a      	ldr	r2, [pc, #40]	@ (100053ac <clock_configure_undivided+0xe4>)
10005384:	015b      	lsls	r3, r3, #5
10005386:	4691      	mov	r9, r2
10005388:	18e3      	adds	r3, r4, r3
1000538a:	601e      	str	r6, [r3, #0]
1000538c:	4642      	mov	r2, r8
1000538e:	6821      	ldr	r1, [r4, #0]
10005390:	4051      	eors	r1, r2
10005392:	2203      	movs	r2, #3
10005394:	400a      	ands	r2, r1
10005396:	601a      	str	r2, [r3, #0]
10005398:	2301      	movs	r3, #1
1000539a:	4642      	mov	r2, r8
1000539c:	4093      	lsls	r3, r2
1000539e:	68a2      	ldr	r2, [r4, #8]
100053a0:	4213      	tst	r3, r2
100053a2:	d0fc      	beq.n	1000539e <clock_configure_undivided+0xd6>
100053a4:	e7c1      	b.n	1000532a <clock_configure_undivided+0x62>
100053a6:	46c0      	nop			@ (mov r8, r8)
100053a8:	40008000 	.word	0x40008000
100053ac:	2000998c 	.word	0x2000998c

100053b0 <clock_get_hz>:
100053b0:	4b01      	ldr	r3, [pc, #4]	@ (100053b8 <clock_get_hz+0x8>)
100053b2:	0080      	lsls	r0, r0, #2
100053b4:	58c0      	ldr	r0, [r0, r3]
100053b6:	4770      	bx	lr
100053b8:	2000998c 	.word	0x2000998c

100053bc <pll_init>:
100053bc:	b5f8      	push	{r3, r4, r5, r6, r7, lr}
100053be:	0004      	movs	r4, r0
100053c0:	4821      	ldr	r0, [pc, #132]	@ (10005448 <pll_init+0x8c>)
100053c2:	001e      	movs	r6, r3
100053c4:	0017      	movs	r7, r2
100053c6:	000d      	movs	r5, r1
100053c8:	f000 f9ec 	bl	100057a4 <__wrap___aeabi_uidiv>
100053cc:	0001      	movs	r1, r0
100053ce:	0038      	movs	r0, r7
100053d0:	f000 f9e8 	bl	100057a4 <__wrap___aeabi_uidiv>
100053d4:	9b06      	ldr	r3, [sp, #24]
100053d6:	0436      	lsls	r6, r6, #16
100053d8:	031b      	lsls	r3, r3, #12
100053da:	431e      	orrs	r6, r3
100053dc:	6823      	ldr	r3, [r4, #0]
100053de:	2b00      	cmp	r3, #0
100053e0:	db20      	blt.n	10005424 <pll_init+0x68>
100053e2:	4b1a      	ldr	r3, [pc, #104]	@ (1000544c <pll_init+0x90>)
100053e4:	491a      	ldr	r1, [pc, #104]	@ (10005450 <pll_init+0x94>)
100053e6:	18e3      	adds	r3, r4, r3
100053e8:	1e5a      	subs	r2, r3, #1
100053ea:	4193      	sbcs	r3, r2
100053ec:	2280      	movs	r2, #128	@ 0x80
100053ee:	0192      	lsls	r2, r2, #6
100053f0:	4694      	mov	ip, r2
100053f2:	425b      	negs	r3, r3
100053f4:	0b1b      	lsrs	r3, r3, #12
100053f6:	4a17      	ldr	r2, [pc, #92]	@ (10005454 <pll_init+0x98>)
100053f8:	031b      	lsls	r3, r3, #12
100053fa:	4463      	add	r3, ip
100053fc:	6013      	str	r3, [r2, #0]
100053fe:	4a16      	ldr	r2, [pc, #88]	@ (10005458 <pll_init+0x9c>)
10005400:	6013      	str	r3, [r2, #0]
10005402:	001f      	movs	r7, r3
10005404:	680a      	ldr	r2, [r1, #0]
10005406:	4397      	bics	r7, r2
10005408:	d1fb      	bne.n	10005402 <pll_init+0x46>
1000540a:	4b14      	ldr	r3, [pc, #80]	@ (1000545c <pll_init+0xa0>)
1000540c:	6025      	str	r5, [r4, #0]
1000540e:	18e2      	adds	r2, r4, r3
10005410:	2321      	movs	r3, #33	@ 0x21
10005412:	60a0      	str	r0, [r4, #8]
10005414:	6013      	str	r3, [r2, #0]
10005416:	6823      	ldr	r3, [r4, #0]
10005418:	2b00      	cmp	r3, #0
1000541a:	dafc      	bge.n	10005416 <pll_init+0x5a>
1000541c:	2308      	movs	r3, #8
1000541e:	60e6      	str	r6, [r4, #12]
10005420:	6013      	str	r3, [r2, #0]
10005422:	bdf8      	pop	{r3, r4, r5, r6, r7, pc}
10005424:	233f      	movs	r3, #63	@ 0x3f
10005426:	6822      	ldr	r2, [r4, #0]
10005428:	4013      	ands	r3, r2
1000542a:	42ab      	cmp	r3, r5
1000542c:	d1d9      	bne.n	100053e2 <pll_init+0x26>
1000542e:	68a3      	ldr	r3, [r4, #8]
10005430:	051b      	lsls	r3, r3, #20
10005432:	0d1b      	lsrs	r3, r3, #20
10005434:	4283      	cmp	r3, r0
10005436:	d1d4      	bne.n	100053e2 <pll_init+0x26>
10005438:	22ee      	movs	r2, #238	@ 0xee
1000543a:	68e3      	ldr	r3, [r4, #12]
1000543c:	02d2      	lsls	r2, r2, #11
1000543e:	4013      	ands	r3, r2
10005440:	42b3      	cmp	r3, r6
10005442:	d1ce      	bne.n	100053e2 <pll_init+0x26>
10005444:	e7ed      	b.n	10005422 <pll_init+0x66>
10005446:	46c0      	nop			@ (mov r8, r8)
10005448:	00b71b00 	.word	0x00b71b00
1000544c:	bffd4000 	.word	0xbffd4000
10005450:	4000c008 	.word	0x4000c008
10005454:	4000e000 	.word	0x4000e000
10005458:	4000f000 	.word	0x4000f000
1000545c:	00003004 	.word	0x00003004

10005460 <tick_start>:
10005460:	2380      	movs	r3, #128	@ 0x80
10005462:	4a02      	ldr	r2, [pc, #8]	@ (1000546c <tick_start+0xc>)
10005464:	009b      	lsls	r3, r3, #2
10005466:	430b      	orrs	r3, r1
10005468:	62d3      	str	r3, [r2, #44]	@ 0x2c
1000546a:	4770      	bx	lr
1000546c:	40058000 	.word	0x40058000

10005470 <rom_func_lookup>:
10005470:	2300      	movs	r3, #0
10005472:	b510      	push	{r4, lr}
10005474:	0001      	movs	r1, r0
10005476:	8a98      	ldrh	r0, [r3, #20]
10005478:	8b1b      	ldrh	r3, [r3, #24]
1000547a:	4798      	blx	r3
1000547c:	bd10      	pop	{r4, pc}
1000547e:	46c0      	nop			@ (mov r8, r8)

10005480 <rom_data_lookup>:
10005480:	2316      	movs	r3, #22
10005482:	b510      	push	{r4, lr}
10005484:	0001      	movs	r1, r0
10005486:	8818      	ldrh	r0, [r3, #0]
10005488:	3302      	adds	r3, #2
1000548a:	881b      	ldrh	r3, [r3, #0]
1000548c:	4798      	blx	r3
1000548e:	bd10      	pop	{r4, pc}

10005490 <rom_funcs_lookup>:
10005490:	b5f8      	push	{r3, r4, r5, r6, r7, lr}
10005492:	4647      	mov	r7, r8
10005494:	46ce      	mov	lr, r9
10005496:	b580      	push	{r7, lr}
10005498:	1e0f      	subs	r7, r1, #0
1000549a:	d018      	beq.n	100054ce <rom_funcs_lookup+0x3e>
1000549c:	2314      	movs	r3, #20
1000549e:	4699      	mov	r9, r3
100054a0:	3304      	adds	r3, #4
100054a2:	0004      	movs	r4, r0
100054a4:	2500      	movs	r5, #0
100054a6:	2601      	movs	r6, #1
100054a8:	4698      	mov	r8, r3
100054aa:	464b      	mov	r3, r9
100054ac:	8818      	ldrh	r0, [r3, #0]
100054ae:	4643      	mov	r3, r8
100054b0:	6821      	ldr	r1, [r4, #0]
100054b2:	881b      	ldrh	r3, [r3, #0]
100054b4:	4798      	blx	r3
100054b6:	c401      	stmia	r4!, {r0}
100054b8:	1e43      	subs	r3, r0, #1
100054ba:	4198      	sbcs	r0, r3
100054bc:	3501      	adds	r5, #1
100054be:	4006      	ands	r6, r0
100054c0:	42af      	cmp	r7, r5
100054c2:	d1f2      	bne.n	100054aa <rom_funcs_lookup+0x1a>
100054c4:	0030      	movs	r0, r6
100054c6:	bcc0      	pop	{r6, r7}
100054c8:	46b9      	mov	r9, r7
100054ca:	46b0      	mov	r8, r6
100054cc:	bdf8      	pop	{r3, r4, r5, r6, r7, pc}
100054ce:	2601      	movs	r6, #1
100054d0:	e7f8      	b.n	100054c4 <rom_funcs_lookup+0x34>
100054d2:	46c0      	nop			@ (mov r8, r8)

100054d4 <xosc_init>:
100054d4:	23aa      	movs	r3, #170	@ 0xaa
100054d6:	4a06      	ldr	r2, [pc, #24]	@ (100054f0 <xosc_init+0x1c>)
100054d8:	011b      	lsls	r3, r3, #4
100054da:	6013      	str	r3, [r2, #0]
100054dc:	238d      	movs	r3, #141	@ 0x8d
100054de:	005b      	lsls	r3, r3, #1
100054e0:	60d3      	str	r3, [r2, #12]
100054e2:	4904      	ldr	r1, [pc, #16]	@ (100054f4 <xosc_init+0x20>)
100054e4:	4b04      	ldr	r3, [pc, #16]	@ (100054f8 <xosc_init+0x24>)
100054e6:	6019      	str	r1, [r3, #0]
100054e8:	6853      	ldr	r3, [r2, #4]
100054ea:	2b00      	cmp	r3, #0
100054ec:	dafc      	bge.n	100054e8 <xosc_init+0x14>
100054ee:	4770      	bx	lr
100054f0:	40024000 	.word	0x40024000
100054f4:	00fab000 	.word	0x00fab000
100054f8:	40026000 	.word	0x40026000

100054fc <first_per_core_initializer>:
100054fc:	4770      	bx	lr
100054fe:	46c0      	nop			@ (mov r8, r8)

10005500 <hard_assertion_failure>:
10005500:	b510      	push	{r4, lr}
10005502:	4801      	ldr	r0, [pc, #4]	@ (10005508 <hard_assertion_failure+0x8>)
10005504:	f7fe fe58 	bl	100041b8 <panic>
10005508:	1000b77c 	.word	0x1000b77c

1000550c <runtime_run_initializers>:
1000550c:	b570      	push	{r4, r5, r6, lr}
1000550e:	4d07      	ldr	r5, [pc, #28]	@ (1000552c <runtime_run_initializers+0x20>)
10005510:	4e07      	ldr	r6, [pc, #28]	@ (10005530 <runtime_run_initializers+0x24>)
10005512:	42b5      	cmp	r5, r6
10005514:	d209      	bcs.n	1000552a <runtime_run_initializers+0x1e>
10005516:	2400      	movs	r4, #0
10005518:	3e01      	subs	r6, #1
1000551a:	1b76      	subs	r6, r6, r5
1000551c:	08b6      	lsrs	r6, r6, #2
1000551e:	cd08      	ldmia	r5!, {r3}
10005520:	4798      	blx	r3
10005522:	0023      	movs	r3, r4
10005524:	3401      	adds	r4, #1
10005526:	42b3      	cmp	r3, r6
10005528:	d1f9      	bne.n	1000551e <runtime_run_initializers+0x12>
1000552a:	bd70      	pop	{r4, r5, r6, pc}
1000552c:	1000a628 	.word	0x1000a628
10005530:	1000a664 	.word	0x1000a664

10005534 <runtime_init_early_resets>:
10005534:	4b05      	ldr	r3, [pc, #20]	@ (1000554c <runtime_init_early_resets+0x18>)
10005536:	4a06      	ldr	r2, [pc, #24]	@ (10005550 <runtime_init_early_resets+0x1c>)
10005538:	4906      	ldr	r1, [pc, #24]	@ (10005554 <runtime_init_early_resets+0x20>)
1000553a:	601a      	str	r2, [r3, #0]
1000553c:	4a06      	ldr	r2, [pc, #24]	@ (10005558 <runtime_init_early_resets+0x24>)
1000553e:	4b07      	ldr	r3, [pc, #28]	@ (1000555c <runtime_init_early_resets+0x28>)
10005540:	601a      	str	r2, [r3, #0]
10005542:	0010      	movs	r0, r2
10005544:	680b      	ldr	r3, [r1, #0]
10005546:	4398      	bics	r0, r3
10005548:	d1fb      	bne.n	10005542 <runtime_init_early_resets+0xe>
1000554a:	4770      	bx	lr
1000554c:	4000e000 	.word	0x4000e000
10005550:	fefbcdbf 	.word	0xfefbcdbf
10005554:	4000c008 	.word	0x4000c008
10005558:	003c7ffe 	.word	0x003c7ffe
1000555c:	4000f000 	.word	0x4000f000

10005560 <runtime_init_usb_power_down>:
10005560:	4b04      	ldr	r3, [pc, #16]	@ (10005574 <runtime_init_usb_power_down+0x14>)
10005562:	6cdb      	ldr	r3, [r3, #76]	@ 0x4c
10005564:	2b00      	cmp	r3, #0
10005566:	d103      	bne.n	10005570 <runtime_init_usb_power_down+0x10>
10005568:	2280      	movs	r2, #128	@ 0x80
1000556a:	4b03      	ldr	r3, [pc, #12]	@ (10005578 <runtime_init_usb_power_down+0x18>)
1000556c:	02d2      	lsls	r2, r2, #11
1000556e:	601a      	str	r2, [r3, #0]
10005570:	4770      	bx	lr
10005572:	46c0      	nop			@ (mov r8, r8)
10005574:	50110000 	.word	0x50110000
10005578:	5011204c 	.word	0x5011204c

1000557c <runtime_init_post_clock_resets>:
1000557c:	4a04      	ldr	r2, [pc, #16]	@ (10005590 <runtime_init_post_clock_resets+0x14>)
1000557e:	4b05      	ldr	r3, [pc, #20]	@ (10005594 <runtime_init_post_clock_resets+0x18>)
10005580:	601a      	str	r2, [r3, #0]
10005582:	4a05      	ldr	r2, [pc, #20]	@ (10005598 <runtime_init_post_clock_resets+0x1c>)
10005584:	6813      	ldr	r3, [r2, #0]
10005586:	01db      	lsls	r3, r3, #7
10005588:	3380      	adds	r3, #128	@ 0x80
1000558a:	d1fb      	bne.n	10005584 <runtime_init_post_clock_resets+0x8>
1000558c:	4770      	bx	lr
1000558e:	46c0      	nop			@ (mov r8, r8)
10005590:	01ffffff 	.word	0x01ffffff
10005594:	4000f000 	.word	0x4000f000
10005598:	4000c008 	.word	0x4000c008

1000559c <runtime_init_rp2040_gpio_ie_disable>:
1000559c:	2240      	movs	r2, #64	@ 0x40
1000559e:	4b03      	ldr	r3, [pc, #12]	@ (100055ac <runtime_init_rp2040_gpio_ie_disable+0x10>)
100055a0:	679a      	str	r2, [r3, #120]	@ 0x78
100055a2:	675a      	str	r2, [r3, #116]	@ 0x74
100055a4:	671a      	str	r2, [r3, #112]	@ 0x70
100055a6:	66da      	str	r2, [r3, #108]	@ 0x6c
100055a8:	4770      	bx	lr
100055aa:	46c0      	nop			@ (mov r8, r8)
100055ac:	4001f000 	.word	0x4001f000

100055b0 <runtime_init_spin_locks_reset>:
100055b0:	b510      	push	{r4, lr}
100055b2:	f7fe fe9d 	bl	100042f0 <spin_locks_reset>
100055b6:	bd10      	pop	{r4, pc}

100055b8 <runtime_init_install_ram_vector_table>:
100055b8:	b5f8      	push	{r3, r4, r5, r6, r7, lr}
100055ba:	4927      	ldr	r1, [pc, #156]	@ (10005658 <runtime_init_install_ram_vector_table+0xa0>)
100055bc:	4c27      	ldr	r4, [pc, #156]	@ (1000565c <runtime_init_install_ram_vector_table+0xa4>)
100055be:	4d28      	ldr	r5, [pc, #160]	@ (10005660 <runtime_init_install_ram_vector_table+0xa8>)
100055c0:	1a64      	subs	r4, r4, r1
100055c2:	10a6      	asrs	r6, r4, #2
100055c4:	0032      	movs	r2, r6
100055c6:	2e30      	cmp	r6, #48	@ 0x30
100055c8:	d900      	bls.n	100055cc <runtime_init_install_ram_vector_table+0x14>
100055ca:	2230      	movs	r2, #48	@ 0x30
100055cc:	0028      	movs	r0, r5
100055ce:	0092      	lsls	r2, r2, #2
100055d0:	f000 fff0 	bl	100065b4 <__wrap___aeabi_memcpy>
100055d4:	2cbc      	cmp	r4, #188	@ 0xbc
100055d6:	d83b      	bhi.n	10005650 <runtime_init_install_ram_vector_table+0x98>
100055d8:	2030      	movs	r0, #48	@ 0x30
100055da:	232f      	movs	r3, #47	@ 0x2f
100055dc:	192c      	adds	r4, r5, r4
100055de:	0764      	lsls	r4, r4, #29
100055e0:	4a20      	ldr	r2, [pc, #128]	@ (10005664 <runtime_init_install_ram_vector_table+0xac>)
100055e2:	1b80      	subs	r0, r0, r6
100055e4:	0fe4      	lsrs	r4, r4, #31
100055e6:	1b9b      	subs	r3, r3, r6
100055e8:	2b05      	cmp	r3, #5
100055ea:	d916      	bls.n	1000561a <runtime_init_install_ram_vector_table+0x62>
100055ec:	0037      	movs	r7, r6
100055ee:	2c00      	cmp	r4, #0
100055f0:	d002      	beq.n	100055f8 <runtime_init_install_ram_vector_table+0x40>
100055f2:	00b3      	lsls	r3, r6, #2
100055f4:	1c77      	adds	r7, r6, #1
100055f6:	50ea      	str	r2, [r5, r3]
100055f8:	1b00      	subs	r0, r0, r4
100055fa:	1933      	adds	r3, r6, r4
100055fc:	009b      	lsls	r3, r3, #2
100055fe:	0841      	lsrs	r1, r0, #1
10005600:	18eb      	adds	r3, r5, r3
10005602:	00c9      	lsls	r1, r1, #3
10005604:	18c9      	adds	r1, r1, r3
10005606:	601a      	str	r2, [r3, #0]
10005608:	605a      	str	r2, [r3, #4]
1000560a:	3308      	adds	r3, #8
1000560c:	4299      	cmp	r1, r3
1000560e:	d1fa      	bne.n	10005606 <runtime_init_install_ram_vector_table+0x4e>
10005610:	2301      	movs	r3, #1
10005612:	4203      	tst	r3, r0
10005614:	d01c      	beq.n	10005650 <runtime_init_install_ram_vector_table+0x98>
10005616:	4398      	bics	r0, r3
10005618:	19c6      	adds	r6, r0, r7
1000561a:	00b3      	lsls	r3, r6, #2
1000561c:	50ea      	str	r2, [r5, r3]
1000561e:	1c73      	adds	r3, r6, #1
10005620:	2e2f      	cmp	r6, #47	@ 0x2f
10005622:	d015      	beq.n	10005650 <runtime_init_install_ram_vector_table+0x98>
10005624:	009b      	lsls	r3, r3, #2
10005626:	50ea      	str	r2, [r5, r3]
10005628:	1cb3      	adds	r3, r6, #2
1000562a:	2e2e      	cmp	r6, #46	@ 0x2e
1000562c:	d010      	beq.n	10005650 <runtime_init_install_ram_vector_table+0x98>
1000562e:	009b      	lsls	r3, r3, #2
10005630:	50ea      	str	r2, [r5, r3]
10005632:	1cf3      	adds	r3, r6, #3
10005634:	2e2d      	cmp	r6, #45	@ 0x2d
10005636:	d00b      	beq.n	10005650 <runtime_init_install_ram_vector_table+0x98>
10005638:	009b      	lsls	r3, r3, #2
1000563a:	50ea      	str	r2, [r5, r3]
1000563c:	1d33      	adds	r3, r6, #4
1000563e:	2e2c      	cmp	r6, #44	@ 0x2c
10005640:	d006      	beq.n	10005650 <runtime_init_install_ram_vector_table+0x98>
10005642:	009b      	lsls	r3, r3, #2
10005644:	50ea      	str	r2, [r5, r3]
10005646:	1d73      	adds	r3, r6, #5
10005648:	2e2b      	cmp	r6, #43	@ 0x2b
1000564a:	d001      	beq.n	10005650 <runtime_init_install_ram_vector_table+0x98>
1000564c:	009b      	lsls	r3, r3, #2
1000564e:	50ea      	str	r2, [r5, r3]
10005650:	4b05      	ldr	r3, [pc, #20]	@ (10005668 <runtime_init_install_ram_vector_table+0xb0>)
10005652:	609d      	str	r5, [r3, #8]
10005654:	bdf8      	pop	{r3, r4, r5, r6, r7, pc}
10005656:	46c0      	nop			@ (mov r8, r8)
10005658:	10000100 	.word	0x10000100
1000565c:	100001c0 	.word	0x100001c0
10005660:	20000000 	.word	0x20000000
10005664:	100001c1 	.word	0x100001c1
10005668:	e000ed00 	.word	0xe000ed00

1000566c <runtime_init_clocks>:
1000566c:	2300      	movs	r3, #0
1000566e:	b510      	push	{r4, lr}
10005670:	4c29      	ldr	r4, [pc, #164]	@ (10005718 <runtime_init_clocks+0xac>)
10005672:	b082      	sub	sp, #8
10005674:	67a3      	str	r3, [r4, #120]	@ 0x78
10005676:	f7ff ff2d 	bl	100054d4 <xosc_init>
1000567a:	2201      	movs	r2, #1
1000567c:	4b27      	ldr	r3, [pc, #156]	@ (1000571c <runtime_init_clocks+0xb0>)
1000567e:	601a      	str	r2, [r3, #0]
10005680:	6c63      	ldr	r3, [r4, #68]	@ 0x44
10005682:	2b01      	cmp	r3, #1
10005684:	d1fc      	bne.n	10005680 <runtime_init_clocks+0x14>
10005686:	2203      	movs	r2, #3
10005688:	4b25      	ldr	r3, [pc, #148]	@ (10005720 <runtime_init_clocks+0xb4>)
1000568a:	601a      	str	r2, [r3, #0]
1000568c:	4a22      	ldr	r2, [pc, #136]	@ (10005718 <runtime_init_clocks+0xac>)
1000568e:	6b93      	ldr	r3, [r2, #56]	@ 0x38
10005690:	2b01      	cmp	r3, #1
10005692:	d1fc      	bne.n	1000568e <runtime_init_clocks+0x22>
10005694:	3301      	adds	r3, #1
10005696:	9300      	str	r3, [sp, #0]
10005698:	2101      	movs	r1, #1
1000569a:	4a22      	ldr	r2, [pc, #136]	@ (10005724 <runtime_init_clocks+0xb8>)
1000569c:	4822      	ldr	r0, [pc, #136]	@ (10005728 <runtime_init_clocks+0xbc>)
1000569e:	3304      	adds	r3, #4
100056a0:	f7ff fe8c 	bl	100053bc <pll_init>
100056a4:	2305      	movs	r3, #5
100056a6:	2101      	movs	r1, #1
100056a8:	9300      	str	r3, [sp, #0]
100056aa:	4a20      	ldr	r2, [pc, #128]	@ (1000572c <runtime_init_clocks+0xc0>)
100056ac:	4820      	ldr	r0, [pc, #128]	@ (10005730 <runtime_init_clocks+0xc4>)
100056ae:	f7ff fe85 	bl	100053bc <pll_init>
100056b2:	2200      	movs	r2, #0
100056b4:	2102      	movs	r1, #2
100056b6:	2004      	movs	r0, #4
100056b8:	4b1e      	ldr	r3, [pc, #120]	@ (10005734 <runtime_init_clocks+0xc8>)
100056ba:	f7ff fe05 	bl	100052c8 <clock_configure_undivided>
100056be:	2200      	movs	r2, #0
100056c0:	2101      	movs	r1, #1
100056c2:	2005      	movs	r0, #5
100056c4:	4b1c      	ldr	r3, [pc, #112]	@ (10005738 <runtime_init_clocks+0xcc>)
100056c6:	f7ff fdff 	bl	100052c8 <clock_configure_undivided>
100056ca:	2200      	movs	r2, #0
100056cc:	2100      	movs	r1, #0
100056ce:	2007      	movs	r0, #7
100056d0:	4b1a      	ldr	r3, [pc, #104]	@ (1000573c <runtime_init_clocks+0xd0>)
100056d2:	f7ff fdf9 	bl	100052c8 <clock_configure_undivided>
100056d6:	2200      	movs	r2, #0
100056d8:	2100      	movs	r1, #0
100056da:	2008      	movs	r0, #8
100056dc:	4b17      	ldr	r3, [pc, #92]	@ (1000573c <runtime_init_clocks+0xd0>)
100056de:	f7ff fdf3 	bl	100052c8 <clock_configure_undivided>
100056e2:	2380      	movs	r3, #128	@ 0x80
100056e4:	00db      	lsls	r3, r3, #3
100056e6:	9300      	str	r3, [sp, #0]
100056e8:	2200      	movs	r2, #0
100056ea:	2100      	movs	r1, #0
100056ec:	2009      	movs	r0, #9
100056ee:	4b13      	ldr	r3, [pc, #76]	@ (1000573c <runtime_init_clocks+0xd0>)
100056f0:	f7ff fd70 	bl	100051d4 <clock_configure_int_divider>
100056f4:	2200      	movs	r2, #0
100056f6:	4b10      	ldr	r3, [pc, #64]	@ (10005738 <runtime_init_clocks+0xcc>)
100056f8:	2100      	movs	r1, #0
100056fa:	2006      	movs	r0, #6
100056fc:	f7ff fde4 	bl	100052c8 <clock_configure_undivided>
10005700:	2004      	movs	r0, #4
10005702:	f7ff fe55 	bl	100053b0 <clock_get_hz>
10005706:	490e      	ldr	r1, [pc, #56]	@ (10005740 <runtime_init_clocks+0xd4>)
10005708:	f000 f84c 	bl	100057a4 <__wrap___aeabi_uidiv>
1000570c:	0001      	movs	r1, r0
1000570e:	2000      	movs	r0, #0
10005710:	f7ff fea6 	bl	10005460 <tick_start>
10005714:	b002      	add	sp, #8
10005716:	bd10      	pop	{r4, pc}
10005718:	40008000 	.word	0x40008000
1000571c:	4000b03c 	.word	0x4000b03c
10005720:	4000b030 	.word	0x4000b030
10005724:	59682f00 	.word	0x59682f00
10005728:	40028000 	.word	0x40028000
1000572c:	47868c00 	.word	0x47868c00
10005730:	4002c000 	.word	0x4002c000
10005734:	00b71b00 	.word	0x00b71b00
10005738:	07735940 	.word	0x07735940
1000573c:	02dc6c00 	.word	0x02dc6c00
10005740:	000f4240 	.word	0x000f4240

10005744 <__aeabi_bits_init>:
10005744:	4801      	ldr	r0, [pc, #4]	@ (1000574c <__aeabi_bits_init+0x8>)
10005746:	2104      	movs	r1, #4
10005748:	4b01      	ldr	r3, [pc, #4]	@ (10005750 <__aeabi_bits_init+0xc>)
1000574a:	4718      	bx	r3
1000574c:	20001020 	.word	0x20001020
10005750:	10005491 	.word	0x10005491

10005754 <__wrap___aeabi_idiv>:
10005754:	4a12      	ldr	r2, [pc, #72]	@ (100057a0 <divmod_s32s32_savestate+0x18>)
10005756:	6f93      	ldr	r3, [r2, #120]	@ 0x78
10005758:	089b      	lsrs	r3, r3, #2
1000575a:	d215      	bcs.n	10005788 <divmod_s32s32_savestate>

1000575c <divmod_s32s32_unsafe>:
1000575c:	6690      	str	r0, [r2, #104]	@ 0x68
1000575e:	66d1      	str	r1, [r2, #108]	@ 0x6c
10005760:	2900      	cmp	r1, #0
10005762:	d005      	beq.n	10005770 <divmod_s32s32_unsafe+0x14>
10005764:	e7ff      	b.n	10005766 <divmod_s32s32_unsafe+0xa>
10005766:	e7ff      	b.n	10005768 <divmod_s32s32_unsafe+0xc>
10005768:	e7ff      	b.n	1000576a <divmod_s32s32_unsafe+0xe>
1000576a:	6f51      	ldr	r1, [r2, #116]	@ 0x74
1000576c:	6f10      	ldr	r0, [r2, #112]	@ 0x70
1000576e:	4770      	bx	lr
10005770:	b504      	push	{r2, lr}
10005772:	2180      	movs	r1, #128	@ 0x80
10005774:	0609      	lsls	r1, r1, #24
10005776:	17c2      	asrs	r2, r0, #31
10005778:	4051      	eors	r1, r2
1000577a:	2800      	cmp	r0, #0
1000577c:	d000      	beq.n	10005780 <divmod_s32s32_unsafe+0x24>
1000577e:	43c8      	mvns	r0, r1
10005780:	f004 ff12 	bl	1000a5a8 <____aeabi_idiv0_veneer>
10005784:	2100      	movs	r1, #0
10005786:	bd04      	pop	{r2, pc}

10005788 <divmod_s32s32_savestate>:
10005788:	b5f0      	push	{r4, r5, r6, r7, lr}
1000578a:	6e14      	ldr	r4, [r2, #96]	@ 0x60
1000578c:	6e55      	ldr	r5, [r2, #100]	@ 0x64
1000578e:	6f57      	ldr	r7, [r2, #116]	@ 0x74
10005790:	6f16      	ldr	r6, [r2, #112]	@ 0x70
10005792:	f7ff ffe3 	bl	1000575c <divmod_s32s32_unsafe>
10005796:	6614      	str	r4, [r2, #96]	@ 0x60
10005798:	6655      	str	r5, [r2, #100]	@ 0x64
1000579a:	6757      	str	r7, [r2, #116]	@ 0x74
1000579c:	6716      	str	r6, [r2, #112]	@ 0x70
1000579e:	bdf0      	pop	{r4, r5, r6, r7, pc}
100057a0:	d0000000 	.word	0xd0000000

100057a4 <__wrap___aeabi_uidiv>:
100057a4:	4a11      	ldr	r2, [pc, #68]	@ (100057ec <divmod_u32u32_savestate+0x18>)
100057a6:	6f93      	ldr	r3, [r2, #120]	@ 0x78
100057a8:	089b      	lsrs	r3, r3, #2
100057aa:	d213      	bcs.n	100057d4 <divmod_u32u32_savestate>

100057ac <divmod_u32u32_unsafe>:
100057ac:	6610      	str	r0, [r2, #96]	@ 0x60
100057ae:	6651      	str	r1, [r2, #100]	@ 0x64
100057b0:	2900      	cmp	r1, #0
100057b2:	d005      	beq.n	100057c0 <divmod_u32u32_unsafe+0x14>
100057b4:	e7ff      	b.n	100057b6 <divmod_u32u32_unsafe+0xa>
100057b6:	e7ff      	b.n	100057b8 <divmod_u32u32_unsafe+0xc>
100057b8:	e7ff      	b.n	100057ba <divmod_u32u32_unsafe+0xe>
100057ba:	6f51      	ldr	r1, [r2, #116]	@ 0x74
100057bc:	6f10      	ldr	r0, [r2, #112]	@ 0x70
100057be:	4770      	bx	lr
100057c0:	b504      	push	{r2, lr}
100057c2:	2800      	cmp	r0, #0
100057c4:	d001      	beq.n	100057ca <divmod_u32u32_unsafe+0x1e>
100057c6:	2000      	movs	r0, #0
100057c8:	43c0      	mvns	r0, r0
100057ca:	f004 feed 	bl	1000a5a8 <____aeabi_idiv0_veneer>
100057ce:	2100      	movs	r1, #0
100057d0:	bd04      	pop	{r2, pc}
100057d2:	46c0      	nop			@ (mov r8, r8)

100057d4 <divmod_u32u32_savestate>:
100057d4:	b5f0      	push	{r4, r5, r6, r7, lr}
100057d6:	6e14      	ldr	r4, [r2, #96]	@ 0x60
100057d8:	6e55      	ldr	r5, [r2, #100]	@ 0x64
100057da:	6f57      	ldr	r7, [r2, #116]	@ 0x74
100057dc:	6f16      	ldr	r6, [r2, #112]	@ 0x70
100057de:	f7ff ffe5 	bl	100057ac <divmod_u32u32_unsafe>
100057e2:	6614      	str	r4, [r2, #96]	@ 0x60
100057e4:	6655      	str	r5, [r2, #100]	@ 0x64
100057e6:	6757      	str	r7, [r2, #116]	@ 0x74
100057e8:	6716      	str	r6, [r2, #112]	@ 0x70
100057ea:	bdf0      	pop	{r4, r5, r6, r7, pc}
100057ec:	d0000000 	.word	0xd0000000

100057f0 <__wrap___aeabi_ldivmod>:
100057f0:	4694      	mov	ip, r2
100057f2:	4a4a      	ldr	r2, [pc, #296]	@ (1000591c <udiv0+0x1a>)
100057f4:	6f92      	ldr	r2, [r2, #120]	@ 0x78
100057f6:	0892      	lsrs	r2, r2, #2
100057f8:	4662      	mov	r2, ip
100057fa:	d201      	bcs.n	10005800 <divmod_s64s64_savestate>
100057fc:	e028      	b.n	10005850 <divmod_s64s64_unsafe>
100057fe:	46c0      	nop			@ (mov r8, r8)

10005800 <divmod_s64s64_savestate>:
10005800:	b5f0      	push	{r4, r5, r6, r7, lr}
10005802:	4e46      	ldr	r6, [pc, #280]	@ (1000591c <udiv0+0x1a>)
10005804:	6e34      	ldr	r4, [r6, #96]	@ 0x60
10005806:	6e75      	ldr	r5, [r6, #100]	@ 0x64
10005808:	6f77      	ldr	r7, [r6, #116]	@ 0x74
1000580a:	6f36      	ldr	r6, [r6, #112]	@ 0x70
1000580c:	f000 f820 	bl	10005850 <divmod_s64s64_unsafe>
10005810:	4694      	mov	ip, r2
10005812:	4a42      	ldr	r2, [pc, #264]	@ (1000591c <udiv0+0x1a>)
10005814:	6614      	str	r4, [r2, #96]	@ 0x60
10005816:	6655      	str	r5, [r2, #100]	@ 0x64
10005818:	6757      	str	r7, [r2, #116]	@ 0x74
1000581a:	6716      	str	r6, [r2, #112]	@ 0x70
1000581c:	4662      	mov	r2, ip
1000581e:	bdf0      	pop	{r4, r5, r6, r7, pc}

10005820 <__wrap___aeabi_uldivmod>:
10005820:	4694      	mov	ip, r2
10005822:	4a3e      	ldr	r2, [pc, #248]	@ (1000591c <udiv0+0x1a>)
10005824:	6f92      	ldr	r2, [r2, #120]	@ 0x78
10005826:	0892      	lsrs	r2, r2, #2
10005828:	4662      	mov	r2, ip
1000582a:	d201      	bcs.n	10005830 <divmod_u64u64_savestate>
1000582c:	e054      	b.n	100058d8 <divmod_u64u64_unsafe>
1000582e:	46c0      	nop			@ (mov r8, r8)

10005830 <divmod_u64u64_savestate>:
10005830:	b5f0      	push	{r4, r5, r6, r7, lr}
10005832:	4e3a      	ldr	r6, [pc, #232]	@ (1000591c <udiv0+0x1a>)
10005834:	6e34      	ldr	r4, [r6, #96]	@ 0x60
10005836:	6e75      	ldr	r5, [r6, #100]	@ 0x64
10005838:	6f77      	ldr	r7, [r6, #116]	@ 0x74
1000583a:	6f36      	ldr	r6, [r6, #112]	@ 0x70
1000583c:	f000 f84c 	bl	100058d8 <divmod_u64u64_unsafe>
10005840:	4694      	mov	ip, r2
10005842:	4a36      	ldr	r2, [pc, #216]	@ (1000591c <udiv0+0x1a>)
10005844:	6614      	str	r4, [r2, #96]	@ 0x60
10005846:	6655      	str	r5, [r2, #100]	@ 0x64
10005848:	6757      	str	r7, [r2, #116]	@ 0x74
1000584a:	6716      	str	r6, [r2, #112]	@ 0x70
1000584c:	4662      	mov	r2, ip
1000584e:	bdf0      	pop	{r4, r5, r6, r7, pc}

10005850 <divmod_s64s64_unsafe>:
10005850:	2b00      	cmp	r3, #0
10005852:	db24      	blt.n	1000589e <l42_1+0x26>
10005854:	d011      	beq.n	1000587a <l42_1+0x2>
10005856:	2900      	cmp	r1, #0
10005858:	da3e      	bge.n	100058d8 <divmod_u64u64_unsafe>
1000585a:	b500      	push	{lr}
1000585c:	43c9      	mvns	r1, r1
1000585e:	4240      	negs	r0, r0
10005860:	d100      	bne.n	10005864 <l40_1>
10005862:	3101      	adds	r1, #1

10005864 <l40_1>:
10005864:	f000 f838 	bl	100058d8 <divmod_u64u64_unsafe>
10005868:	43c9      	mvns	r1, r1
1000586a:	4240      	negs	r0, r0
1000586c:	d100      	bne.n	10005870 <l41_1>
1000586e:	3101      	adds	r1, #1

10005870 <l41_1>:
10005870:	43db      	mvns	r3, r3
10005872:	4252      	negs	r2, r2
10005874:	d100      	bne.n	10005878 <l42_1>
10005876:	3301      	adds	r3, #1

10005878 <l42_1>:
10005878:	bd00      	pop	{pc}
1000587a:	2a00      	cmp	r2, #0
1000587c:	d1eb      	bne.n	10005856 <divmod_s64s64_unsafe+0x6>
1000587e:	2800      	cmp	r0, #0
10005880:	d101      	bne.n	10005886 <l42_1+0xe>
10005882:	2900      	cmp	r1, #0
10005884:	d005      	beq.n	10005892 <l42_1+0x1a>
10005886:	2000      	movs	r0, #0
10005888:	0fc9      	lsrs	r1, r1, #31
1000588a:	07c9      	lsls	r1, r1, #31
1000588c:	d101      	bne.n	10005892 <l42_1+0x1a>
1000588e:	43c0      	mvns	r0, r0
10005890:	0841      	lsrs	r1, r0, #1
10005892:	b500      	push	{lr}
10005894:	f004 fe78 	bl	1000a588 <____aeabi_ldiv0_veneer>
10005898:	2200      	movs	r2, #0
1000589a:	2300      	movs	r3, #0
1000589c:	bd00      	pop	{pc}
1000589e:	b500      	push	{lr}
100058a0:	2900      	cmp	r1, #0
100058a2:	db0a      	blt.n	100058ba <l44_1+0x2>
100058a4:	43db      	mvns	r3, r3
100058a6:	4252      	negs	r2, r2
100058a8:	d100      	bne.n	100058ac <l43_1>
100058aa:	3301      	adds	r3, #1

100058ac <l43_1>:
100058ac:	f000 f814 	bl	100058d8 <divmod_u64u64_unsafe>
100058b0:	43c9      	mvns	r1, r1
100058b2:	4240      	negs	r0, r0
100058b4:	d100      	bne.n	100058b8 <l44_1>
100058b6:	3101      	adds	r1, #1

100058b8 <l44_1>:
100058b8:	bd00      	pop	{pc}
100058ba:	43c9      	mvns	r1, r1
100058bc:	4240      	negs	r0, r0
100058be:	d100      	bne.n	100058c2 <l45_1>
100058c0:	3101      	adds	r1, #1

100058c2 <l45_1>:
100058c2:	43db      	mvns	r3, r3
100058c4:	4252      	negs	r2, r2
100058c6:	d100      	bne.n	100058ca <l46_1>
100058c8:	3301      	adds	r3, #1

100058ca <l46_1>:
100058ca:	f000 f805 	bl	100058d8 <divmod_u64u64_unsafe>
100058ce:	43db      	mvns	r3, r3
100058d0:	4252      	negs	r2, r2
100058d2:	d100      	bne.n	100058d6 <l47_1>
100058d4:	3301      	adds	r3, #1

100058d6 <l47_1>:
100058d6:	bd00      	pop	{pc}

100058d8 <divmod_u64u64_unsafe>:
100058d8:	2900      	cmp	r1, #0
100058da:	d123      	bne.n	10005924 <y64>
100058dc:	2b00      	cmp	r3, #0
100058de:	d118      	bne.n	10005912 <udiv0+0x10>
100058e0:	2a00      	cmp	r2, #0
100058e2:	d00c      	beq.n	100058fe <divmod_u64u64_unsafe+0x26>
100058e4:	46bc      	mov	ip, r7
100058e6:	4f0d      	ldr	r7, [pc, #52]	@ (1000591c <udiv0+0x1a>)
100058e8:	6638      	str	r0, [r7, #96]	@ 0x60
100058ea:	667a      	str	r2, [r7, #100]	@ 0x64
100058ec:	2100      	movs	r1, #0
100058ee:	2300      	movs	r3, #0
100058f0:	e7ff      	b.n	100058f2 <divmod_u64u64_unsafe+0x1a>
100058f2:	e7ff      	b.n	100058f4 <divmod_u64u64_unsafe+0x1c>
100058f4:	e7ff      	b.n	100058f6 <divmod_u64u64_unsafe+0x1e>
100058f6:	6f7a      	ldr	r2, [r7, #116]	@ 0x74
100058f8:	6f38      	ldr	r0, [r7, #112]	@ 0x70
100058fa:	4667      	mov	r7, ip
100058fc:	4770      	bx	lr
100058fe:	2800      	cmp	r0, #0
10005900:	d001      	beq.n	10005906 <udiv0+0x4>

10005902 <udiv0>:
10005902:	4807      	ldr	r0, [pc, #28]	@ (10005920 <udiv0+0x1e>)
10005904:	0001      	movs	r1, r0
10005906:	b500      	push	{lr}
10005908:	f004 fe3e 	bl	1000a588 <____aeabi_ldiv0_veneer>
1000590c:	2200      	movs	r2, #0
1000590e:	2300      	movs	r3, #0
10005910:	bd00      	pop	{pc}
10005912:	0002      	movs	r2, r0
10005914:	000b      	movs	r3, r1
10005916:	2000      	movs	r0, #0
10005918:	2100      	movs	r1, #0
1000591a:	4770      	bx	lr
1000591c:	d0000000 	.word	0xd0000000
10005920:	ffffffff 	.word	0xffffffff

10005924 <y64>:
10005924:	2b00      	cmp	r3, #0
10005926:	d000      	beq.n	1000592a <y64+0x6>
10005928:	e0bf      	b.n	10005aaa <y64_x48>
1000592a:	0c13      	lsrs	r3, r2, #16
1000592c:	d128      	bne.n	10005980 <y64_x32>
1000592e:	2a00      	cmp	r2, #0
10005930:	d0e7      	beq.n	10005902 <udiv0>
10005932:	b480      	push	{r7}
10005934:	4f11      	ldr	r7, [pc, #68]	@ (1000597c <y64+0x58>)
10005936:	6639      	str	r1, [r7, #96]	@ 0x60
10005938:	667a      	str	r2, [r7, #100]	@ 0x64
1000593a:	e7ff      	b.n	1000593c <y64+0x18>
1000593c:	e7ff      	b.n	1000593e <y64+0x1a>
1000593e:	b430      	push	{r4, r5}
10005940:	0c04      	lsrs	r4, r0, #16
10005942:	6f7b      	ldr	r3, [r7, #116]	@ 0x74
10005944:	6f39      	ldr	r1, [r7, #112]	@ 0x70
10005946:	041b      	lsls	r3, r3, #16
10005948:	4323      	orrs	r3, r4
1000594a:	663b      	str	r3, [r7, #96]	@ 0x60
1000594c:	667a      	str	r2, [r7, #100]	@ 0x64
1000594e:	e7ff      	b.n	10005950 <y64+0x2c>
10005950:	e7ff      	b.n	10005952 <y64+0x2e>
10005952:	e7ff      	b.n	10005954 <y64+0x30>
10005954:	46c0      	nop			@ (mov r8, r8)
10005956:	b284      	uxth	r4, r0
10005958:	6f7b      	ldr	r3, [r7, #116]	@ 0x74
1000595a:	6f3d      	ldr	r5, [r7, #112]	@ 0x70
1000595c:	041b      	lsls	r3, r3, #16
1000595e:	4323      	orrs	r3, r4
10005960:	663b      	str	r3, [r7, #96]	@ 0x60
10005962:	667a      	str	r2, [r7, #100]	@ 0x64
10005964:	e7ff      	b.n	10005966 <y64+0x42>
10005966:	e7ff      	b.n	10005968 <y64+0x44>
10005968:	46c0      	nop			@ (mov r8, r8)
1000596a:	2300      	movs	r3, #0
1000596c:	042c      	lsls	r4, r5, #16
1000596e:	0c2d      	lsrs	r5, r5, #16
10005970:	6f7a      	ldr	r2, [r7, #116]	@ 0x74
10005972:	6f38      	ldr	r0, [r7, #112]	@ 0x70
10005974:	1900      	adds	r0, r0, r4
10005976:	4169      	adcs	r1, r5
10005978:	bcb0      	pop	{r4, r5, r7}
1000597a:	4770      	bx	lr
1000597c:	d0000000 	.word	0xd0000000

10005980 <y64_x32>:
10005980:	b5f0      	push	{r4, r5, r6, r7, lr}
10005982:	4694      	mov	ip, r2
10005984:	2500      	movs	r5, #0
10005986:	0e14      	lsrs	r4, r2, #24
10005988:	d101      	bne.n	1000598e <y64_x32+0xe>
1000598a:	0212      	lsls	r2, r2, #8
1000598c:	3508      	adds	r5, #8
1000598e:	0f14      	lsrs	r4, r2, #28
10005990:	d101      	bne.n	10005996 <y64_x32+0x16>
10005992:	0112      	lsls	r2, r2, #4
10005994:	3504      	adds	r5, #4
10005996:	0f94      	lsrs	r4, r2, #30
10005998:	d101      	bne.n	1000599e <y64_x32+0x1e>
1000599a:	0092      	lsls	r2, r2, #2
1000599c:	3502      	adds	r5, #2
1000599e:	0fd4      	lsrs	r4, r2, #31
100059a0:	d101      	bne.n	100059a6 <y64_x32+0x26>
100059a2:	0052      	lsls	r2, r2, #1
100059a4:	3501      	adds	r5, #1
100059a6:	0bd4      	lsrs	r4, r2, #15
100059a8:	3401      	adds	r4, #1
100059aa:	4f25      	ldr	r7, [pc, #148]	@ (10005a40 <y64_x32+0xc0>)
100059ac:	667c      	str	r4, [r7, #100]	@ 0x64
100059ae:	4c25      	ldr	r4, [pc, #148]	@ (10005a44 <y64_x32+0xc4>)
100059b0:	663c      	str	r4, [r7, #96]	@ 0x60
100059b2:	0c0e      	lsrs	r6, r1, #16
100059b4:	b293      	uxth	r3, r2
100059b6:	e7ff      	b.n	100059b8 <y64_x32+0x38>
100059b8:	e7ff      	b.n	100059ba <y64_x32+0x3a>
100059ba:	e7ff      	b.n	100059bc <y64_x32+0x3c>
100059bc:	6f3c      	ldr	r4, [r7, #112]	@ 0x70
100059be:	4366      	muls	r6, r4
100059c0:	0c36      	lsrs	r6, r6, #16
100059c2:	0377      	lsls	r7, r6, #13
100059c4:	46be      	mov	lr, r7
100059c6:	4373      	muls	r3, r6
100059c8:	0bdf      	lsrs	r7, r3, #15
100059ca:	045b      	lsls	r3, r3, #17
100059cc:	1ac0      	subs	r0, r0, r3
100059ce:	41b9      	sbcs	r1, r7
100059d0:	0c13      	lsrs	r3, r2, #16
100059d2:	4373      	muls	r3, r6
100059d4:	18db      	adds	r3, r3, r3
100059d6:	1ac9      	subs	r1, r1, r3
100059d8:	08ce      	lsrs	r6, r1, #3
100059da:	4366      	muls	r6, r4
100059dc:	0c36      	lsrs	r6, r6, #16
100059de:	44b6      	add	lr, r6
100059e0:	b293      	uxth	r3, r2
100059e2:	4373      	muls	r3, r6
100059e4:	0f1f      	lsrs	r7, r3, #28
100059e6:	011b      	lsls	r3, r3, #4
100059e8:	1ac0      	subs	r0, r0, r3
100059ea:	41b9      	sbcs	r1, r7
100059ec:	0c13      	lsrs	r3, r2, #16
100059ee:	4373      	muls	r3, r6
100059f0:	0b1f      	lsrs	r7, r3, #12
100059f2:	051b      	lsls	r3, r3, #20
100059f4:	1ac0      	subs	r0, r0, r3
100059f6:	41b9      	sbcs	r1, r7
100059f8:	0d86      	lsrs	r6, r0, #22
100059fa:	028f      	lsls	r7, r1, #10
100059fc:	433e      	orrs	r6, r7
100059fe:	4366      	muls	r6, r4
10005a00:	0c36      	lsrs	r6, r6, #16
10005a02:	2d09      	cmp	r5, #9
10005a04:	db24      	blt.n	10005a50 <last0>
10005a06:	0a52      	lsrs	r2, r2, #9
10005a08:	4372      	muls	r2, r6
10005a0a:	1a80      	subs	r0, r0, r2
10005a0c:	0377      	lsls	r7, r6, #13
10005a0e:	0a46      	lsrs	r6, r0, #9
10005a10:	4366      	muls	r6, r4
10005a12:	0c36      	lsrs	r6, r6, #16
10005a14:	2316      	movs	r3, #22
10005a16:	1b5b      	subs	r3, r3, r5
10005a18:	40de      	lsrs	r6, r3
10005a1a:	40df      	lsrs	r7, r3
10005a1c:	19bf      	adds	r7, r7, r6
10005a1e:	4664      	mov	r4, ip
10005a20:	4366      	muls	r6, r4
10005a22:	1b82      	subs	r2, r0, r6
10005a24:	4670      	mov	r0, lr
10005a26:	3504      	adds	r5, #4
10005a28:	3306      	adds	r3, #6
10005a2a:	0001      	movs	r1, r0
10005a2c:	40d9      	lsrs	r1, r3
10005a2e:	40a8      	lsls	r0, r5
10005a30:	19c0      	adds	r0, r0, r7
10005a32:	d300      	bcc.n	10005a36 <y64_x32+0xb6>
10005a34:	3101      	adds	r1, #1
10005a36:	42a2      	cmp	r2, r4
10005a38:	d206      	bcs.n	10005a48 <y64_x32+0xc8>
10005a3a:	2300      	movs	r3, #0
10005a3c:	bdf0      	pop	{r4, r5, r6, r7, pc}
10005a3e:	0000      	.short	0x0000
10005a40:	d0000000 	.word	0xd0000000
10005a44:	ffffffff 	.word	0xffffffff
10005a48:	1b12      	subs	r2, r2, r4
10005a4a:	3001      	adds	r0, #1
10005a4c:	d3f3      	bcc.n	10005a36 <y64_x32+0xb6>
10005a4e:	e7f1      	b.n	10005a34 <y64_x32+0xb4>

10005a50 <last0>:
10005a50:	2709      	movs	r7, #9
10005a52:	1b7f      	subs	r7, r7, r5
10005a54:	40fe      	lsrs	r6, r7
10005a56:	4664      	mov	r4, ip
10005a58:	b2a2      	uxth	r2, r4
10005a5a:	4372      	muls	r2, r6
10005a5c:	1a80      	subs	r0, r0, r2
10005a5e:	d200      	bcs.n	10005a62 <last0+0x12>
10005a60:	3901      	subs	r1, #1
10005a62:	0c22      	lsrs	r2, r4, #16
10005a64:	4372      	muls	r2, r6
10005a66:	0c13      	lsrs	r3, r2, #16
10005a68:	0412      	lsls	r2, r2, #16
10005a6a:	1a82      	subs	r2, r0, r2
10005a6c:	4199      	sbcs	r1, r3
10005a6e:	000b      	movs	r3, r1
10005a70:	4670      	mov	r0, lr
10005a72:	3504      	adds	r5, #4
10005a74:	3713      	adds	r7, #19
10005a76:	0001      	movs	r1, r0
10005a78:	40f9      	lsrs	r1, r7
10005a7a:	40a8      	lsls	r0, r5
10005a7c:	1980      	adds	r0, r0, r6
10005a7e:	d300      	bcc.n	10005a82 <last0+0x32>
10005a80:	3101      	adds	r1, #1
10005a82:	2b00      	cmp	r3, #0
10005a84:	d102      	bne.n	10005a8c <last0+0x3c>
10005a86:	42a2      	cmp	r2, r4
10005a88:	d20a      	bcs.n	10005aa0 <last0+0x50>
10005a8a:	bdf0      	pop	{r4, r5, r6, r7, pc}
10005a8c:	3001      	adds	r0, #1
10005a8e:	d300      	bcc.n	10005a92 <last0+0x42>
10005a90:	3101      	adds	r1, #1
10005a92:	1b12      	subs	r2, r2, r4
10005a94:	d2fa      	bcs.n	10005a8c <last0+0x3c>
10005a96:	3b01      	subs	r3, #1
10005a98:	d1f8      	bne.n	10005a8c <last0+0x3c>
10005a9a:	42a2      	cmp	r2, r4
10005a9c:	d200      	bcs.n	10005aa0 <last0+0x50>
10005a9e:	bdf0      	pop	{r4, r5, r6, r7, pc}
10005aa0:	3001      	adds	r0, #1
10005aa2:	d300      	bcc.n	10005aa6 <last0+0x56>
10005aa4:	3101      	adds	r1, #1
10005aa6:	1b12      	subs	r2, r2, r4
10005aa8:	e7f7      	b.n	10005a9a <last0+0x4a>

10005aaa <y64_x48>:
10005aaa:	b5f0      	push	{r4, r5, r6, r7, lr}
10005aac:	0c1c      	lsrs	r4, r3, #16
10005aae:	d000      	beq.n	10005ab2 <y64_x48+0x8>
10005ab0:	e080      	b.n	10005bb4 <y64_x64>
10005ab2:	b40c      	push	{r2, r3}
10005ab4:	2500      	movs	r5, #0
10005ab6:	0a1c      	lsrs	r4, r3, #8
10005ab8:	d104      	bne.n	10005ac4 <y64_x48+0x1a>
10005aba:	021b      	lsls	r3, r3, #8
10005abc:	0e16      	lsrs	r6, r2, #24
10005abe:	4333      	orrs	r3, r6
10005ac0:	0212      	lsls	r2, r2, #8
10005ac2:	3508      	adds	r5, #8
10005ac4:	0b1c      	lsrs	r4, r3, #12
10005ac6:	d104      	bne.n	10005ad2 <y64_x48+0x28>
10005ac8:	011b      	lsls	r3, r3, #4
10005aca:	0f16      	lsrs	r6, r2, #28
10005acc:	4333      	orrs	r3, r6
10005ace:	0112      	lsls	r2, r2, #4
10005ad0:	3504      	adds	r5, #4
10005ad2:	0b9c      	lsrs	r4, r3, #14
10005ad4:	d104      	bne.n	10005ae0 <y64_x48+0x36>
10005ad6:	009b      	lsls	r3, r3, #2
10005ad8:	0f96      	lsrs	r6, r2, #30
10005ada:	4333      	orrs	r3, r6
10005adc:	0092      	lsls	r2, r2, #2
10005ade:	3502      	adds	r5, #2
10005ae0:	0bdc      	lsrs	r4, r3, #15
10005ae2:	d102      	bne.n	10005aea <y64_x48+0x40>
10005ae4:	1892      	adds	r2, r2, r2
10005ae6:	415b      	adcs	r3, r3
10005ae8:	3501      	adds	r5, #1
10005aea:	001c      	movs	r4, r3
10005aec:	1897      	adds	r7, r2, r2
10005aee:	4164      	adcs	r4, r4
10005af0:	3401      	adds	r4, #1
10005af2:	4f46      	ldr	r7, [pc, #280]	@ (10005c0c <y64_x64+0x58>)
10005af4:	667c      	str	r4, [r7, #100]	@ 0x64
10005af6:	4c46      	ldr	r4, [pc, #280]	@ (10005c10 <y64_x64+0x5c>)
10005af8:	663c      	str	r4, [r7, #96]	@ 0x60
10005afa:	0c0e      	lsrs	r6, r1, #16
10005afc:	e7ff      	b.n	10005afe <y64_x48+0x54>
10005afe:	e7ff      	b.n	10005b00 <y64_x48+0x56>
10005b00:	e7ff      	b.n	10005b02 <y64_x48+0x58>
10005b02:	46c0      	nop			@ (mov r8, r8)
10005b04:	6f3c      	ldr	r4, [r7, #112]	@ 0x70
10005b06:	4366      	muls	r6, r4
10005b08:	0c36      	lsrs	r6, r6, #16
10005b0a:	0377      	lsls	r7, r6, #13
10005b0c:	46be      	mov	lr, r7
10005b0e:	b297      	uxth	r7, r2
10005b10:	4377      	muls	r7, r6
10005b12:	1bc0      	subs	r0, r0, r7
10005b14:	d200      	bcs.n	10005b18 <y64_x48+0x6e>
10005b16:	3901      	subs	r1, #1
10005b18:	1bc0      	subs	r0, r0, r7
10005b1a:	d200      	bcs.n	10005b1e <y64_x48+0x74>
10005b1c:	3901      	subs	r1, #1
10005b1e:	b29f      	uxth	r7, r3
10005b20:	4377      	muls	r7, r6
10005b22:	1bc9      	subs	r1, r1, r7
10005b24:	1bc9      	subs	r1, r1, r7
10005b26:	0c17      	lsrs	r7, r2, #16
10005b28:	4377      	muls	r7, r6
10005b2a:	047e      	lsls	r6, r7, #17
10005b2c:	0bff      	lsrs	r7, r7, #15
10005b2e:	1b80      	subs	r0, r0, r6
10005b30:	41b9      	sbcs	r1, r7
10005b32:	08ce      	lsrs	r6, r1, #3
10005b34:	4366      	muls	r6, r4
10005b36:	0c36      	lsrs	r6, r6, #16
10005b38:	2d0c      	cmp	r5, #12
10005b3a:	db33      	blt.n	10005ba4 <last1>
10005b3c:	44b6      	add	lr, r6
10005b3e:	0b12      	lsrs	r2, r2, #12
10005b40:	051f      	lsls	r7, r3, #20
10005b42:	433a      	orrs	r2, r7
10005b44:	0b1b      	lsrs	r3, r3, #12
10005b46:	b297      	uxth	r7, r2
10005b48:	4377      	muls	r7, r6
10005b4a:	1bc0      	subs	r0, r0, r7
10005b4c:	d200      	bcs.n	10005b50 <y64_x48+0xa6>
10005b4e:	3901      	subs	r1, #1
10005b50:	b29f      	uxth	r7, r3
10005b52:	4377      	muls	r7, r6
10005b54:	1bc9      	subs	r1, r1, r7
10005b56:	0c17      	lsrs	r7, r2, #16
10005b58:	4377      	muls	r7, r6
10005b5a:	043e      	lsls	r6, r7, #16
10005b5c:	0c3f      	lsrs	r7, r7, #16
10005b5e:	1b80      	subs	r0, r0, r6
10005b60:	41b9      	sbcs	r1, r7
10005b62:	0d86      	lsrs	r6, r0, #22
10005b64:	028f      	lsls	r7, r1, #10
10005b66:	433e      	orrs	r6, r7
10005b68:	4366      	muls	r6, r4
10005b6a:	2729      	movs	r7, #41	@ 0x29
10005b6c:	1b7f      	subs	r7, r7, r5
10005b6e:	40fe      	lsrs	r6, r7
10005b70:	3d0c      	subs	r5, #12
10005b72:	4677      	mov	r7, lr
10005b74:	40af      	lsls	r7, r5
10005b76:	19bf      	adds	r7, r7, r6
10005b78:	bc30      	pop	{r4, r5}
10005b7a:	b2a2      	uxth	r2, r4
10005b7c:	b2ab      	uxth	r3, r5
10005b7e:	4372      	muls	r2, r6
10005b80:	4373      	muls	r3, r6
10005b82:	1a80      	subs	r0, r0, r2
10005b84:	4199      	sbcs	r1, r3
10005b86:	0c22      	lsrs	r2, r4, #16
10005b88:	4372      	muls	r2, r6
10005b8a:	0c13      	lsrs	r3, r2, #16
10005b8c:	0412      	lsls	r2, r2, #16
10005b8e:	1a80      	subs	r0, r0, r2
10005b90:	4199      	sbcs	r1, r3
10005b92:	0002      	movs	r2, r0
10005b94:	000b      	movs	r3, r1
10005b96:	3701      	adds	r7, #1
10005b98:	1b00      	subs	r0, r0, r4
10005b9a:	41a9      	sbcs	r1, r5
10005b9c:	d2f9      	bcs.n	10005b92 <y64_x48+0xe8>
10005b9e:	1e78      	subs	r0, r7, #1
10005ba0:	2100      	movs	r1, #0
10005ba2:	bdf0      	pop	{r4, r5, r6, r7, pc}

10005ba4 <last1>:
10005ba4:	270c      	movs	r7, #12
10005ba6:	1b7f      	subs	r7, r7, r5
10005ba8:	40fe      	lsrs	r6, r7
10005baa:	4677      	mov	r7, lr
10005bac:	0b7f      	lsrs	r7, r7, #13
10005bae:	40af      	lsls	r7, r5
10005bb0:	19ff      	adds	r7, r7, r7
10005bb2:	e7e0      	b.n	10005b76 <y64_x48+0xcc>

10005bb4 <y64_x64>:
10005bb4:	2400      	movs	r4, #0
10005bb6:	1c5d      	adds	r5, r3, #1
10005bb8:	d007      	beq.n	10005bca <y64_x64+0x16>
10005bba:	4f14      	ldr	r7, [pc, #80]	@ (10005c0c <y64_x64+0x58>)
10005bbc:	667d      	str	r5, [r7, #100]	@ 0x64
10005bbe:	6639      	str	r1, [r7, #96]	@ 0x60
10005bc0:	e7ff      	b.n	10005bc2 <y64_x64+0xe>
10005bc2:	e7ff      	b.n	10005bc4 <y64_x64+0x10>
10005bc4:	e7ff      	b.n	10005bc6 <y64_x64+0x12>
10005bc6:	e7ff      	b.n	10005bc8 <y64_x64+0x14>
10005bc8:	6f3c      	ldr	r4, [r7, #112]	@ 0x70
10005bca:	b295      	uxth	r5, r2
10005bcc:	b29e      	uxth	r6, r3
10005bce:	4365      	muls	r5, r4
10005bd0:	4366      	muls	r6, r4
10005bd2:	1b40      	subs	r0, r0, r5
10005bd4:	41b1      	sbcs	r1, r6
10005bd6:	0c15      	lsrs	r5, r2, #16
10005bd8:	0c1e      	lsrs	r6, r3, #16
10005bda:	4365      	muls	r5, r4
10005bdc:	4366      	muls	r6, r4
10005bde:	0436      	lsls	r6, r6, #16
10005be0:	0c2f      	lsrs	r7, r5, #16
10005be2:	433e      	orrs	r6, r7
10005be4:	042d      	lsls	r5, r5, #16
10005be6:	1b40      	subs	r0, r0, r5
10005be8:	41b1      	sbcs	r1, r6
10005bea:	4299      	cmp	r1, r3
10005bec:	d204      	bcs.n	10005bf8 <y64_x64+0x44>
10005bee:	0002      	movs	r2, r0
10005bf0:	000b      	movs	r3, r1
10005bf2:	0020      	movs	r0, r4
10005bf4:	2100      	movs	r1, #0
10005bf6:	bdf0      	pop	{r4, r5, r6, r7, pc}
10005bf8:	d101      	bne.n	10005bfe <y64_x64+0x4a>
10005bfa:	4290      	cmp	r0, r2
10005bfc:	d3f7      	bcc.n	10005bee <y64_x64+0x3a>
10005bfe:	1a80      	subs	r0, r0, r2
10005c00:	4199      	sbcs	r1, r3
10005c02:	3401      	adds	r4, #1
10005c04:	4299      	cmp	r1, r3
10005c06:	d3f2      	bcc.n	10005bee <y64_x64+0x3a>
10005c08:	e7f6      	b.n	10005bf8 <y64_x64+0x44>
10005c0a:	0000      	.short	0x0000
10005c0c:	d0000000 	.word	0xd0000000
10005c10:	ffffffff 	.word	0xffffffff

10005c14 <__wrap___aeabi_drsub>:
10005c14:	4048      	eors	r0, r1
10005c16:	4041      	eors	r1, r0
10005c18:	4048      	eors	r0, r1

10005c1a <__wrap___aeabi_dsub>:
10005c1a:	b418      	push	{r3, r4}
10005c1c:	4b1b      	ldr	r3, [pc, #108]	@ (10005c8c <__wrap___aeabi_dmul+0x12>)
10005c1e:	685b      	ldr	r3, [r3, #4]
10005c20:	46fc      	mov	ip, pc
10005c22:	9301      	str	r3, [sp, #4]
10005c24:	bd08      	pop	{r3, pc}
10005c26:	df04      	.short	0xdf04
10005c28:	10005ebf 	.word	0x10005ebf

10005c2c <__wrap___aeabi_dadd>:
10005c2c:	b418      	push	{r3, r4}
10005c2e:	4b17      	ldr	r3, [pc, #92]	@ (10005c8c <__wrap___aeabi_dmul+0x12>)
10005c30:	681b      	ldr	r3, [r3, #0]
10005c32:	46fc      	mov	ip, pc
10005c34:	9301      	str	r3, [sp, #4]
10005c36:	bd08      	pop	{r3, pc}
10005c38:	5ec9df00 	.word	0x5ec9df00
10005c3c:	1000      	.short	0x1000

10005c3e <__wrap___aeabi_ddiv>:
10005c3e:	4694      	mov	ip, r2
10005c40:	4a13      	ldr	r2, [pc, #76]	@ (10005c90 <__wrap___aeabi_dmul+0x16>)
10005c42:	6f92      	ldr	r2, [r2, #120]	@ 0x78
10005c44:	0892      	lsrs	r2, r2, #2
10005c46:	d209      	bcs.n	10005c5c <ddiv_save_state>
10005c48:	4662      	mov	r2, ip

10005c4a <ddiv_shim_call>:
10005c4a:	b418      	push	{r3, r4}
10005c4c:	4b0f      	ldr	r3, [pc, #60]	@ (10005c8c <__wrap___aeabi_dmul+0x12>)
10005c4e:	68db      	ldr	r3, [r3, #12]
10005c50:	46fc      	mov	ip, pc
10005c52:	9301      	str	r3, [sp, #4]
10005c54:	bd08      	pop	{r3, pc}
10005c56:	df0c      	.short	0xdf0c
10005c58:	10006181 	.word	0x10006181

10005c5c <ddiv_save_state>:
10005c5c:	4a0c      	ldr	r2, [pc, #48]	@ (10005c90 <__wrap___aeabi_dmul+0x16>)
10005c5e:	b5f0      	push	{r4, r5, r6, r7, lr}
10005c60:	6e14      	ldr	r4, [r2, #96]	@ 0x60
10005c62:	6e55      	ldr	r5, [r2, #100]	@ 0x64
10005c64:	6f57      	ldr	r7, [r2, #116]	@ 0x74
10005c66:	6f16      	ldr	r6, [r2, #112]	@ 0x70
10005c68:	4662      	mov	r2, ip
10005c6a:	f7ff ffee 	bl	10005c4a <ddiv_shim_call>
10005c6e:	4a08      	ldr	r2, [pc, #32]	@ (10005c90 <__wrap___aeabi_dmul+0x16>)
10005c70:	6614      	str	r4, [r2, #96]	@ 0x60
10005c72:	6655      	str	r5, [r2, #100]	@ 0x64
10005c74:	6757      	str	r7, [r2, #116]	@ 0x74
10005c76:	6716      	str	r6, [r2, #112]	@ 0x70
10005c78:	bdf0      	pop	{r4, r5, r6, r7, pc}

10005c7a <__wrap___aeabi_dmul>:
10005c7a:	b418      	push	{r3, r4}
10005c7c:	4b03      	ldr	r3, [pc, #12]	@ (10005c8c <__wrap___aeabi_dmul+0x12>)
10005c7e:	689b      	ldr	r3, [r3, #8]
10005c80:	46fc      	mov	ip, pc
10005c82:	9301      	str	r3, [sp, #4]
10005c84:	bd08      	pop	{r3, pc}
10005c86:	df08      	.short	0xdf08
10005c88:	10006025 	.word	0x10006025
10005c8c:	20001200 	.word	0x20001200
10005c90:	d0000000 	.word	0xd0000000

10005c94 <__wrap___aeabi_cdrcmple>:
10005c94:	b5ff      	push	{r0, r1, r2, r3, r4, r5, r6, r7, lr}
10005c96:	4050      	eors	r0, r2
10005c98:	4042      	eors	r2, r0
10005c9a:	4050      	eors	r0, r2
10005c9c:	4059      	eors	r1, r3
10005c9e:	404b      	eors	r3, r1
10005ca0:	4059      	eors	r1, r3
10005ca2:	e000      	b.n	10005ca6 <__aeabi_dfcmple_guts>

10005ca4 <__wrap___aeabi_cdcmpeq>:
10005ca4:	b5ff      	push	{r0, r1, r2, r3, r4, r5, r6, r7, lr}

10005ca6 <__aeabi_dfcmple_guts>:
10005ca6:	4f15      	ldr	r7, [pc, #84]	@ (10005cfc <__aeabi_dfcmple_guts+0x56>)
10005ca8:	004c      	lsls	r4, r1, #1
10005caa:	0d64      	lsrs	r4, r4, #21
10005cac:	d003      	beq.n	10005cb6 <__aeabi_dfcmple_guts+0x10>
10005cae:	42bc      	cmp	r4, r7
10005cb0:	d104      	bne.n	10005cbc <__aeabi_dfcmple_guts+0x16>
10005cb2:	030c      	lsls	r4, r1, #12
10005cb4:	d814      	bhi.n	10005ce0 <__aeabi_dfcmple_guts+0x3a>
10005cb6:	2000      	movs	r0, #0
10005cb8:	0d09      	lsrs	r1, r1, #20
10005cba:	0509      	lsls	r1, r1, #20
10005cbc:	005c      	lsls	r4, r3, #1
10005cbe:	0d64      	lsrs	r4, r4, #21
10005cc0:	d003      	beq.n	10005cca <__aeabi_dfcmple_guts+0x24>
10005cc2:	42bc      	cmp	r4, r7
10005cc4:	d104      	bne.n	10005cd0 <__aeabi_dfcmple_guts+0x2a>
10005cc6:	031c      	lsls	r4, r3, #12
10005cc8:	d80a      	bhi.n	10005ce0 <__aeabi_dfcmple_guts+0x3a>
10005cca:	2200      	movs	r2, #0
10005ccc:	0d1b      	lsrs	r3, r3, #20
10005cce:	051b      	lsls	r3, r3, #20
10005cd0:	2601      	movs	r6, #1
10005cd2:	404b      	eors	r3, r1
10005cd4:	d409      	bmi.n	10005cea <__aeabi_dfcmple_guts+0x44>
10005cd6:	404b      	eors	r3, r1
10005cd8:	d503      	bpl.n	10005ce2 <__aeabi_dfcmple_guts+0x3c>
10005cda:	428b      	cmp	r3, r1
10005cdc:	d100      	bne.n	10005ce0 <__aeabi_dfcmple_guts+0x3a>
10005cde:	4282      	cmp	r2, r0
10005ce0:	bdff      	pop	{r0, r1, r2, r3, r4, r5, r6, r7, pc}
10005ce2:	4299      	cmp	r1, r3
10005ce4:	d1fc      	bne.n	10005ce0 <__aeabi_dfcmple_guts+0x3a>
10005ce6:	4290      	cmp	r0, r2
10005ce8:	bdff      	pop	{r0, r1, r2, r3, r4, r5, r6, r7, pc}
10005cea:	430b      	orrs	r3, r1
10005cec:	18db      	adds	r3, r3, r3
10005cee:	4303      	orrs	r3, r0
10005cf0:	4313      	orrs	r3, r2
10005cf2:	d0f5      	beq.n	10005ce0 <__aeabi_dfcmple_guts+0x3a>
10005cf4:	43c9      	mvns	r1, r1
10005cf6:	1849      	adds	r1, r1, r1
10005cf8:	bdff      	pop	{r0, r1, r2, r3, r4, r5, r6, r7, pc}
10005cfa:	0000      	.short	0x0000
10005cfc:	000007ff 	.word	0x000007ff

10005d00 <__wrap___aeabi_dcmplt>:
10005d00:	b500      	push	{lr}
10005d02:	f7ff ffcf 	bl	10005ca4 <__wrap___aeabi_cdcmpeq>
10005d06:	4180      	sbcs	r0, r0
10005d08:	bd00      	pop	{pc}
10005d0a:	46c0      	nop			@ (mov r8, r8)

10005d0c <__wrap___aeabi_dcmple>:
10005d0c:	b500      	push	{lr}
10005d0e:	f7ff ffc9 	bl	10005ca4 <__wrap___aeabi_cdcmpeq>
10005d12:	d901      	bls.n	10005d18 <__wrap___aeabi_dcmple+0xc>
10005d14:	2000      	movs	r0, #0
10005d16:	bd00      	pop	{pc}
10005d18:	2001      	movs	r0, #1
10005d1a:	bd00      	pop	{pc}

10005d1c <__wrap___aeabi_dcmpge>:
10005d1c:	b500      	push	{lr}
10005d1e:	f7ff ffb9 	bl	10005c94 <__wrap___aeabi_cdrcmple>
10005d22:	d901      	bls.n	10005d28 <__wrap___aeabi_dcmpge+0xc>
10005d24:	2000      	movs	r0, #0
10005d26:	bd00      	pop	{pc}
10005d28:	2001      	movs	r0, #1
10005d2a:	bd00      	pop	{pc}

10005d2c <__wrap___aeabi_dcmpgt>:
10005d2c:	b500      	push	{lr}
10005d2e:	f7ff ffb1 	bl	10005c94 <__wrap___aeabi_cdrcmple>
10005d32:	4180      	sbcs	r0, r0
10005d34:	bd00      	pop	{pc}

10005d36 <__wrap___aeabi_dcmpun>:
10005d36:	2001      	movs	r0, #1
10005d38:	0540      	lsls	r0, r0, #21
10005d3a:	004a      	lsls	r2, r1, #1
10005d3c:	1812      	adds	r2, r2, r0
10005d3e:	d804      	bhi.n	10005d4a <__wrap___aeabi_dcmpun+0x14>
10005d40:	005a      	lsls	r2, r3, #1
10005d42:	1812      	adds	r2, r2, r0
10005d44:	d801      	bhi.n	10005d4a <__wrap___aeabi_dcmpun+0x14>
10005d46:	2000      	movs	r0, #0
10005d48:	4770      	bx	lr
10005d4a:	2001      	movs	r0, #1
10005d4c:	4770      	bx	lr
	...

10005d50 <__wrap___aeabi_ui2d>:
10005d50:	2100      	movs	r1, #0
10005d52:	2800      	cmp	r0, #0
10005d54:	d105      	bne.n	10005d62 <__wrap___aeabi_i2d+0xa>
10005d56:	4770      	bx	lr

10005d58 <__wrap___aeabi_i2d>:
10005d58:	17c1      	asrs	r1, r0, #31
10005d5a:	4048      	eors	r0, r1
10005d5c:	1a40      	subs	r0, r0, r1
10005d5e:	d0fa      	beq.n	10005d56 <__wrap___aeabi_ui2d+0x6>
10005d60:	07c9      	lsls	r1, r1, #31
10005d62:	b513      	push	{r0, r1, r4, lr}
10005d64:	4b06      	ldr	r3, [pc, #24]	@ (10005d80 <__wrap___aeabi_i2d+0x28>)
10005d66:	681b      	ldr	r3, [r3, #0]
10005d68:	4798      	blx	r3
10005d6a:	bc0c      	pop	{r2, r3}
10005d6c:	1c44      	adds	r4, r0, #1
10005d6e:	40a2      	lsls	r2, r4
10005d70:	0510      	lsls	r0, r2, #20
10005d72:	0b12      	lsrs	r2, r2, #12
10005d74:	4903      	ldr	r1, [pc, #12]	@ (10005d84 <__wrap___aeabi_i2d+0x2c>)
10005d76:	1b09      	subs	r1, r1, r4
10005d78:	0509      	lsls	r1, r1, #20
10005d7a:	4319      	orrs	r1, r3
10005d7c:	4311      	orrs	r1, r2
10005d7e:	bd10      	pop	{r4, pc}
10005d80:	20011fe8 	.word	0x20011fe8
10005d84:	0000041f 	.word	0x0000041f

10005d88 <__wrap___aeabi_d2iz>:
10005d88:	b510      	push	{r4, lr}
10005d8a:	004c      	lsls	r4, r1, #1
10005d8c:	0d62      	lsrs	r2, r4, #21
10005d8e:	2380      	movs	r3, #128	@ 0x80
10005d90:	18d2      	adds	r2, r2, r3
10005d92:	00db      	lsls	r3, r3, #3
10005d94:	1ad2      	subs	r2, r2, r3
10005d96:	055b      	lsls	r3, r3, #21
10005d98:	2a7e      	cmp	r2, #126	@ 0x7e
10005d9a:	dd10      	ble.n	10005dbe <__wrap___aeabi_d2iz+0x36>
10005d9c:	3a9e      	subs	r2, #158	@ 0x9e
10005d9e:	da13      	bge.n	10005dc8 <__wrap___aeabi_d2iz+0x40>
10005da0:	17cc      	asrs	r4, r1, #31
10005da2:	0309      	lsls	r1, r1, #12
10005da4:	0849      	lsrs	r1, r1, #1
10005da6:	4319      	orrs	r1, r3
10005da8:	4252      	negs	r2, r2
10005daa:	40d1      	lsrs	r1, r2
10005dac:	0064      	lsls	r4, r4, #1
10005dae:	3401      	adds	r4, #1
10005db0:	3215      	adds	r2, #21
10005db2:	2a20      	cmp	r2, #32
10005db4:	da05      	bge.n	10005dc2 <__wrap___aeabi_d2iz+0x3a>
10005db6:	40d0      	lsrs	r0, r2
10005db8:	4308      	orrs	r0, r1
10005dba:	4360      	muls	r0, r4
10005dbc:	bd10      	pop	{r4, pc}
10005dbe:	2000      	movs	r0, #0
10005dc0:	bd10      	pop	{r4, pc}
10005dc2:	4608      	mov	r0, r1
10005dc4:	4360      	muls	r0, r4
10005dc6:	bd10      	pop	{r4, pc}
10005dc8:	0fc8      	lsrs	r0, r1, #31
10005dca:	18c0      	adds	r0, r0, r3
10005dcc:	3801      	subs	r0, #1
10005dce:	bd10      	pop	{r4, pc}

10005dd0 <__wrap___aeabi_d2uiz>:
10005dd0:	b418      	push	{r3, r4}
10005dd2:	4b04      	ldr	r3, [pc, #16]	@ (10005de4 <__wrap___aeabi_d2uiz+0x14>)
10005dd4:	6a5b      	ldr	r3, [r3, #36]	@ 0x24
10005dd6:	46fc      	mov	ip, pc
10005dd8:	9301      	str	r3, [sp, #4]
10005dda:	bd08      	pop	{r3, pc}
10005ddc:	6331df24 	.word	0x6331df24
10005de0:	00001000 	.word	0x00001000
10005de4:	20001200 	.word	0x20001200

10005de8 <__aeabi_double_init>:
10005de8:	2313      	movs	r3, #19
10005dea:	b570      	push	{r4, r5, r6, lr}
10005dec:	781d      	ldrb	r5, [r3, #0]
10005dee:	2d01      	cmp	r5, #1
10005df0:	d019      	beq.n	10005e26 <__aeabi_double_init+0x3e>
10005df2:	dd14      	ble.n	10005e1e <__aeabi_double_init+0x36>
10005df4:	481f      	ldr	r0, [pc, #124]	@ (10005e74 <__aeabi_double_init+0x8c>)
10005df6:	f7ff fb43 	bl	10005480 <rom_data_lookup>
10005dfa:	0006      	movs	r6, r0
10005dfc:	481e      	ldr	r0, [pc, #120]	@ (10005e78 <__aeabi_double_init+0x90>)
10005dfe:	f7ff fb3f 	bl	10005480 <rom_data_lookup>
10005e02:	4c1e      	ldr	r4, [pc, #120]	@ (10005e7c <__aeabi_double_init+0x94>)
10005e04:	2280      	movs	r2, #128	@ 0x80
10005e06:	0031      	movs	r1, r6
10005e08:	0020      	movs	r0, r4
10005e0a:	f000 fbd3 	bl	100065b4 <__wrap___aeabi_memcpy>
10005e0e:	2d02      	cmp	r5, #2
10005e10:	d02d      	beq.n	10005e6e <__aeabi_double_init+0x86>
10005e12:	481b      	ldr	r0, [pc, #108]	@ (10005e80 <__aeabi_double_init+0x98>)
10005e14:	f7ff fb2c 	bl	10005470 <rom_func_lookup>
10005e18:	4b1a      	ldr	r3, [pc, #104]	@ (10005e84 <__aeabi_double_init+0x9c>)
10005e1a:	6018      	str	r0, [r3, #0]
10005e1c:	bd70      	pop	{r4, r5, r6, pc}
10005e1e:	4b1a      	ldr	r3, [pc, #104]	@ (10005e88 <__aeabi_double_init+0xa0>)
10005e20:	4c16      	ldr	r4, [pc, #88]	@ (10005e7c <__aeabi_double_init+0x94>)
10005e22:	64a3      	str	r3, [r4, #72]	@ 0x48
10005e24:	e7f5      	b.n	10005e12 <__aeabi_double_init+0x2a>
10005e26:	4b18      	ldr	r3, [pc, #96]	@ (10005e88 <__aeabi_double_init+0xa0>)
10005e28:	4c14      	ldr	r4, [pc, #80]	@ (10005e7c <__aeabi_double_init+0x94>)
10005e2a:	6023      	str	r3, [r4, #0]
10005e2c:	6063      	str	r3, [r4, #4]
10005e2e:	60a3      	str	r3, [r4, #8]
10005e30:	60e3      	str	r3, [r4, #12]
10005e32:	6123      	str	r3, [r4, #16]
10005e34:	6163      	str	r3, [r4, #20]
10005e36:	61a3      	str	r3, [r4, #24]
10005e38:	61e3      	str	r3, [r4, #28]
10005e3a:	6223      	str	r3, [r4, #32]
10005e3c:	6263      	str	r3, [r4, #36]	@ 0x24
10005e3e:	62a3      	str	r3, [r4, #40]	@ 0x28
10005e40:	62e3      	str	r3, [r4, #44]	@ 0x2c
10005e42:	6323      	str	r3, [r4, #48]	@ 0x30
10005e44:	6363      	str	r3, [r4, #52]	@ 0x34
10005e46:	63a3      	str	r3, [r4, #56]	@ 0x38
10005e48:	63e3      	str	r3, [r4, #60]	@ 0x3c
10005e4a:	6423      	str	r3, [r4, #64]	@ 0x40
10005e4c:	6463      	str	r3, [r4, #68]	@ 0x44
10005e4e:	64a3      	str	r3, [r4, #72]	@ 0x48
10005e50:	64e3      	str	r3, [r4, #76]	@ 0x4c
10005e52:	6523      	str	r3, [r4, #80]	@ 0x50
10005e54:	6563      	str	r3, [r4, #84]	@ 0x54
10005e56:	65a3      	str	r3, [r4, #88]	@ 0x58
10005e58:	65e3      	str	r3, [r4, #92]	@ 0x5c
10005e5a:	6623      	str	r3, [r4, #96]	@ 0x60
10005e5c:	6663      	str	r3, [r4, #100]	@ 0x64
10005e5e:	66a3      	str	r3, [r4, #104]	@ 0x68
10005e60:	66e3      	str	r3, [r4, #108]	@ 0x6c
10005e62:	6723      	str	r3, [r4, #112]	@ 0x70
10005e64:	6763      	str	r3, [r4, #116]	@ 0x74
10005e66:	67a3      	str	r3, [r4, #120]	@ 0x78
10005e68:	67e3      	str	r3, [r4, #124]	@ 0x7c
10005e6a:	64a3      	str	r3, [r4, #72]	@ 0x48
10005e6c:	e7d1      	b.n	10005e12 <__aeabi_double_init+0x2a>
10005e6e:	4b06      	ldr	r3, [pc, #24]	@ (10005e88 <__aeabi_double_init+0xa0>)
10005e70:	64a3      	str	r3, [r4, #72]	@ 0x48
10005e72:	e7ce      	b.n	10005e12 <__aeabi_double_init+0x2a>
10005e74:	00004453 	.word	0x00004453
10005e78:	00004653 	.word	0x00004653
10005e7c:	20001200 	.word	0x20001200
10005e80:	0000334c 	.word	0x0000334c
10005e84:	20011fe8 	.word	0x20011fe8
10005e88:	10005e8d 	.word	0x10005e8d

10005e8c <double_table_shim_on_use_helper>:
10005e8c:	b507      	push	{r0, r1, r2, lr}
10005e8e:	4660      	mov	r0, ip
10005e90:	8801      	ldrh	r1, [r0, #0]
10005e92:	0a0a      	lsrs	r2, r1, #8
10005e94:	3002      	adds	r0, #2
10005e96:	2adf      	cmp	r2, #223	@ 0xdf
10005e98:	d1fa      	bne.n	10005e90 <double_table_shim_on_use_helper+0x4>
10005e9a:	b2c9      	uxtb	r1, r1
10005e9c:	0882      	lsrs	r2, r0, #2
10005e9e:	d304      	bcc.n	10005eaa <double_table_shim_on_use_helper+0x1e>
10005ea0:	8802      	ldrh	r2, [r0, #0]
10005ea2:	8840      	ldrh	r0, [r0, #2]
10005ea4:	0400      	lsls	r0, r0, #16
10005ea6:	4310      	orrs	r0, r2
10005ea8:	e000      	b.n	10005eac <double_table_shim_on_use_helper+0x20>
10005eaa:	6800      	ldr	r0, [r0, #0]
10005eac:	4a01      	ldr	r2, [pc, #4]	@ (10005eb4 <double_table_shim_on_use_helper+0x28>)
10005eae:	5050      	str	r0, [r2, r1]
10005eb0:	9003      	str	r0, [sp, #12]
10005eb2:	bd07      	pop	{r0, r1, r2, pc}
10005eb4:	20001200 	.word	0x20001200

10005eb8 <drsub_shim>:
10005eb8:	b40f      	push	{r0, r1, r2, r3}
10005eba:	bc03      	pop	{r0, r1}
10005ebc:	bc0c      	pop	{r2, r3}

10005ebe <dsub_shim>:
10005ebe:	b5f0      	push	{r4, r5, r6, r7, lr}
10005ec0:	2401      	movs	r4, #1
10005ec2:	07e4      	lsls	r4, r4, #31
10005ec4:	4063      	eors	r3, r4
10005ec6:	e000      	b.n	10005eca <da_entry>

10005ec8 <dadd_shim>:
10005ec8:	b5f0      	push	{r4, r5, r6, r7, lr}

10005eca <da_entry>:
10005eca:	0d0c      	lsrs	r4, r1, #20
10005ecc:	0fcf      	lsrs	r7, r1, #31
10005ece:	1e66      	subs	r6, r4, #1
10005ed0:	0536      	lsls	r6, r6, #20
10005ed2:	1b89      	subs	r1, r1, r6
10005ed4:	0564      	lsls	r4, r4, #21
10005ed6:	d303      	bcc.n	10005ee0 <l8_1>
10005ed8:	43c9      	mvns	r1, r1
10005eda:	4240      	negs	r0, r0
10005edc:	d300      	bcc.n	10005ee0 <l8_1>
10005ede:	3101      	adds	r1, #1

10005ee0 <l8_1>:
10005ee0:	0d64      	lsrs	r4, r4, #21
10005ee2:	d003      	beq.n	10005eec <l8_2>
10005ee4:	1c66      	adds	r6, r4, #1
10005ee6:	0af6      	lsrs	r6, r6, #11
10005ee8:	d007      	beq.n	10005efa <l8_3>
10005eea:	1be4      	subs	r4, r4, r7

10005eec <l8_2>:
10005eec:	2000      	movs	r0, #0
10005eee:	007f      	lsls	r7, r7, #1
10005ef0:	1c79      	adds	r1, r7, #1
10005ef2:	0789      	lsls	r1, r1, #30
10005ef4:	1289      	asrs	r1, r1, #10
10005ef6:	3c80      	subs	r4, #128	@ 0x80
10005ef8:	0324      	lsls	r4, r4, #12

10005efa <l8_3>:
10005efa:	0d1d      	lsrs	r5, r3, #20
10005efc:	0fdf      	lsrs	r7, r3, #31
10005efe:	1e6e      	subs	r6, r5, #1
10005f00:	0536      	lsls	r6, r6, #20
10005f02:	1b9b      	subs	r3, r3, r6
10005f04:	056d      	lsls	r5, r5, #21
10005f06:	d303      	bcc.n	10005f10 <l9_1>
10005f08:	43db      	mvns	r3, r3
10005f0a:	4252      	negs	r2, r2
10005f0c:	d300      	bcc.n	10005f10 <l9_1>
10005f0e:	3301      	adds	r3, #1

10005f10 <l9_1>:
10005f10:	0d6d      	lsrs	r5, r5, #21
10005f12:	d003      	beq.n	10005f1c <l9_2>
10005f14:	1c6e      	adds	r6, r5, #1
10005f16:	0af6      	lsrs	r6, r6, #11
10005f18:	d007      	beq.n	10005f2a <l9_3>
10005f1a:	1bed      	subs	r5, r5, r7

10005f1c <l9_2>:
10005f1c:	2200      	movs	r2, #0
10005f1e:	007f      	lsls	r7, r7, #1
10005f20:	1c7b      	adds	r3, r7, #1
10005f22:	079b      	lsls	r3, r3, #30
10005f24:	129b      	asrs	r3, r3, #10
10005f26:	3d80      	subs	r5, #128	@ 0x80
10005f28:	032d      	lsls	r5, r5, #12

10005f2a <l9_3>:
10005f2a:	1b2f      	subs	r7, r5, r4
10005f2c:	1b66      	subs	r6, r4, r5
10005f2e:	d458      	bmi.n	10005fe2 <da_ygtx>
10005f30:	46a4      	mov	ip, r4
10005f32:	2e20      	cmp	r6, #32
10005f34:	da46      	bge.n	10005fc4 <da_xrgty>
10005f36:	3720      	adds	r7, #32
10005f38:	0014      	movs	r4, r2
10005f3a:	40bc      	lsls	r4, r7

10005f3c <da_xgty0>:
10005f3c:	001d      	movs	r5, r3
10005f3e:	40bd      	lsls	r5, r7
10005f40:	40f2      	lsrs	r2, r6
10005f42:	4133      	asrs	r3, r6
10005f44:	432a      	orrs	r2, r5

10005f46 <da_add>:
10005f46:	1880      	adds	r0, r0, r2
10005f48:	4159      	adcs	r1, r3

10005f4a <da_pack>:
10005f4a:	0fcb      	lsrs	r3, r1, #31
10005f4c:	d005      	beq.n	10005f5a <da_pack+0x10>
10005f4e:	43c9      	mvns	r1, r1
10005f50:	43c0      	mvns	r0, r0
10005f52:	2200      	movs	r2, #0
10005f54:	4264      	negs	r4, r4
10005f56:	4150      	adcs	r0, r2
10005f58:	4151      	adcs	r1, r2
10005f5a:	4662      	mov	r2, ip
10005f5c:	0d4d      	lsrs	r5, r1, #21
10005f5e:	d128      	bne.n	10005fb2 <da_0>
10005f60:	0d0d      	lsrs	r5, r1, #20
10005f62:	d107      	bne.n	10005f74 <da_1>
10005f64:	2800      	cmp	r0, #0
10005f66:	d01f      	beq.n	10005fa8 <da_5>

10005f68 <da_2>:
10005f68:	1924      	adds	r4, r4, r4
10005f6a:	4140      	adcs	r0, r0
10005f6c:	4149      	adcs	r1, r1
10005f6e:	3a01      	subs	r2, #1
10005f70:	0d0d      	lsrs	r5, r1, #20
10005f72:	d0f9      	beq.n	10005f68 <da_2>

10005f74 <da_1>:
10005f74:	0064      	lsls	r4, r4, #1
10005f76:	d306      	bcc.n	10005f86 <da_3>

10005f78 <da_4>:
10005f78:	3001      	adds	r0, #1
10005f7a:	d300      	bcc.n	10005f7e <da_4+0x6>
10005f7c:	3101      	adds	r1, #1
10005f7e:	2c00      	cmp	r4, #0
10005f80:	d101      	bne.n	10005f86 <da_3>
10005f82:	0840      	lsrs	r0, r0, #1
10005f84:	0040      	lsls	r0, r0, #1

10005f86 <da_3>:
10005f86:	3a01      	subs	r2, #1
10005f88:	d40b      	bmi.n	10005fa2 <da_6>
10005f8a:	1c94      	adds	r4, r2, #2
10005f8c:	0ae4      	lsrs	r4, r4, #11
10005f8e:	d104      	bne.n	10005f9a <da_7>
10005f90:	0512      	lsls	r2, r2, #20
10005f92:	4411      	add	r1, r2
10005f94:	07db      	lsls	r3, r3, #31
10005f96:	4419      	add	r1, r3
10005f98:	bdf0      	pop	{r4, r5, r6, r7, pc}

10005f9a <da_7>:
10005f9a:	07d9      	lsls	r1, r3, #31
10005f9c:	4b20      	ldr	r3, [pc, #128]	@ (10006020 <da_xmgty+0x4>)
10005f9e:	4319      	orrs	r1, r3
10005fa0:	e000      	b.n	10005fa4 <da_6+0x2>

10005fa2 <da_6>:
10005fa2:	07d9      	lsls	r1, r3, #31
10005fa4:	2000      	movs	r0, #0
10005fa6:	bdf0      	pop	{r4, r5, r6, r7, pc}

10005fa8 <da_5>:
10005fa8:	2900      	cmp	r1, #0
10005faa:	d1dd      	bne.n	10005f68 <da_2>
10005fac:	2c00      	cmp	r4, #0
10005fae:	d1db      	bne.n	10005f68 <da_2>
10005fb0:	bdf0      	pop	{r4, r5, r6, r7, pc}

10005fb2 <da_0>:
10005fb2:	3201      	adds	r2, #1
10005fb4:	07c6      	lsls	r6, r0, #31
10005fb6:	0840      	lsrs	r0, r0, #1
10005fb8:	07cd      	lsls	r5, r1, #31
10005fba:	4328      	orrs	r0, r5
10005fbc:	0849      	lsrs	r1, r1, #1
10005fbe:	2e00      	cmp	r6, #0
10005fc0:	d0e1      	beq.n	10005f86 <da_3>
10005fc2:	e7d9      	b.n	10005f78 <da_4>

10005fc4 <da_xrgty>:
10005fc4:	2e3c      	cmp	r6, #60	@ 0x3c
10005fc6:	da29      	bge.n	1000601c <da_xmgty>
10005fc8:	3e20      	subs	r6, #32
10005fca:	3740      	adds	r7, #64	@ 0x40
10005fcc:	0014      	movs	r4, r2
10005fce:	40bc      	lsls	r4, r7
10005fd0:	d000      	beq.n	10005fd4 <da_xrgty+0x10>
10005fd2:	2401      	movs	r4, #1
10005fd4:	40f2      	lsrs	r2, r6
10005fd6:	4314      	orrs	r4, r2
10005fd8:	001a      	movs	r2, r3
10005fda:	40bb      	lsls	r3, r7
10005fdc:	431c      	orrs	r4, r3
10005fde:	17d3      	asrs	r3, r2, #31
10005fe0:	e7ac      	b.n	10005f3c <da_xgty0>

10005fe2 <da_ygtx>:
10005fe2:	46ac      	mov	ip, r5
10005fe4:	2f20      	cmp	r7, #32
10005fe6:	da08      	bge.n	10005ffa <da_yrgtx>
10005fe8:	3620      	adds	r6, #32
10005fea:	0004      	movs	r4, r0
10005fec:	40b4      	lsls	r4, r6

10005fee <da_ygtx0>:
10005fee:	000d      	movs	r5, r1
10005ff0:	40b5      	lsls	r5, r6
10005ff2:	40f8      	lsrs	r0, r7
10005ff4:	4139      	asrs	r1, r7
10005ff6:	4328      	orrs	r0, r5
10005ff8:	e7a5      	b.n	10005f46 <da_add>

10005ffa <da_yrgtx>:
10005ffa:	2f3c      	cmp	r7, #60	@ 0x3c
10005ffc:	da0c      	bge.n	10006018 <da_ymgtx>
10005ffe:	3f20      	subs	r7, #32
10006000:	3640      	adds	r6, #64	@ 0x40
10006002:	0004      	movs	r4, r0
10006004:	40b4      	lsls	r4, r6
10006006:	d000      	beq.n	1000600a <da_yrgtx+0x10>
10006008:	2401      	movs	r4, #1
1000600a:	40f8      	lsrs	r0, r7
1000600c:	4304      	orrs	r4, r0
1000600e:	0008      	movs	r0, r1
10006010:	40b1      	lsls	r1, r6
10006012:	430c      	orrs	r4, r1
10006014:	17c1      	asrs	r1, r0, #31
10006016:	e7ea      	b.n	10005fee <da_ygtx0>

10006018 <da_ymgtx>:
10006018:	0010      	movs	r0, r2
1000601a:	0019      	movs	r1, r3

1000601c <da_xmgty>:
1000601c:	2400      	movs	r4, #0
1000601e:	e794      	b.n	10005f4a <da_pack>
10006020:	7ff00000 	.word	0x7ff00000

10006024 <dmul_shim>:
10006024:	b5f0      	push	{r4, r5, r6, r7, lr}
10006026:	0d0c      	lsrs	r4, r1, #20
10006028:	1e66      	subs	r6, r4, #1
1000602a:	0536      	lsls	r6, r6, #20
1000602c:	1b89      	subs	r1, r1, r6
1000602e:	0ae6      	lsrs	r6, r4, #11
10006030:	0564      	lsls	r4, r4, #21
10006032:	0d64      	lsrs	r4, r4, #21
10006034:	d002      	beq.n	1000603c <l12_1>
10006036:	1c65      	adds	r5, r4, #1
10006038:	0aed      	lsrs	r5, r5, #11
1000603a:	d004      	beq.n	10006046 <l12_2>

1000603c <l12_1>:
1000603c:	2000      	movs	r0, #0
1000603e:	2101      	movs	r1, #1
10006040:	0509      	lsls	r1, r1, #20
10006042:	3c80      	subs	r4, #128	@ 0x80
10006044:	0324      	lsls	r4, r4, #12

10006046 <l12_2>:
10006046:	46a4      	mov	ip, r4
10006048:	0d1c      	lsrs	r4, r3, #20
1000604a:	1e67      	subs	r7, r4, #1
1000604c:	053f      	lsls	r7, r7, #20
1000604e:	1bdb      	subs	r3, r3, r7
10006050:	0ae7      	lsrs	r7, r4, #11
10006052:	0564      	lsls	r4, r4, #21
10006054:	0d64      	lsrs	r4, r4, #21
10006056:	d002      	beq.n	1000605e <l13_1>
10006058:	1c65      	adds	r5, r4, #1
1000605a:	0aed      	lsrs	r5, r5, #11
1000605c:	d004      	beq.n	10006068 <l13_2>

1000605e <l13_1>:
1000605e:	2200      	movs	r2, #0
10006060:	2301      	movs	r3, #1
10006062:	051b      	lsls	r3, r3, #20
10006064:	3c80      	subs	r4, #128	@ 0x80
10006066:	0324      	lsls	r4, r4, #12

10006068 <l13_2>:
10006068:	4077      	eors	r7, r6
1000606a:	4464      	add	r4, ip
1000606c:	b497      	push	{r0, r1, r2, r4, r7}
1000606e:	b284      	uxth	r4, r0
10006070:	b296      	uxth	r6, r2
10006072:	4374      	muls	r4, r6
10006074:	0c07      	lsrs	r7, r0, #16
10006076:	437e      	muls	r6, r7
10006078:	0c15      	lsrs	r5, r2, #16
1000607a:	436f      	muls	r7, r5
1000607c:	b280      	uxth	r0, r0
1000607e:	4368      	muls	r0, r5
10006080:	1836      	adds	r6, r6, r0
10006082:	d302      	bcc.n	1000608a <l14_1>
10006084:	2001      	movs	r0, #1
10006086:	0400      	lsls	r0, r0, #16
10006088:	183f      	adds	r7, r7, r0

1000608a <l14_1>:
1000608a:	0430      	lsls	r0, r6, #16
1000608c:	0c35      	lsrs	r5, r6, #16
1000608e:	1900      	adds	r0, r0, r4
10006090:	417d      	adcs	r5, r7
10006092:	4684      	mov	ip, r0
10006094:	b288      	uxth	r0, r1
10006096:	b29a      	uxth	r2, r3
10006098:	4350      	muls	r0, r2
1000609a:	0c0c      	lsrs	r4, r1, #16
1000609c:	4362      	muls	r2, r4
1000609e:	0c1f      	lsrs	r7, r3, #16
100060a0:	437c      	muls	r4, r7
100060a2:	b28e      	uxth	r6, r1
100060a4:	437e      	muls	r6, r7
100060a6:	1992      	adds	r2, r2, r6
100060a8:	d302      	bcc.n	100060b0 <l15_1>
100060aa:	2601      	movs	r6, #1
100060ac:	0436      	lsls	r6, r6, #16
100060ae:	19a4      	adds	r4, r4, r6

100060b0 <l15_1>:
100060b0:	0416      	lsls	r6, r2, #16
100060b2:	0c17      	lsrs	r7, r2, #16
100060b4:	1836      	adds	r6, r6, r0
100060b6:	4167      	adcs	r7, r4
100060b8:	bc01      	pop	{r0}
100060ba:	b281      	uxth	r1, r0
100060bc:	b29a      	uxth	r2, r3
100060be:	4351      	muls	r1, r2
100060c0:	0c04      	lsrs	r4, r0, #16
100060c2:	4362      	muls	r2, r4
100060c4:	0c1b      	lsrs	r3, r3, #16
100060c6:	435c      	muls	r4, r3
100060c8:	b280      	uxth	r0, r0
100060ca:	4358      	muls	r0, r3
100060cc:	1812      	adds	r2, r2, r0
100060ce:	d302      	bcc.n	100060d6 <l16_1>
100060d0:	2001      	movs	r0, #1
100060d2:	0400      	lsls	r0, r0, #16
100060d4:	1824      	adds	r4, r4, r0

100060d6 <l16_1>:
100060d6:	0410      	lsls	r0, r2, #16
100060d8:	0c13      	lsrs	r3, r2, #16
100060da:	1840      	adds	r0, r0, r1
100060dc:	4163      	adcs	r3, r4
100060de:	182d      	adds	r5, r5, r0
100060e0:	415e      	adcs	r6, r3
100060e2:	2000      	movs	r0, #0
100060e4:	4147      	adcs	r7, r0
100060e6:	bc06      	pop	{r1, r2}
100060e8:	b288      	uxth	r0, r1
100060ea:	b293      	uxth	r3, r2
100060ec:	4358      	muls	r0, r3
100060ee:	0c0c      	lsrs	r4, r1, #16
100060f0:	4363      	muls	r3, r4
100060f2:	0c12      	lsrs	r2, r2, #16
100060f4:	4354      	muls	r4, r2
100060f6:	b289      	uxth	r1, r1
100060f8:	4351      	muls	r1, r2
100060fa:	185b      	adds	r3, r3, r1
100060fc:	d302      	bcc.n	10006104 <l17_1>
100060fe:	2101      	movs	r1, #1
10006100:	0409      	lsls	r1, r1, #16
10006102:	1864      	adds	r4, r4, r1

10006104 <l17_1>:
10006104:	0419      	lsls	r1, r3, #16
10006106:	0c1a      	lsrs	r2, r3, #16
10006108:	1809      	adds	r1, r1, r0
1000610a:	4162      	adcs	r2, r4
1000610c:	186d      	adds	r5, r5, r1
1000610e:	4156      	adcs	r6, r2
10006110:	2000      	movs	r0, #0
10006112:	4147      	adcs	r7, r0
10006114:	bc18      	pop	{r3, r4}
10006116:	02f9      	lsls	r1, r7, #11
10006118:	0d72      	lsrs	r2, r6, #21
1000611a:	4311      	orrs	r1, r2
1000611c:	02f0      	lsls	r0, r6, #11
1000611e:	0d6a      	lsrs	r2, r5, #21
10006120:	4310      	orrs	r0, r2
10006122:	02ed      	lsls	r5, r5, #11
10006124:	0d0a      	lsrs	r2, r1, #20
10006126:	d103      	bne.n	10006130 <l17_1+0x2c>
10006128:	196d      	adds	r5, r5, r5
1000612a:	4140      	adcs	r0, r0
1000612c:	4149      	adcs	r1, r1
1000612e:	3b01      	subs	r3, #1
10006130:	4e12      	ldr	r6, [pc, #72]	@ (1000617c <dm_1+0xa>)
10006132:	1b9b      	subs	r3, r3, r6
10006134:	0076      	lsls	r6, r6, #1
10006136:	42b3      	cmp	r3, r6
10006138:	d20e      	bcs.n	10006158 <dm_0>
1000613a:	006d      	lsls	r5, r5, #1
1000613c:	d307      	bcc.n	1000614e <l17_1+0x4a>
1000613e:	3001      	adds	r0, #1
10006140:	2600      	movs	r6, #0
10006142:	4171      	adcs	r1, r6
10006144:	4666      	mov	r6, ip
10006146:	4335      	orrs	r5, r6
10006148:	d101      	bne.n	1000614e <l17_1+0x4a>
1000614a:	0840      	lsrs	r0, r0, #1
1000614c:	0040      	lsls	r0, r0, #1
1000614e:	051b      	lsls	r3, r3, #20
10006150:	18c9      	adds	r1, r1, r3

10006152 <dm_2>:
10006152:	07e4      	lsls	r4, r4, #31
10006154:	4421      	add	r1, r4
10006156:	bdf0      	pop	{r4, r5, r6, r7, pc}

10006158 <dm_0>:
10006158:	da0b      	bge.n	10006172 <dm_1>
1000615a:	3301      	adds	r3, #1
1000615c:	d106      	bne.n	1000616c <dm_0+0x14>
1000615e:	3001      	adds	r0, #1
10006160:	d104      	bne.n	1000616c <dm_0+0x14>
10006162:	3101      	adds	r1, #1
10006164:	0d4f      	lsrs	r7, r1, #21
10006166:	d001      	beq.n	1000616c <dm_0+0x14>
10006168:	0849      	lsrs	r1, r1, #1
1000616a:	e7f2      	b.n	10006152 <dm_2>
1000616c:	07e1      	lsls	r1, r4, #31
1000616e:	2000      	movs	r0, #0
10006170:	bdf0      	pop	{r4, r5, r6, r7, pc}

10006172 <dm_1>:
10006172:	3601      	adds	r6, #1
10006174:	0531      	lsls	r1, r6, #20
10006176:	2000      	movs	r0, #0
10006178:	e7eb      	b.n	10006152 <dm_2>
1000617a:	0000      	.short	0x0000
1000617c:	000003ff 	.word	0x000003ff

10006180 <ddiv_shim>:
10006180:	b5f0      	push	{r4, r5, r6, r7, lr}

10006182 <ddiv0>:
10006182:	0d1c      	lsrs	r4, r3, #20
10006184:	1e67      	subs	r7, r4, #1
10006186:	053f      	lsls	r7, r7, #20
10006188:	1bdb      	subs	r3, r3, r7
1000618a:	0ae7      	lsrs	r7, r4, #11
1000618c:	0564      	lsls	r4, r4, #21
1000618e:	0d64      	lsrs	r4, r4, #21
10006190:	d002      	beq.n	10006198 <l20_1>
10006192:	1c66      	adds	r6, r4, #1
10006194:	0af6      	lsrs	r6, r6, #11
10006196:	d004      	beq.n	100061a2 <l20_2>

10006198 <l20_1>:
10006198:	2200      	movs	r2, #0
1000619a:	2301      	movs	r3, #1
1000619c:	051b      	lsls	r3, r3, #20
1000619e:	3c80      	subs	r4, #128	@ 0x80
100061a0:	0324      	lsls	r4, r4, #12

100061a2 <l20_2>:
100061a2:	25d0      	movs	r5, #208	@ 0xd0
100061a4:	062d      	lsls	r5, r5, #24
100061a6:	2600      	movs	r6, #0
100061a8:	43f6      	mvns	r6, r6
100061aa:	662e      	str	r6, [r5, #96]	@ 0x60
100061ac:	091e      	lsrs	r6, r3, #4
100061ae:	666e      	str	r6, [r5, #100]	@ 0x64
100061b0:	0fce      	lsrs	r6, r1, #31
100061b2:	19f6      	adds	r6, r6, r7
100061b4:	46b4      	mov	ip, r6
100061b6:	0049      	lsls	r1, r1, #1
100061b8:	0d4f      	lsrs	r7, r1, #21
100061ba:	d002      	beq.n	100061c2 <l20_2+0x20>
100061bc:	1c7e      	adds	r6, r7, #1
100061be:	0af6      	lsrs	r6, r6, #11
100061c0:	d003      	beq.n	100061ca <l20_2+0x28>
100061c2:	2000      	movs	r0, #0
100061c4:	2100      	movs	r1, #0
100061c6:	3f40      	subs	r7, #64	@ 0x40
100061c8:	033f      	lsls	r7, r7, #12
100061ca:	1b3e      	subs	r6, r7, r4
100061cc:	00b6      	lsls	r6, r6, #2
100061ce:	44b4      	add	ip, r6
100061d0:	3f01      	subs	r7, #1
100061d2:	057f      	lsls	r7, r7, #21
100061d4:	1bc9      	subs	r1, r1, r7
100061d6:	0849      	lsrs	r1, r1, #1
100061d8:	6f2e      	ldr	r6, [r5, #112]	@ 0x70
100061da:	3601      	adds	r6, #1
100061dc:	0876      	lsrs	r6, r6, #1
100061de:	029c      	lsls	r4, r3, #10
100061e0:	0d95      	lsrs	r5, r2, #22
100061e2:	4325      	orrs	r5, r4
100061e4:	4375      	muls	r5, r6
100061e6:	13ed      	asrs	r5, r5, #15
100061e8:	4375      	muls	r5, r6
100061ea:	13ad      	asrs	r5, r5, #14
100061ec:	3501      	adds	r5, #1
100061ee:	106d      	asrs	r5, r5, #1
100061f0:	03f6      	lsls	r6, r6, #15
100061f2:	1b76      	subs	r6, r6, r5
100061f4:	b40c      	push	{r2, r3}
100061f6:	02cc      	lsls	r4, r1, #11
100061f8:	0d45      	lsrs	r5, r0, #21
100061fa:	432c      	orrs	r4, r5
100061fc:	b2a2      	uxth	r2, r4
100061fe:	b2b3      	uxth	r3, r6
10006200:	435a      	muls	r2, r3
10006202:	0c27      	lsrs	r7, r4, #16
10006204:	437b      	muls	r3, r7
10006206:	0c35      	lsrs	r5, r6, #16
10006208:	436f      	muls	r7, r5
1000620a:	b2a4      	uxth	r4, r4
1000620c:	436c      	muls	r4, r5
1000620e:	191b      	adds	r3, r3, r4
10006210:	d302      	bcc.n	10006218 <l21_1>
10006212:	2401      	movs	r4, #1
10006214:	0424      	lsls	r4, r4, #16
10006216:	193f      	adds	r7, r7, r4

10006218 <l21_1>:
10006218:	041c      	lsls	r4, r3, #16
1000621a:	0c1d      	lsrs	r5, r3, #16
1000621c:	18a4      	adds	r4, r4, r2
1000621e:	417d      	adcs	r5, r7
10006220:	1924      	adds	r4, r4, r4
10006222:	416d      	adcs	r5, r5
10006224:	9a00      	ldr	r2, [sp, #0]
10006226:	b291      	uxth	r1, r2
10006228:	b2ac      	uxth	r4, r5
1000622a:	4361      	muls	r1, r4
1000622c:	0c17      	lsrs	r7, r2, #16
1000622e:	437c      	muls	r4, r7
10006230:	0c2b      	lsrs	r3, r5, #16
10006232:	435f      	muls	r7, r3
10006234:	b292      	uxth	r2, r2
10006236:	435a      	muls	r2, r3
10006238:	18a4      	adds	r4, r4, r2
1000623a:	d302      	bcc.n	10006242 <l22_1>
1000623c:	2201      	movs	r2, #1
1000623e:	0412      	lsls	r2, r2, #16
10006240:	18bf      	adds	r7, r7, r2

10006242 <l22_1>:
10006242:	0422      	lsls	r2, r4, #16
10006244:	0c23      	lsrs	r3, r4, #16
10006246:	1852      	adds	r2, r2, r1
10006248:	417b      	adcs	r3, r7
1000624a:	9c01      	ldr	r4, [sp, #4]
1000624c:	436c      	muls	r4, r5
1000624e:	191b      	adds	r3, r3, r4
10006250:	0e52      	lsrs	r2, r2, #25
10006252:	01d9      	lsls	r1, r3, #7
10006254:	430a      	orrs	r2, r1
10006256:	0144      	lsls	r4, r0, #5
10006258:	1aa0      	subs	r0, r4, r2
1000625a:	b281      	uxth	r1, r0
1000625c:	b2b2      	uxth	r2, r6
1000625e:	4351      	muls	r1, r2
10006260:	1403      	asrs	r3, r0, #16
10006262:	435a      	muls	r2, r3
10006264:	0c36      	lsrs	r6, r6, #16
10006266:	4373      	muls	r3, r6
10006268:	b287      	uxth	r7, r0
1000626a:	4377      	muls	r7, r6
1000626c:	17d6      	asrs	r6, r2, #31
1000626e:	19d2      	adds	r2, r2, r7
10006270:	2700      	movs	r7, #0
10006272:	417e      	adcs	r6, r7
10006274:	0436      	lsls	r6, r6, #16
10006276:	199b      	adds	r3, r3, r6
10006278:	0417      	lsls	r7, r2, #16
1000627a:	0c16      	lsrs	r6, r2, #16
1000627c:	187f      	adds	r7, r7, r1
1000627e:	415e      	adcs	r6, r3
10006280:	1673      	asrs	r3, r6, #25
10006282:	18ed      	adds	r5, r5, r3
10006284:	01f3      	lsls	r3, r6, #7
10006286:	2600      	movs	r6, #0
10006288:	3380      	adds	r3, #128	@ 0x80
1000628a:	4175      	adcs	r5, r6
1000628c:	0fa9      	lsrs	r1, r5, #30
1000628e:	d106      	bne.n	1000629e <dd_0>
10006290:	0064      	lsls	r4, r4, #1
10006292:	0a69      	lsrs	r1, r5, #9
10006294:	05e8      	lsls	r0, r5, #23
10006296:	0a5b      	lsrs	r3, r3, #9
10006298:	4318      	orrs	r0, r3
1000629a:	d209      	bcs.n	100062b0 <dd_1>
1000629c:	e02f      	b.n	100062fe <dd_2>

1000629e <dd_0>:
1000629e:	2204      	movs	r2, #4
100062a0:	4494      	add	ip, r2
100062a2:	3380      	adds	r3, #128	@ 0x80
100062a4:	4175      	adcs	r5, r6
100062a6:	0aa9      	lsrs	r1, r5, #10
100062a8:	05a8      	lsls	r0, r5, #22
100062aa:	0a9b      	lsrs	r3, r3, #10
100062ac:	4318      	orrs	r0, r3
100062ae:	d326      	bcc.n	100062fe <dd_2>

100062b0 <dd_1>:
100062b0:	4140      	adcs	r0, r0
100062b2:	4149      	adcs	r1, r1
100062b4:	0424      	lsls	r4, r4, #16
100062b6:	9a00      	ldr	r2, [sp, #0]
100062b8:	9b01      	ldr	r3, [sp, #4]
100062ba:	000d      	movs	r5, r1
100062bc:	4355      	muls	r5, r2
100062be:	1b64      	subs	r4, r4, r5
100062c0:	4343      	muls	r3, r0
100062c2:	1ae4      	subs	r4, r4, r3
100062c4:	b295      	uxth	r5, r2
100062c6:	b286      	uxth	r6, r0
100062c8:	4375      	muls	r5, r6
100062ca:	0c17      	lsrs	r7, r2, #16
100062cc:	437e      	muls	r6, r7
100062ce:	0c03      	lsrs	r3, r0, #16
100062d0:	435f      	muls	r7, r3
100062d2:	b292      	uxth	r2, r2
100062d4:	435a      	muls	r2, r3
100062d6:	18b6      	adds	r6, r6, r2
100062d8:	d302      	bcc.n	100062e0 <l24_1>
100062da:	2201      	movs	r2, #1
100062dc:	0412      	lsls	r2, r2, #16
100062de:	18bf      	adds	r7, r7, r2

100062e0 <l24_1>:
100062e0:	0432      	lsls	r2, r6, #16
100062e2:	0c33      	lsrs	r3, r6, #16
100062e4:	1952      	adds	r2, r2, r5
100062e6:	417b      	adcs	r3, r7
100062e8:	4252      	negs	r2, r2
100062ea:	419c      	sbcs	r4, r3
100062ec:	2c00      	cmp	r4, #0
100062ee:	d402      	bmi.n	100062f6 <l24_1+0x16>
100062f0:	2200      	movs	r2, #0
100062f2:	3001      	adds	r0, #1
100062f4:	4151      	adcs	r1, r2
100062f6:	0840      	lsrs	r0, r0, #1
100062f8:	07ca      	lsls	r2, r1, #31
100062fa:	4310      	orrs	r0, r2
100062fc:	0849      	lsrs	r1, r1, #1

100062fe <dd_2>:
100062fe:	b002      	add	sp, #8
10006300:	4662      	mov	r2, ip
10006302:	07d7      	lsls	r7, r2, #31
10006304:	1092      	asrs	r2, r2, #2
10006306:	4b08      	ldr	r3, [pc, #32]	@ (10006328 <dd_4+0x6>)
10006308:	18d2      	adds	r2, r2, r3
1000630a:	4b08      	ldr	r3, [pc, #32]	@ (1000632c <dd_4+0xa>)
1000630c:	429a      	cmp	r2, r3
1000630e:	d203      	bcs.n	10006318 <dd_3>
10006310:	0512      	lsls	r2, r2, #20
10006312:	1889      	adds	r1, r1, r2

10006314 <dd_5>:
10006314:	19c9      	adds	r1, r1, r7
10006316:	bdf0      	pop	{r4, r5, r6, r7, pc}

10006318 <dd_3>:
10006318:	2000      	movs	r0, #0
1000631a:	2a00      	cmp	r2, #0
1000631c:	dc01      	bgt.n	10006322 <dd_4>
1000631e:	0039      	movs	r1, r7
10006320:	bdf0      	pop	{r4, r5, r6, r7, pc}

10006322 <dd_4>:
10006322:	3301      	adds	r3, #1
10006324:	0519      	lsls	r1, r3, #20
10006326:	e7f5      	b.n	10006314 <dd_5>
10006328:	000003fd 	.word	0x000003fd
1000632c:	000007fe 	.word	0x000007fe

10006330 <double2uint_shim>:
10006330:	2200      	movs	r2, #0

10006332 <double2ufix_shim>:
10006332:	b500      	push	{lr}
10006334:	3220      	adds	r2, #32
10006336:	f000 f804 	bl	10006342 <double2ufix64_shim>
1000633a:	0008      	movs	r0, r1
1000633c:	bd00      	pop	{pc}
	...

10006340 <double2uint64_shim>:
10006340:	2200      	movs	r2, #0

10006342 <double2ufix64_shim>:
10006342:	150b      	asrs	r3, r1, #20
10006344:	d40a      	bmi.n	1000635c <ret_dzero>

10006346 <d2fix>:
10006346:	b510      	push	{r4, lr}
10006348:	4694      	mov	ip, r2
1000634a:	f000 f831 	bl	100063b0 <dunpacks>
1000634e:	1414      	asrs	r4, r2, #16
10006350:	3401      	adds	r4, #1
10006352:	da00      	bge.n	10006356 <d2fix+0x10>
10006354:	2100      	movs	r1, #0
10006356:	17cb      	asrs	r3, r1, #31
10006358:	4c14      	ldr	r4, [pc, #80]	@ (100063ac <d2fix_a+0x4a>)
1000635a:	4720      	bx	r4

1000635c <ret_dzero>:
1000635c:	2000      	movs	r0, #0
1000635e:	2100      	movs	r1, #0
10006360:	4770      	bx	lr

10006362 <d2fix_a>:
10006362:	4462      	add	r2, ip
10006364:	3a34      	subs	r2, #52	@ 0x34
10006366:	d40c      	bmi.n	10006382 <d2fix_a+0x20>
10006368:	2a0c      	cmp	r2, #12
1000636a:	da07      	bge.n	1000637c <d2fix_a+0x1a>
1000636c:	0004      	movs	r4, r0
1000636e:	4091      	lsls	r1, r2
10006370:	4090      	lsls	r0, r2
10006372:	4252      	negs	r2, r2
10006374:	3220      	adds	r2, #32
10006376:	40d4      	lsrs	r4, r2
10006378:	4321      	orrs	r1, r4
1000637a:	bd10      	pop	{r4, pc}
1000637c:	43d8      	mvns	r0, r3
1000637e:	43d9      	mvns	r1, r3
10006380:	bd10      	pop	{r4, pc}
10006382:	3220      	adds	r2, #32
10006384:	d407      	bmi.n	10006396 <d2fix_a+0x34>
10006386:	460c      	mov	r4, r1
10006388:	4094      	lsls	r4, r2
1000638a:	4252      	negs	r2, r2
1000638c:	3220      	adds	r2, #32
1000638e:	4111      	asrs	r1, r2
10006390:	40d0      	lsrs	r0, r2
10006392:	4320      	orrs	r0, r4
10006394:	bd10      	pop	{r4, pc}
10006396:	0008      	movs	r0, r1
10006398:	17c9      	asrs	r1, r1, #31
1000639a:	3220      	adds	r2, #32
1000639c:	d403      	bmi.n	100063a6 <d2fix_a+0x44>
1000639e:	4252      	negs	r2, r2
100063a0:	3220      	adds	r2, #32
100063a2:	4110      	asrs	r0, r2
100063a4:	bd10      	pop	{r4, pc}
100063a6:	0018      	movs	r0, r3
100063a8:	0019      	movs	r1, r3
100063aa:	bd10      	pop	{r4, pc}
100063ac:	10006363 	.word	0x10006363

100063b0 <dunpacks>:
100063b0:	0d0a      	lsrs	r2, r1, #20
100063b2:	0fcc      	lsrs	r4, r1, #31
100063b4:	1e53      	subs	r3, r2, #1
100063b6:	051b      	lsls	r3, r3, #20
100063b8:	1ac9      	subs	r1, r1, r3
100063ba:	0552      	lsls	r2, r2, #21
100063bc:	d303      	bcc.n	100063c6 <l60_1>
100063be:	43c9      	mvns	r1, r1
100063c0:	4240      	negs	r0, r0
100063c2:	d300      	bcc.n	100063c6 <l60_1>
100063c4:	3101      	adds	r1, #1

100063c6 <l60_1>:
100063c6:	0d52      	lsrs	r2, r2, #21
100063c8:	d003      	beq.n	100063d2 <l60_2>
100063ca:	1c53      	adds	r3, r2, #1
100063cc:	0adb      	lsrs	r3, r3, #11
100063ce:	d007      	beq.n	100063e0 <l60_3>
100063d0:	1b12      	subs	r2, r2, r4

100063d2 <l60_2>:
100063d2:	2000      	movs	r0, #0
100063d4:	0064      	lsls	r4, r4, #1
100063d6:	1c61      	adds	r1, r4, #1
100063d8:	0789      	lsls	r1, r1, #30
100063da:	1289      	asrs	r1, r1, #10
100063dc:	3a80      	subs	r2, #128	@ 0x80
100063de:	0312      	lsls	r2, r2, #12

100063e0 <l60_3>:
100063e0:	4b01      	ldr	r3, [pc, #4]	@ (100063e8 <l60_3+0x8>)
100063e2:	1ad2      	subs	r2, r2, r3
100063e4:	4770      	bx	lr
100063e6:	0000      	.short	0x0000
100063e8:	000003ff 	.word	0x000003ff

100063ec <__wrap___aeabi_lmul>:
100063ec:	4351      	muls	r1, r2
100063ee:	4343      	muls	r3, r0
100063f0:	18c9      	adds	r1, r1, r3
100063f2:	468c      	mov	ip, r1
100063f4:	0c11      	lsrs	r1, r2, #16
100063f6:	b283      	uxth	r3, r0
100063f8:	434b      	muls	r3, r1
100063fa:	b410      	push	{r4}
100063fc:	0c04      	lsrs	r4, r0, #16
100063fe:	4361      	muls	r1, r4
10006400:	b292      	uxth	r2, r2
10006402:	b280      	uxth	r0, r0
10006404:	4350      	muls	r0, r2
10006406:	4362      	muls	r2, r4
10006408:	041c      	lsls	r4, r3, #16
1000640a:	0c1b      	lsrs	r3, r3, #16
1000640c:	1900      	adds	r0, r0, r4
1000640e:	bc10      	pop	{r4}
10006410:	4159      	adcs	r1, r3
10006412:	0413      	lsls	r3, r2, #16
10006414:	0c12      	lsrs	r2, r2, #16
10006416:	18c0      	adds	r0, r0, r3
10006418:	4151      	adcs	r1, r2
1000641a:	4461      	add	r1, ip
1000641c:	4770      	bx	lr
	...

10006420 <__wrap___aeabi_frsub>:
10006420:	4048      	eors	r0, r1
10006422:	4041      	eors	r1, r0
10006424:	4048      	eors	r0, r1

10006426 <__wrap___aeabi_fsub>:
10006426:	4b0e      	ldr	r3, [pc, #56]	@ (10006460 <__wrap___aeabi_fmul+0x6>)
10006428:	685b      	ldr	r3, [r3, #4]
1000642a:	4718      	bx	r3

1000642c <__wrap___aeabi_fadd>:
1000642c:	4b0c      	ldr	r3, [pc, #48]	@ (10006460 <__wrap___aeabi_fmul+0x6>)
1000642e:	681b      	ldr	r3, [r3, #0]
10006430:	4718      	bx	r3

10006432 <__wrap___aeabi_fdiv>:
10006432:	4a0c      	ldr	r2, [pc, #48]	@ (10006464 <__wrap___aeabi_fmul+0xa>)
10006434:	6f93      	ldr	r3, [r2, #120]	@ 0x78
10006436:	089b      	lsrs	r3, r3, #2
10006438:	d202      	bcs.n	10006440 <fdiv_save_state>

1000643a <fdiv_shim_call>:
1000643a:	4b09      	ldr	r3, [pc, #36]	@ (10006460 <__wrap___aeabi_fmul+0x6>)
1000643c:	68db      	ldr	r3, [r3, #12]
1000643e:	4718      	bx	r3

10006440 <fdiv_save_state>:
10006440:	b5f0      	push	{r4, r5, r6, r7, lr}
10006442:	6e14      	ldr	r4, [r2, #96]	@ 0x60
10006444:	6e55      	ldr	r5, [r2, #100]	@ 0x64
10006446:	6f57      	ldr	r7, [r2, #116]	@ 0x74
10006448:	6f16      	ldr	r6, [r2, #112]	@ 0x70
1000644a:	f7ff fff6 	bl	1000643a <fdiv_shim_call>
1000644e:	4a05      	ldr	r2, [pc, #20]	@ (10006464 <__wrap___aeabi_fmul+0xa>)
10006450:	6614      	str	r4, [r2, #96]	@ 0x60
10006452:	6655      	str	r5, [r2, #100]	@ 0x64
10006454:	6757      	str	r7, [r2, #116]	@ 0x74
10006456:	6716      	str	r6, [r2, #112]	@ 0x70
10006458:	bdf0      	pop	{r4, r5, r6, r7, pc}

1000645a <__wrap___aeabi_fmul>:
1000645a:	4b01      	ldr	r3, [pc, #4]	@ (10006460 <__wrap___aeabi_fmul+0x6>)
1000645c:	689b      	ldr	r3, [r3, #8]
1000645e:	4718      	bx	r3
10006460:	20001300 	.word	0x20001300
10006464:	d0000000 	.word	0xd0000000

10006468 <__wrap___aeabi_ui2f>:
10006468:	1a49      	subs	r1, r1, r1
1000646a:	2800      	cmp	r0, #0
1000646c:	d108      	bne.n	10006480 <__aeabi_i2f_main>
1000646e:	4608      	mov	r0, r1
10006470:	4770      	bx	lr
	...

10006474 <__wrap___aeabi_i2f>:
10006474:	0fc1      	lsrs	r1, r0, #31
10006476:	07c9      	lsls	r1, r1, #31
10006478:	d500      	bpl.n	1000647c <__wrap___aeabi_i2f+0x8>
1000647a:	4240      	negs	r0, r0
1000647c:	2800      	cmp	r0, #0
1000647e:	d017      	beq.n	100064b0 <__aeabi_i2f_main+0x30>

10006480 <__aeabi_i2f_main>:
10006480:	46f4      	mov	ip, lr
10006482:	b403      	push	{r0, r1}
10006484:	4b0b      	ldr	r3, [pc, #44]	@ (100064b4 <__aeabi_i2f_main+0x34>)
10006486:	681b      	ldr	r3, [r3, #0]
10006488:	4798      	blx	r3
1000648a:	bc06      	pop	{r1, r2}
1000648c:	4081      	lsls	r1, r0
1000648e:	389e      	subs	r0, #158	@ 0x9e
10006490:	4240      	negs	r0, r0
10006492:	3180      	adds	r1, #128	@ 0x80
10006494:	d207      	bcs.n	100064a6 <__aeabi_i2f_main+0x26>
10006496:	060b      	lsls	r3, r1, #24
10006498:	d007      	beq.n	100064aa <__aeabi_i2f_main+0x2a>
1000649a:	0049      	lsls	r1, r1, #1
1000649c:	0a49      	lsrs	r1, r1, #9
1000649e:	05c0      	lsls	r0, r0, #23
100064a0:	4310      	orrs	r0, r2
100064a2:	4308      	orrs	r0, r1
100064a4:	4760      	bx	ip
100064a6:	3001      	adds	r0, #1
100064a8:	e7f8      	b.n	1000649c <__aeabi_i2f_main+0x1c>
100064aa:	0a49      	lsrs	r1, r1, #9
100064ac:	0289      	lsls	r1, r1, #10
100064ae:	e7f5      	b.n	1000649c <__aeabi_i2f_main+0x1c>
100064b0:	4770      	bx	lr
100064b2:	0000      	.short	0x0000
100064b4:	20011fe8 	.word	0x20011fe8

100064b8 <__wrap___aeabi_f2uiz>:
100064b8:	4b01      	ldr	r3, [pc, #4]	@ (100064c0 <__wrap___aeabi_f2uiz+0x8>)
100064ba:	6a5b      	ldr	r3, [r3, #36]	@ 0x24
100064bc:	4718      	bx	r3
100064be:	0000      	.short	0x0000
100064c0:	20001300 	.word	0x20001300

100064c4 <__wrap___aeabi_f2d>:
100064c4:	4b03      	ldr	r3, [pc, #12]	@ (100064d4 <__wrap___aeabi_f2d+0x10>)
100064c6:	6fdb      	ldr	r3, [r3, #124]	@ 0x7c
100064c8:	46fc      	mov	ip, pc
100064ca:	4718      	bx	r3
100064cc:	6569df7c 	.word	0x6569df7c
100064d0:	00001000 	.word	0x00001000
100064d4:	20001300 	.word	0x20001300

100064d8 <__aeabi_float_init>:
100064d8:	2313      	movs	r3, #19
100064da:	b510      	push	{r4, lr}
100064dc:	4812      	ldr	r0, [pc, #72]	@ (10006528 <__aeabi_float_init+0x50>)
100064de:	781c      	ldrb	r4, [r3, #0]
100064e0:	f7fe ffce 	bl	10005480 <rom_data_lookup>
100064e4:	0001      	movs	r1, r0
100064e6:	2c01      	cmp	r4, #1
100064e8:	d00a      	beq.n	10006500 <__aeabi_float_init+0x28>
100064ea:	dd03      	ble.n	100064f4 <__aeabi_float_init+0x1c>
100064ec:	2280      	movs	r2, #128	@ 0x80
100064ee:	480f      	ldr	r0, [pc, #60]	@ (1000652c <__aeabi_float_init+0x54>)
100064f0:	f000 f860 	bl	100065b4 <__wrap___aeabi_memcpy>
100064f4:	480e      	ldr	r0, [pc, #56]	@ (10006530 <__aeabi_float_init+0x58>)
100064f6:	f7fe ffbb 	bl	10005470 <rom_func_lookup>
100064fa:	4b0e      	ldr	r3, [pc, #56]	@ (10006534 <__aeabi_float_init+0x5c>)
100064fc:	6018      	str	r0, [r3, #0]
100064fe:	bd10      	pop	{r4, pc}
10006500:	4c0a      	ldr	r4, [pc, #40]	@ (1000652c <__aeabi_float_init+0x54>)
10006502:	2254      	movs	r2, #84	@ 0x54
10006504:	0020      	movs	r0, r4
10006506:	f000 f855 	bl	100065b4 <__wrap___aeabi_memcpy>
1000650a:	4b0b      	ldr	r3, [pc, #44]	@ (10006538 <__aeabi_float_init+0x60>)
1000650c:	6563      	str	r3, [r4, #84]	@ 0x54
1000650e:	65a3      	str	r3, [r4, #88]	@ 0x58
10006510:	65e3      	str	r3, [r4, #92]	@ 0x5c
10006512:	6623      	str	r3, [r4, #96]	@ 0x60
10006514:	6663      	str	r3, [r4, #100]	@ 0x64
10006516:	66a3      	str	r3, [r4, #104]	@ 0x68
10006518:	66e3      	str	r3, [r4, #108]	@ 0x6c
1000651a:	6723      	str	r3, [r4, #112]	@ 0x70
1000651c:	6763      	str	r3, [r4, #116]	@ 0x74
1000651e:	67a3      	str	r3, [r4, #120]	@ 0x78
10006520:	67e3      	str	r3, [r4, #124]	@ 0x7c
10006522:	6223      	str	r3, [r4, #32]
10006524:	61e3      	str	r3, [r4, #28]
10006526:	e7e5      	b.n	100064f4 <__aeabi_float_init+0x1c>
10006528:	00004653 	.word	0x00004653
1000652c:	20001300 	.word	0x20001300
10006530:	0000334c 	.word	0x0000334c
10006534:	20011fe8 	.word	0x20011fe8
10006538:	1000653d 	.word	0x1000653d

1000653c <float_table_shim_on_use_helper>:
1000653c:	b507      	push	{r0, r1, r2, lr}
1000653e:	4660      	mov	r0, ip
10006540:	8801      	ldrh	r1, [r0, #0]
10006542:	0a0a      	lsrs	r2, r1, #8
10006544:	3002      	adds	r0, #2
10006546:	2adf      	cmp	r2, #223	@ 0xdf
10006548:	d1fa      	bne.n	10006540 <float_table_shim_on_use_helper+0x4>
1000654a:	b2c9      	uxtb	r1, r1
1000654c:	0882      	lsrs	r2, r0, #2
1000654e:	d304      	bcc.n	1000655a <float_table_shim_on_use_helper+0x1e>
10006550:	8802      	ldrh	r2, [r0, #0]
10006552:	8840      	ldrh	r0, [r0, #2]
10006554:	0400      	lsls	r0, r0, #16
10006556:	4310      	orrs	r0, r2
10006558:	e000      	b.n	1000655c <float_table_shim_on_use_helper+0x20>
1000655a:	6800      	ldr	r0, [r0, #0]
1000655c:	4a01      	ldr	r2, [pc, #4]	@ (10006564 <float_table_shim_on_use_helper+0x28>)
1000655e:	5050      	str	r0, [r2, r1]
10006560:	9003      	str	r0, [sp, #12]
10006562:	bd07      	pop	{r0, r1, r2, pc}
10006564:	20001300 	.word	0x20001300

10006568 <float2double_shim>:
10006568:	0fc3      	lsrs	r3, r0, #31
1000656a:	07db      	lsls	r3, r3, #31
1000656c:	0041      	lsls	r1, r0, #1
1000656e:	0e0a      	lsrs	r2, r1, #24
10006570:	d007      	beq.n	10006582 <float2double_shim+0x1a>
10006572:	2aff      	cmp	r2, #255	@ 0xff
10006574:	d008      	beq.n	10006588 <float2double_shim+0x20>
10006576:	0909      	lsrs	r1, r1, #4
10006578:	4a05      	ldr	r2, [pc, #20]	@ (10006590 <float2double_shim+0x28>)
1000657a:	1889      	adds	r1, r1, r2
1000657c:	4319      	orrs	r1, r3
1000657e:	0740      	lsls	r0, r0, #29
10006580:	4770      	bx	lr
10006582:	0019      	movs	r1, r3
10006584:	2000      	movs	r0, #0
10006586:	4770      	bx	lr
10006588:	4902      	ldr	r1, [pc, #8]	@ (10006594 <float2double_shim+0x2c>)
1000658a:	18c9      	adds	r1, r1, r3
1000658c:	e7fa      	b.n	10006584 <float2double_shim+0x1c>
1000658e:	0000      	.short	0x0000
10006590:	38000000 	.word	0x38000000
10006594:	7ff00000 	.word	0x7ff00000

10006598 <__aeabi_mem_init>:
10006598:	4801      	ldr	r0, [pc, #4]	@ (100065a0 <__aeabi_mem_init+0x8>)
1000659a:	2104      	movs	r1, #4
1000659c:	4b01      	ldr	r3, [pc, #4]	@ (100065a4 <__aeabi_mem_init+0xc>)
1000659e:	4718      	bx	r3
100065a0:	20001030 	.word	0x20001030
100065a4:	10005491 	.word	0x10005491

100065a8 <__wrap_memset>:
100065a8:	4b01      	ldr	r3, [pc, #4]	@ (100065b0 <__wrap_memset+0x8>)
100065aa:	681b      	ldr	r3, [r3, #0]
100065ac:	4718      	bx	r3
100065ae:	0000      	.short	0x0000
100065b0:	20001030 	.word	0x20001030

100065b4 <__wrap___aeabi_memcpy>:
100065b4:	4b01      	ldr	r3, [pc, #4]	@ (100065bc <__wrap___aeabi_memcpy+0x8>)
100065b6:	685b      	ldr	r3, [r3, #4]
100065b8:	4718      	bx	r3
100065ba:	0000      	.short	0x0000
100065bc:	20001030 	.word	0x20001030

100065c0 <_out_null>:
100065c0:	4770      	bx	lr
100065c2:	46c0      	nop			@ (mov r8, r8)

100065c4 <_out_rev>:
100065c4:	b5f8      	push	{r3, r4, r5, r6, r7, lr}
100065c6:	4657      	mov	r7, sl
100065c8:	46de      	mov	lr, fp
100065ca:	464e      	mov	r6, r9
100065cc:	4645      	mov	r5, r8
100065ce:	b5e0      	push	{r5, r6, r7, lr}
100065d0:	4699      	mov	r9, r3
100065d2:	9b0a      	ldr	r3, [sp, #40]	@ 0x28
100065d4:	0007      	movs	r7, r0
100065d6:	469a      	mov	sl, r3
100065d8:	9b0d      	ldr	r3, [sp, #52]	@ 0x34
100065da:	4688      	mov	r8, r1
100065dc:	4693      	mov	fp, r2
100065de:	9c0b      	ldr	r4, [sp, #44]	@ 0x2c
100065e0:	079b      	lsls	r3, r3, #30
100065e2:	d13b      	bne.n	1000665c <_out_rev+0x98>
100065e4:	9b0c      	ldr	r3, [sp, #48]	@ 0x30
100065e6:	429c      	cmp	r4, r3
100065e8:	d23d      	bcs.n	10006666 <_out_rev+0xa2>
100065ea:	1b1e      	subs	r6, r3, r4
100065ec:	940b      	str	r4, [sp, #44]	@ 0x2c
100065ee:	0015      	movs	r5, r2
100065f0:	000c      	movs	r4, r1
100065f2:	445e      	add	r6, fp
100065f4:	002a      	movs	r2, r5
100065f6:	464b      	mov	r3, r9
100065f8:	3501      	adds	r5, #1
100065fa:	0021      	movs	r1, r4
100065fc:	2020      	movs	r0, #32
100065fe:	47b8      	blx	r7
10006600:	42b5      	cmp	r5, r6
10006602:	d1f7      	bne.n	100065f4 <_out_rev+0x30>
10006604:	46a0      	mov	r8, r4
10006606:	9c0b      	ldr	r4, [sp, #44]	@ 0x2c
10006608:	2c00      	cmp	r4, #0
1000660a:	d020      	beq.n	1000664e <_out_rev+0x8a>
1000660c:	4645      	mov	r5, r8
1000660e:	1936      	adds	r6, r6, r4
10006610:	4653      	mov	r3, sl
10006612:	1b32      	subs	r2, r6, r4
10006614:	3c01      	subs	r4, #1
10006616:	5d18      	ldrb	r0, [r3, r4]
10006618:	0029      	movs	r1, r5
1000661a:	464b      	mov	r3, r9
1000661c:	47b8      	blx	r7
1000661e:	2c00      	cmp	r4, #0
10006620:	d1f6      	bne.n	10006610 <_out_rev+0x4c>
10006622:	002b      	movs	r3, r5
10006624:	0035      	movs	r5, r6
10006626:	4698      	mov	r8, r3
10006628:	9b0d      	ldr	r3, [sp, #52]	@ 0x34
1000662a:	079b      	lsls	r3, r3, #30
1000662c:	d50f      	bpl.n	1000664e <_out_rev+0x8a>
1000662e:	465b      	mov	r3, fp
10006630:	1aec      	subs	r4, r5, r3
10006632:	9b0c      	ldr	r3, [sp, #48]	@ 0x30
10006634:	42a3      	cmp	r3, r4
10006636:	d90a      	bls.n	1000664e <_out_rev+0x8a>
10006638:	4646      	mov	r6, r8
1000663a:	4698      	mov	r8, r3
1000663c:	002a      	movs	r2, r5
1000663e:	464b      	mov	r3, r9
10006640:	0031      	movs	r1, r6
10006642:	2020      	movs	r0, #32
10006644:	3401      	adds	r4, #1
10006646:	47b8      	blx	r7
10006648:	3501      	adds	r5, #1
1000664a:	4544      	cmp	r4, r8
1000664c:	d3f6      	bcc.n	1000663c <_out_rev+0x78>
1000664e:	0028      	movs	r0, r5
10006650:	bcf0      	pop	{r4, r5, r6, r7}
10006652:	46bb      	mov	fp, r7
10006654:	46b2      	mov	sl, r6
10006656:	46a9      	mov	r9, r5
10006658:	46a0      	mov	r8, r4
1000665a:	bdf8      	pop	{r3, r4, r5, r6, r7, pc}
1000665c:	0016      	movs	r6, r2
1000665e:	0015      	movs	r5, r2
10006660:	2c00      	cmp	r4, #0
10006662:	d1d3      	bne.n	1000660c <_out_rev+0x48>
10006664:	e7e0      	b.n	10006628 <_out_rev+0x64>
10006666:	0016      	movs	r6, r2
10006668:	0015      	movs	r5, r2
1000666a:	2c00      	cmp	r4, #0
1000666c:	d1ce      	bne.n	1000660c <_out_rev+0x48>
1000666e:	e7ee      	b.n	1000664e <_out_rev+0x8a>

10006670 <_ntoa_format>:
10006670:	b5f0      	push	{r4, r5, r6, r7, lr}
10006672:	4645      	mov	r5, r8
10006674:	46de      	mov	lr, fp
10006676:	4657      	mov	r7, sl
10006678:	464e      	mov	r6, r9
1000667a:	b5e0      	push	{r5, r6, r7, lr}
1000667c:	b085      	sub	sp, #20
1000667e:	469c      	mov	ip, r3
10006680:	ab10      	add	r3, sp, #64	@ 0x40
10006682:	781b      	ldrb	r3, [r3, #0]
10006684:	9f14      	ldr	r7, [sp, #80]	@ 0x50
10006686:	4693      	mov	fp, r2
10006688:	4698      	mov	r8, r3
1000668a:	9c0f      	ldr	r4, [sp, #60]	@ 0x3c
1000668c:	9e12      	ldr	r6, [sp, #72]	@ 0x48
1000668e:	9d13      	ldr	r5, [sp, #76]	@ 0x4c
10006690:	07bb      	lsls	r3, r7, #30
10006692:	d44c      	bmi.n	1000672e <_ntoa_format+0xbe>
10006694:	2d00      	cmp	r5, #0
10006696:	d142      	bne.n	1000671e <_ntoa_format+0xae>
10006698:	42b4      	cmp	r4, r6
1000669a:	d248      	bcs.n	1000672e <_ntoa_format+0xbe>
1000669c:	2301      	movs	r3, #1
1000669e:	403b      	ands	r3, r7
100066a0:	4699      	mov	r9, r3
100066a2:	9b0e      	ldr	r3, [sp, #56]	@ 0x38
100066a4:	3b01      	subs	r3, #1
100066a6:	469a      	mov	sl, r3
100066a8:	2330      	movs	r3, #48	@ 0x30
100066aa:	e004      	b.n	100066b6 <_ntoa_format+0x46>
100066ac:	4652      	mov	r2, sl
100066ae:	3401      	adds	r4, #1
100066b0:	5513      	strb	r3, [r2, r4]
100066b2:	42a6      	cmp	r6, r4
100066b4:	d901      	bls.n	100066ba <_ntoa_format+0x4a>
100066b6:	2c20      	cmp	r4, #32
100066b8:	d1f8      	bne.n	100066ac <_ntoa_format+0x3c>
100066ba:	464b      	mov	r3, r9
100066bc:	2b00      	cmp	r3, #0
100066be:	d100      	bne.n	100066c2 <_ntoa_format+0x52>
100066c0:	e083      	b.n	100067ca <_ntoa_format+0x15a>
100066c2:	9b0e      	ldr	r3, [sp, #56]	@ 0x38
100066c4:	3b01      	subs	r3, #1
100066c6:	4699      	mov	r9, r3
100066c8:	2330      	movs	r3, #48	@ 0x30
100066ca:	42a5      	cmp	r5, r4
100066cc:	d805      	bhi.n	100066da <_ntoa_format+0x6a>
100066ce:	e02e      	b.n	1000672e <_ntoa_format+0xbe>
100066d0:	464a      	mov	r2, r9
100066d2:	3401      	adds	r4, #1
100066d4:	5513      	strb	r3, [r2, r4]
100066d6:	42ac      	cmp	r4, r5
100066d8:	d029      	beq.n	1000672e <_ntoa_format+0xbe>
100066da:	2c20      	cmp	r4, #32
100066dc:	d1f8      	bne.n	100066d0 <_ntoa_format+0x60>
100066de:	06fb      	lsls	r3, r7, #27
100066e0:	d50c      	bpl.n	100066fc <_ntoa_format+0x8c>
100066e2:	057b      	lsls	r3, r7, #21
100066e4:	d454      	bmi.n	10006790 <_ntoa_format+0x120>
100066e6:	42a6      	cmp	r6, r4
100066e8:	d063      	beq.n	100067b2 <_ntoa_format+0x142>
100066ea:	42a5      	cmp	r5, r4
100066ec:	d061      	beq.n	100067b2 <_ntoa_format+0x142>
100066ee:	9b11      	ldr	r3, [sp, #68]	@ 0x44
100066f0:	2b10      	cmp	r3, #16
100066f2:	d050      	beq.n	10006796 <_ntoa_format+0x126>
100066f4:	2b02      	cmp	r3, #2
100066f6:	d057      	beq.n	100067a8 <_ntoa_format+0x138>
100066f8:	2c20      	cmp	r4, #32
100066fa:	d132      	bne.n	10006762 <_ntoa_format+0xf2>
100066fc:	2320      	movs	r3, #32
100066fe:	9301      	str	r3, [sp, #4]
10006700:	9b0e      	ldr	r3, [sp, #56]	@ 0x38
10006702:	465a      	mov	r2, fp
10006704:	9300      	str	r3, [sp, #0]
10006706:	9703      	str	r7, [sp, #12]
10006708:	4663      	mov	r3, ip
1000670a:	9502      	str	r5, [sp, #8]
1000670c:	f7ff ff5a 	bl	100065c4 <_out_rev>
10006710:	b005      	add	sp, #20
10006712:	bcf0      	pop	{r4, r5, r6, r7}
10006714:	46bb      	mov	fp, r7
10006716:	46b2      	mov	sl, r6
10006718:	46a9      	mov	r9, r5
1000671a:	46a0      	mov	r8, r4
1000671c:	bdf0      	pop	{r4, r5, r6, r7, pc}
1000671e:	2301      	movs	r3, #1
10006720:	403b      	ands	r3, r7
10006722:	4699      	mov	r9, r3
10006724:	2301      	movs	r3, #1
10006726:	423b      	tst	r3, r7
10006728:	d12a      	bne.n	10006780 <_ntoa_format+0x110>
1000672a:	42b4      	cmp	r4, r6
1000672c:	d3b9      	bcc.n	100066a2 <_ntoa_format+0x32>
1000672e:	06fb      	lsls	r3, r7, #27
10006730:	d51c      	bpl.n	1000676c <_ntoa_format+0xfc>
10006732:	057b      	lsls	r3, r7, #21
10006734:	d4db      	bmi.n	100066ee <_ntoa_format+0x7e>
10006736:	2c00      	cmp	r4, #0
10006738:	d1d5      	bne.n	100066e6 <_ntoa_format+0x76>
1000673a:	9b11      	ldr	r3, [sp, #68]	@ 0x44
1000673c:	2b10      	cmp	r3, #16
1000673e:	d05b      	beq.n	100067f8 <_ntoa_format+0x188>
10006740:	9b11      	ldr	r3, [sp, #68]	@ 0x44
10006742:	2b02      	cmp	r3, #2
10006744:	d06b      	beq.n	1000681e <_ntoa_format+0x1ae>
10006746:	2330      	movs	r3, #48	@ 0x30
10006748:	2401      	movs	r4, #1
1000674a:	9a0e      	ldr	r2, [sp, #56]	@ 0x38
1000674c:	7013      	strb	r3, [r2, #0]
1000674e:	4643      	mov	r3, r8
10006750:	2b00      	cmp	r3, #0
10006752:	d110      	bne.n	10006776 <_ntoa_format+0x106>
10006754:	077b      	lsls	r3, r7, #29
10006756:	d53e      	bpl.n	100067d6 <_ntoa_format+0x166>
10006758:	262b      	movs	r6, #43	@ 0x2b
1000675a:	9a0e      	ldr	r2, [sp, #56]	@ 0x38
1000675c:	1c63      	adds	r3, r4, #1
1000675e:	5516      	strb	r6, [r2, r4]
10006760:	e7cd      	b.n	100066fe <_ntoa_format+0x8e>
10006762:	0023      	movs	r3, r4
10006764:	3401      	adds	r4, #1
10006766:	2630      	movs	r6, #48	@ 0x30
10006768:	9a0e      	ldr	r2, [sp, #56]	@ 0x38
1000676a:	54d6      	strb	r6, [r2, r3]
1000676c:	2c20      	cmp	r4, #32
1000676e:	d0c5      	beq.n	100066fc <_ntoa_format+0x8c>
10006770:	4643      	mov	r3, r8
10006772:	2b00      	cmp	r3, #0
10006774:	d0ee      	beq.n	10006754 <_ntoa_format+0xe4>
10006776:	262d      	movs	r6, #45	@ 0x2d
10006778:	9a0e      	ldr	r2, [sp, #56]	@ 0x38
1000677a:	1c63      	adds	r3, r4, #1
1000677c:	5516      	strb	r6, [r2, r4]
1000677e:	e7be      	b.n	100066fe <_ntoa_format+0x8e>
10006780:	4643      	mov	r3, r8
10006782:	2b00      	cmp	r3, #0
10006784:	d02f      	beq.n	100067e6 <_ntoa_format+0x176>
10006786:	3d01      	subs	r5, #1
10006788:	42b4      	cmp	r4, r6
1000678a:	d200      	bcs.n	1000678e <_ntoa_format+0x11e>
1000678c:	e789      	b.n	100066a2 <_ntoa_format+0x32>
1000678e:	e798      	b.n	100066c2 <_ntoa_format+0x52>
10006790:	9b11      	ldr	r3, [sp, #68]	@ 0x44
10006792:	2b10      	cmp	r3, #16
10006794:	d1b2      	bne.n	100066fc <_ntoa_format+0x8c>
10006796:	06bb      	lsls	r3, r7, #26
10006798:	d537      	bpl.n	1000680a <_ntoa_format+0x19a>
1000679a:	2c20      	cmp	r4, #32
1000679c:	d0ae      	beq.n	100066fc <_ntoa_format+0x8c>
1000679e:	2358      	movs	r3, #88	@ 0x58
100067a0:	9a0e      	ldr	r2, [sp, #56]	@ 0x38
100067a2:	5513      	strb	r3, [r2, r4]
100067a4:	3401      	adds	r4, #1
100067a6:	e7a7      	b.n	100066f8 <_ntoa_format+0x88>
100067a8:	2c20      	cmp	r4, #32
100067aa:	d0a7      	beq.n	100066fc <_ntoa_format+0x8c>
100067ac:	0023      	movs	r3, r4
100067ae:	3401      	adds	r4, #1
100067b0:	e007      	b.n	100067c2 <_ntoa_format+0x152>
100067b2:	1e63      	subs	r3, r4, #1
100067b4:	2c01      	cmp	r4, #1
100067b6:	d0c0      	beq.n	1000673a <_ntoa_format+0xca>
100067b8:	9a11      	ldr	r2, [sp, #68]	@ 0x44
100067ba:	2a10      	cmp	r2, #16
100067bc:	d031      	beq.n	10006822 <_ntoa_format+0x1b2>
100067be:	2a02      	cmp	r2, #2
100067c0:	d1d1      	bne.n	10006766 <_ntoa_format+0xf6>
100067c2:	2662      	movs	r6, #98	@ 0x62
100067c4:	9a0e      	ldr	r2, [sp, #56]	@ 0x38
100067c6:	54d6      	strb	r6, [r2, r3]
100067c8:	e796      	b.n	100066f8 <_ntoa_format+0x88>
100067ca:	06fb      	lsls	r3, r7, #27
100067cc:	d5ce      	bpl.n	1000676c <_ntoa_format+0xfc>
100067ce:	057b      	lsls	r3, r7, #21
100067d0:	d400      	bmi.n	100067d4 <_ntoa_format+0x164>
100067d2:	e788      	b.n	100066e6 <_ntoa_format+0x76>
100067d4:	e78b      	b.n	100066ee <_ntoa_format+0x7e>
100067d6:	0023      	movs	r3, r4
100067d8:	073e      	lsls	r6, r7, #28
100067da:	d590      	bpl.n	100066fe <_ntoa_format+0x8e>
100067dc:	2620      	movs	r6, #32
100067de:	9a0e      	ldr	r2, [sp, #56]	@ 0x38
100067e0:	3301      	adds	r3, #1
100067e2:	5516      	strb	r6, [r2, r4]
100067e4:	e78b      	b.n	100066fe <_ntoa_format+0x8e>
100067e6:	230c      	movs	r3, #12
100067e8:	403b      	ands	r3, r7
100067ea:	1e5a      	subs	r2, r3, #1
100067ec:	4193      	sbcs	r3, r2
100067ee:	1aed      	subs	r5, r5, r3
100067f0:	42b4      	cmp	r4, r6
100067f2:	d200      	bcs.n	100067f6 <_ntoa_format+0x186>
100067f4:	e755      	b.n	100066a2 <_ntoa_format+0x32>
100067f6:	e764      	b.n	100066c2 <_ntoa_format+0x52>
100067f8:	06bb      	lsls	r3, r7, #26
100067fa:	d40e      	bmi.n	1000681a <_ntoa_format+0x1aa>
100067fc:	2378      	movs	r3, #120	@ 0x78
100067fe:	9a0e      	ldr	r2, [sp, #56]	@ 0x38
10006800:	2402      	movs	r4, #2
10006802:	7013      	strb	r3, [r2, #0]
10006804:	2330      	movs	r3, #48	@ 0x30
10006806:	7053      	strb	r3, [r2, #1]
10006808:	e7a1      	b.n	1000674e <_ntoa_format+0xde>
1000680a:	2c20      	cmp	r4, #32
1000680c:	d100      	bne.n	10006810 <_ntoa_format+0x1a0>
1000680e:	e775      	b.n	100066fc <_ntoa_format+0x8c>
10006810:	2378      	movs	r3, #120	@ 0x78
10006812:	9a0e      	ldr	r2, [sp, #56]	@ 0x38
10006814:	5513      	strb	r3, [r2, r4]
10006816:	3401      	adds	r4, #1
10006818:	e76e      	b.n	100066f8 <_ntoa_format+0x88>
1000681a:	2358      	movs	r3, #88	@ 0x58
1000681c:	e7ef      	b.n	100067fe <_ntoa_format+0x18e>
1000681e:	3360      	adds	r3, #96	@ 0x60
10006820:	e7ed      	b.n	100067fe <_ntoa_format+0x18e>
10006822:	9a0e      	ldr	r2, [sp, #56]	@ 0x38
10006824:	1ea6      	subs	r6, r4, #2
10006826:	4691      	mov	r9, r2
10006828:	444e      	add	r6, r9
1000682a:	06ba      	lsls	r2, r7, #26
1000682c:	d502      	bpl.n	10006834 <_ntoa_format+0x1c4>
1000682e:	2258      	movs	r2, #88	@ 0x58
10006830:	7032      	strb	r2, [r6, #0]
10006832:	e798      	b.n	10006766 <_ntoa_format+0xf6>
10006834:	2278      	movs	r2, #120	@ 0x78
10006836:	7032      	strb	r2, [r6, #0]
10006838:	e795      	b.n	10006766 <_ntoa_format+0xf6>
1000683a:	46c0      	nop			@ (mov r8, r8)

1000683c <_out_char>:
1000683c:	b510      	push	{r4, lr}
1000683e:	2800      	cmp	r0, #0
10006840:	d100      	bne.n	10006844 <_out_char+0x8>
10006842:	bd10      	pop	{r4, pc}
10006844:	f001 fc7a 	bl	1000813c <__wrap_putchar>
10006848:	e7fb      	b.n	10006842 <_out_char+0x6>
1000684a:	46c0      	nop			@ (mov r8, r8)

1000684c <_out_fct>:
1000684c:	000b      	movs	r3, r1
1000684e:	b510      	push	{r4, lr}
10006850:	2800      	cmp	r0, #0
10006852:	d002      	beq.n	1000685a <_out_fct+0xe>
10006854:	6849      	ldr	r1, [r1, #4]
10006856:	681b      	ldr	r3, [r3, #0]
10006858:	4798      	blx	r3
1000685a:	bd10      	pop	{r4, pc}

1000685c <_ftoa>:
1000685c:	b5f0      	push	{r4, r5, r6, r7, lr}
1000685e:	4657      	mov	r7, sl
10006860:	46de      	mov	lr, fp
10006862:	464e      	mov	r6, r9
10006864:	4645      	mov	r5, r8
10006866:	b5e0      	push	{r5, r6, r7, lr}
10006868:	b095      	sub	sp, #84	@ 0x54
1000686a:	4683      	mov	fp, r0
1000686c:	000f      	movs	r7, r1
1000686e:	4692      	mov	sl, r2
10006870:	4698      	mov	r8, r3
10006872:	9a1e      	ldr	r2, [sp, #120]	@ 0x78
10006874:	9b1f      	ldr	r3, [sp, #124]	@ 0x7c
10006876:	0010      	movs	r0, r2
10006878:	0019      	movs	r1, r3
1000687a:	9e20      	ldr	r6, [sp, #128]	@ 0x80
1000687c:	f7ff fa5b 	bl	10005d36 <__wrap___aeabi_dcmpun>
10006880:	2800      	cmp	r0, #0
10006882:	d000      	beq.n	10006886 <_ftoa+0x2a>
10006884:	e1ea      	b.n	10006c5c <_ftoa+0x400>
10006886:	981e      	ldr	r0, [sp, #120]	@ 0x78
10006888:	991f      	ldr	r1, [sp, #124]	@ 0x7c
1000688a:	2201      	movs	r2, #1
1000688c:	4bc5      	ldr	r3, [pc, #788]	@ (10006ba4 <_ftoa+0x348>)
1000688e:	4252      	negs	r2, r2
10006890:	f7ff fa36 	bl	10005d00 <__wrap___aeabi_dcmplt>
10006894:	2800      	cmp	r0, #0
10006896:	d000      	beq.n	1000689a <_ftoa+0x3e>
10006898:	e114      	b.n	10006ac4 <_ftoa+0x268>
1000689a:	981e      	ldr	r0, [sp, #120]	@ 0x78
1000689c:	991f      	ldr	r1, [sp, #124]	@ 0x7c
1000689e:	2201      	movs	r2, #1
100068a0:	4bc1      	ldr	r3, [pc, #772]	@ (10006ba8 <_ftoa+0x34c>)
100068a2:	4252      	negs	r2, r2
100068a4:	f7ff fa42 	bl	10005d2c <__wrap___aeabi_dcmpgt>
100068a8:	2800      	cmp	r0, #0
100068aa:	d000      	beq.n	100068ae <_ftoa+0x52>
100068ac:	e0e9      	b.n	10006a82 <_ftoa+0x226>
100068ae:	981e      	ldr	r0, [sp, #120]	@ 0x78
100068b0:	991f      	ldr	r1, [sp, #124]	@ 0x7c
100068b2:	2200      	movs	r2, #0
100068b4:	4bbd      	ldr	r3, [pc, #756]	@ (10006bac <_ftoa+0x350>)
100068b6:	f7ff fa39 	bl	10005d2c <__wrap___aeabi_dcmpgt>
100068ba:	2800      	cmp	r0, #0
100068bc:	d000      	beq.n	100068c0 <_ftoa+0x64>
100068be:	e0c8      	b.n	10006a52 <_ftoa+0x1f6>
100068c0:	981e      	ldr	r0, [sp, #120]	@ 0x78
100068c2:	991f      	ldr	r1, [sp, #124]	@ 0x7c
100068c4:	2200      	movs	r2, #0
100068c6:	4bba      	ldr	r3, [pc, #744]	@ (10006bb0 <_ftoa+0x354>)
100068c8:	f7ff fa1a 	bl	10005d00 <__wrap___aeabi_dcmplt>
100068cc:	2800      	cmp	r0, #0
100068ce:	d000      	beq.n	100068d2 <_ftoa+0x76>
100068d0:	e0bf      	b.n	10006a52 <_ftoa+0x1f6>
100068d2:	981e      	ldr	r0, [sp, #120]	@ 0x78
100068d4:	991f      	ldr	r1, [sp, #124]	@ 0x7c
100068d6:	2200      	movs	r2, #0
100068d8:	2300      	movs	r3, #0
100068da:	f7ff fa11 	bl	10005d00 <__wrap___aeabi_dcmplt>
100068de:	2800      	cmp	r0, #0
100068e0:	d000      	beq.n	100068e4 <_ftoa+0x88>
100068e2:	e0e4      	b.n	10006aae <_ftoa+0x252>
100068e4:	2300      	movs	r3, #0
100068e6:	930b      	str	r3, [sp, #44]	@ 0x2c
100068e8:	9b22      	ldr	r3, [sp, #136]	@ 0x88
100068ea:	055b      	lsls	r3, r3, #21
100068ec:	d400      	bmi.n	100068f0 <_ftoa+0x94>
100068ee:	2606      	movs	r6, #6
100068f0:	2400      	movs	r4, #0
100068f2:	2330      	movs	r3, #48	@ 0x30
100068f4:	e007      	b.n	10006906 <_ftoa+0xaa>
100068f6:	2117      	movs	r1, #23
100068f8:	aa06      	add	r2, sp, #24
100068fa:	3401      	adds	r4, #1
100068fc:	1852      	adds	r2, r2, r1
100068fe:	5513      	strb	r3, [r2, r4]
10006900:	3e01      	subs	r6, #1
10006902:	2c20      	cmp	r4, #32
10006904:	d001      	beq.n	1000690a <_ftoa+0xae>
10006906:	2e09      	cmp	r6, #9
10006908:	d8f5      	bhi.n	100068f6 <_ftoa+0x9a>
1000690a:	981e      	ldr	r0, [sp, #120]	@ 0x78
1000690c:	991f      	ldr	r1, [sp, #124]	@ 0x7c
1000690e:	f7ff fa3b 	bl	10005d88 <__wrap___aeabi_d2iz>
10006912:	4ba8      	ldr	r3, [pc, #672]	@ (10006bb4 <_ftoa+0x358>)
10006914:	00f2      	lsls	r2, r6, #3
10006916:	189b      	adds	r3, r3, r2
10006918:	681a      	ldr	r2, [r3, #0]
1000691a:	685b      	ldr	r3, [r3, #4]
1000691c:	0005      	movs	r5, r0
1000691e:	9208      	str	r2, [sp, #32]
10006920:	9309      	str	r3, [sp, #36]	@ 0x24
10006922:	f7ff fa19 	bl	10005d58 <__wrap___aeabi_i2d>
10006926:	0002      	movs	r2, r0
10006928:	000b      	movs	r3, r1
1000692a:	981e      	ldr	r0, [sp, #120]	@ 0x78
1000692c:	991f      	ldr	r1, [sp, #124]	@ 0x7c
1000692e:	f7ff f974 	bl	10005c1a <__wrap___aeabi_dsub>
10006932:	9a08      	ldr	r2, [sp, #32]
10006934:	9b09      	ldr	r3, [sp, #36]	@ 0x24
10006936:	f7ff f9a0 	bl	10005c7a <__wrap___aeabi_dmul>
1000693a:	9006      	str	r0, [sp, #24]
1000693c:	9107      	str	r1, [sp, #28]
1000693e:	f7ff fa47 	bl	10005dd0 <__wrap___aeabi_d2uiz>
10006942:	4681      	mov	r9, r0
10006944:	f7ff fa04 	bl	10005d50 <__wrap___aeabi_ui2d>
10006948:	0002      	movs	r2, r0
1000694a:	000b      	movs	r3, r1
1000694c:	9806      	ldr	r0, [sp, #24]
1000694e:	9907      	ldr	r1, [sp, #28]
10006950:	f7ff f963 	bl	10005c1a <__wrap___aeabi_dsub>
10006954:	2200      	movs	r2, #0
10006956:	4b98      	ldr	r3, [pc, #608]	@ (10006bb8 <_ftoa+0x35c>)
10006958:	9006      	str	r0, [sp, #24]
1000695a:	9107      	str	r1, [sp, #28]
1000695c:	f7ff f9e6 	bl	10005d2c <__wrap___aeabi_dcmpgt>
10006960:	2800      	cmp	r0, #0
10006962:	d100      	bne.n	10006966 <_ftoa+0x10a>
10006964:	e10d      	b.n	10006b82 <_ftoa+0x326>
10006966:	2301      	movs	r3, #1
10006968:	469c      	mov	ip, r3
1000696a:	44e1      	add	r9, ip
1000696c:	4648      	mov	r0, r9
1000696e:	f7ff f9ef 	bl	10005d50 <__wrap___aeabi_ui2d>
10006972:	0002      	movs	r2, r0
10006974:	000b      	movs	r3, r1
10006976:	9808      	ldr	r0, [sp, #32]
10006978:	9909      	ldr	r1, [sp, #36]	@ 0x24
1000697a:	f7ff f9c7 	bl	10005d0c <__wrap___aeabi_dcmple>
1000697e:	2800      	cmp	r0, #0
10006980:	d002      	beq.n	10006988 <_ftoa+0x12c>
10006982:	2300      	movs	r3, #0
10006984:	4699      	mov	r9, r3
10006986:	3501      	adds	r5, #1
10006988:	2e00      	cmp	r6, #0
1000698a:	d100      	bne.n	1000698e <_ftoa+0x132>
1000698c:	e0d9      	b.n	10006b42 <_ftoa+0x2e6>
1000698e:	9506      	str	r5, [sp, #24]
10006990:	464d      	mov	r5, r9
10006992:	46b9      	mov	r9, r7
10006994:	e014      	b.n	100069c0 <_ftoa+0x164>
10006996:	aa06      	add	r2, sp, #24
10006998:	4694      	mov	ip, r2
1000699a:	2317      	movs	r3, #23
1000699c:	210a      	movs	r1, #10
1000699e:	4463      	add	r3, ip
100069a0:	0028      	movs	r0, r5
100069a2:	3401      	adds	r4, #1
100069a4:	191f      	adds	r7, r3, r4
100069a6:	f7fe fefd 	bl	100057a4 <__wrap___aeabi_uidiv>
100069aa:	3130      	adds	r1, #48	@ 0x30
100069ac:	7039      	strb	r1, [r7, #0]
100069ae:	0028      	movs	r0, r5
100069b0:	210a      	movs	r1, #10
100069b2:	3e01      	subs	r6, #1
100069b4:	f7fe fef6 	bl	100057a4 <__wrap___aeabi_uidiv>
100069b8:	2d09      	cmp	r5, #9
100069ba:	d800      	bhi.n	100069be <_ftoa+0x162>
100069bc:	e117      	b.n	10006bee <_ftoa+0x392>
100069be:	0005      	movs	r5, r0
100069c0:	2c20      	cmp	r4, #32
100069c2:	d1e8      	bne.n	10006996 <_ftoa+0x13a>
100069c4:	464f      	mov	r7, r9
100069c6:	9d06      	ldr	r5, [sp, #24]
100069c8:	2420      	movs	r4, #32
100069ca:	ae0c      	add	r6, sp, #48	@ 0x30
100069cc:	aa06      	add	r2, sp, #24
100069ce:	2317      	movs	r3, #23
100069d0:	4694      	mov	ip, r2
100069d2:	4463      	add	r3, ip
100069d4:	4699      	mov	r9, r3
100069d6:	465b      	mov	r3, fp
100069d8:	46b3      	mov	fp, r6
100069da:	9306      	str	r3, [sp, #24]
100069dc:	e00f      	b.n	100069fe <_ftoa+0x1a2>
100069de:	464b      	mov	r3, r9
100069e0:	0028      	movs	r0, r5
100069e2:	210a      	movs	r1, #10
100069e4:	3401      	adds	r4, #1
100069e6:	18e6      	adds	r6, r4, r3
100069e8:	f7fe feb4 	bl	10005754 <__wrap___aeabi_idiv>
100069ec:	3130      	adds	r1, #48	@ 0x30
100069ee:	0028      	movs	r0, r5
100069f0:	7031      	strb	r1, [r6, #0]
100069f2:	210a      	movs	r1, #10
100069f4:	f7fe feae 	bl	10005754 <__wrap___aeabi_idiv>
100069f8:	1e05      	subs	r5, r0, #0
100069fa:	d100      	bne.n	100069fe <_ftoa+0x1a2>
100069fc:	e0e4      	b.n	10006bc8 <_ftoa+0x36c>
100069fe:	2c20      	cmp	r4, #32
10006a00:	d1ed      	bne.n	100069de <_ftoa+0x182>
10006a02:	9b06      	ldr	r3, [sp, #24]
10006a04:	465e      	mov	r6, fp
10006a06:	469b      	mov	fp, r3
10006a08:	2303      	movs	r3, #3
10006a0a:	9a22      	ldr	r2, [sp, #136]	@ 0x88
10006a0c:	4013      	ands	r3, r2
10006a0e:	2b01      	cmp	r3, #1
10006a10:	d118      	bne.n	10006a44 <_ftoa+0x1e8>
10006a12:	9b21      	ldr	r3, [sp, #132]	@ 0x84
10006a14:	2b00      	cmp	r3, #0
10006a16:	d015      	beq.n	10006a44 <_ftoa+0x1e8>
10006a18:	9b0b      	ldr	r3, [sp, #44]	@ 0x2c
10006a1a:	2b00      	cmp	r3, #0
10006a1c:	d100      	bne.n	10006a20 <_ftoa+0x1c4>
10006a1e:	e0fd      	b.n	10006c1c <_ftoa+0x3c0>
10006a20:	9b21      	ldr	r3, [sp, #132]	@ 0x84
10006a22:	3b01      	subs	r3, #1
10006a24:	9321      	str	r3, [sp, #132]	@ 0x84
10006a26:	2b20      	cmp	r3, #32
10006a28:	d90c      	bls.n	10006a44 <_ftoa+0x1e8>
10006a2a:	2330      	movs	r3, #48	@ 0x30
10006a2c:	9a21      	ldr	r2, [sp, #132]	@ 0x84
10006a2e:	e007      	b.n	10006a40 <_ftoa+0x1e4>
10006a30:	2017      	movs	r0, #23
10006a32:	a906      	add	r1, sp, #24
10006a34:	3401      	adds	r4, #1
10006a36:	1809      	adds	r1, r1, r0
10006a38:	550b      	strb	r3, [r1, r4]
10006a3a:	4294      	cmp	r4, r2
10006a3c:	d300      	bcc.n	10006a40 <_ftoa+0x1e4>
10006a3e:	e0cc      	b.n	10006bda <_ftoa+0x37e>
10006a40:	2c20      	cmp	r4, #32
10006a42:	d1f5      	bne.n	10006a30 <_ftoa+0x1d4>
10006a44:	9b22      	ldr	r3, [sp, #136]	@ 0x88
10006a46:	9401      	str	r4, [sp, #4]
10006a48:	9303      	str	r3, [sp, #12]
10006a4a:	9b21      	ldr	r3, [sp, #132]	@ 0x84
10006a4c:	9600      	str	r6, [sp, #0]
10006a4e:	9302      	str	r3, [sp, #8]
10006a50:	e022      	b.n	10006a98 <_ftoa+0x23c>
10006a52:	9b22      	ldr	r3, [sp, #136]	@ 0x88
10006a54:	4652      	mov	r2, sl
10006a56:	9304      	str	r3, [sp, #16]
10006a58:	9b21      	ldr	r3, [sp, #132]	@ 0x84
10006a5a:	0039      	movs	r1, r7
10006a5c:	9303      	str	r3, [sp, #12]
10006a5e:	4658      	mov	r0, fp
10006a60:	9b1e      	ldr	r3, [sp, #120]	@ 0x78
10006a62:	9c1f      	ldr	r4, [sp, #124]	@ 0x7c
10006a64:	9602      	str	r6, [sp, #8]
10006a66:	9300      	str	r3, [sp, #0]
10006a68:	9401      	str	r4, [sp, #4]
10006a6a:	4643      	mov	r3, r8
10006a6c:	f000 f94a 	bl	10006d04 <_etoa>
10006a70:	0004      	movs	r4, r0
10006a72:	0020      	movs	r0, r4
10006a74:	b015      	add	sp, #84	@ 0x54
10006a76:	bcf0      	pop	{r4, r5, r6, r7}
10006a78:	46bb      	mov	fp, r7
10006a7a:	46b2      	mov	sl, r6
10006a7c:	46a9      	mov	r9, r5
10006a7e:	46a0      	mov	r8, r4
10006a80:	bdf0      	pop	{r4, r5, r6, r7, pc}
10006a82:	9b22      	ldr	r3, [sp, #136]	@ 0x88
10006a84:	075b      	lsls	r3, r3, #29
10006a86:	d40f      	bmi.n	10006aa8 <_ftoa+0x24c>
10006a88:	2203      	movs	r2, #3
10006a8a:	4b4c      	ldr	r3, [pc, #304]	@ (10006bbc <_ftoa+0x360>)
10006a8c:	9922      	ldr	r1, [sp, #136]	@ 0x88
10006a8e:	9201      	str	r2, [sp, #4]
10006a90:	9103      	str	r1, [sp, #12]
10006a92:	9921      	ldr	r1, [sp, #132]	@ 0x84
10006a94:	9300      	str	r3, [sp, #0]
10006a96:	9102      	str	r1, [sp, #8]
10006a98:	4643      	mov	r3, r8
10006a9a:	4652      	mov	r2, sl
10006a9c:	0039      	movs	r1, r7
10006a9e:	4658      	mov	r0, fp
10006aa0:	f7ff fd90 	bl	100065c4 <_out_rev>
10006aa4:	0004      	movs	r4, r0
10006aa6:	e7e4      	b.n	10006a72 <_ftoa+0x216>
10006aa8:	2204      	movs	r2, #4
10006aaa:	4b45      	ldr	r3, [pc, #276]	@ (10006bc0 <_ftoa+0x364>)
10006aac:	e7ee      	b.n	10006a8c <_ftoa+0x230>
10006aae:	9a1e      	ldr	r2, [sp, #120]	@ 0x78
10006ab0:	9b1f      	ldr	r3, [sp, #124]	@ 0x7c
10006ab2:	2000      	movs	r0, #0
10006ab4:	2100      	movs	r1, #0
10006ab6:	f7ff f8b0 	bl	10005c1a <__wrap___aeabi_dsub>
10006aba:	2301      	movs	r3, #1
10006abc:	901e      	str	r0, [sp, #120]	@ 0x78
10006abe:	911f      	str	r1, [sp, #124]	@ 0x7c
10006ac0:	930b      	str	r3, [sp, #44]	@ 0x2c
10006ac2:	e711      	b.n	100068e8 <_ftoa+0x8c>
10006ac4:	9b22      	ldr	r3, [sp, #136]	@ 0x88
10006ac6:	4654      	mov	r4, sl
10006ac8:	079b      	lsls	r3, r3, #30
10006aca:	d111      	bne.n	10006af0 <_ftoa+0x294>
10006acc:	9b21      	ldr	r3, [sp, #132]	@ 0x84
10006ace:	2b04      	cmp	r3, #4
10006ad0:	d90e      	bls.n	10006af0 <_ftoa+0x294>
10006ad2:	9b21      	ldr	r3, [sp, #132]	@ 0x84
10006ad4:	4655      	mov	r5, sl
10006ad6:	469c      	mov	ip, r3
10006ad8:	465e      	mov	r6, fp
10006ada:	3c04      	subs	r4, #4
10006adc:	4464      	add	r4, ip
10006ade:	002a      	movs	r2, r5
10006ae0:	4643      	mov	r3, r8
10006ae2:	3501      	adds	r5, #1
10006ae4:	0039      	movs	r1, r7
10006ae6:	2020      	movs	r0, #32
10006ae8:	47b0      	blx	r6
10006aea:	42a5      	cmp	r5, r4
10006aec:	d1f7      	bne.n	10006ade <_ftoa+0x282>
10006aee:	46b3      	mov	fp, r6
10006af0:	4d34      	ldr	r5, [pc, #208]	@ (10006bc4 <_ftoa+0x368>)
10006af2:	0026      	movs	r6, r4
10006af4:	1f2b      	subs	r3, r5, #4
10006af6:	4699      	mov	r9, r3
10006af8:	465b      	mov	r3, fp
10006afa:	46a3      	mov	fp, r4
10006afc:	001c      	movs	r4, r3
10006afe:	0032      	movs	r2, r6
10006b00:	78e8      	ldrb	r0, [r5, #3]
10006b02:	4643      	mov	r3, r8
10006b04:	0039      	movs	r1, r7
10006b06:	3d01      	subs	r5, #1
10006b08:	47a0      	blx	r4
10006b0a:	3601      	adds	r6, #1
10006b0c:	454d      	cmp	r5, r9
10006b0e:	d1f6      	bne.n	10006afe <_ftoa+0x2a2>
10006b10:	0023      	movs	r3, r4
10006b12:	465c      	mov	r4, fp
10006b14:	469b      	mov	fp, r3
10006b16:	9b22      	ldr	r3, [sp, #136]	@ 0x88
10006b18:	3404      	adds	r4, #4
10006b1a:	079b      	lsls	r3, r3, #30
10006b1c:	d5a9      	bpl.n	10006a72 <_ftoa+0x216>
10006b1e:	4653      	mov	r3, sl
10006b20:	9a21      	ldr	r2, [sp, #132]	@ 0x84
10006b22:	1ae3      	subs	r3, r4, r3
10006b24:	429a      	cmp	r2, r3
10006b26:	d9a4      	bls.n	10006a72 <_ftoa+0x216>
10006b28:	465e      	mov	r6, fp
10006b2a:	0015      	movs	r5, r2
10006b2c:	0022      	movs	r2, r4
10006b2e:	4643      	mov	r3, r8
10006b30:	0039      	movs	r1, r7
10006b32:	2020      	movs	r0, #32
10006b34:	47b0      	blx	r6
10006b36:	4653      	mov	r3, sl
10006b38:	3401      	adds	r4, #1
10006b3a:	1ae3      	subs	r3, r4, r3
10006b3c:	429d      	cmp	r5, r3
10006b3e:	d8f5      	bhi.n	10006b2c <_ftoa+0x2d0>
10006b40:	e797      	b.n	10006a72 <_ftoa+0x216>
10006b42:	0028      	movs	r0, r5
10006b44:	f7ff f908 	bl	10005d58 <__wrap___aeabi_i2d>
10006b48:	0002      	movs	r2, r0
10006b4a:	000b      	movs	r3, r1
10006b4c:	981e      	ldr	r0, [sp, #120]	@ 0x78
10006b4e:	991f      	ldr	r1, [sp, #124]	@ 0x7c
10006b50:	f7ff f863 	bl	10005c1a <__wrap___aeabi_dsub>
10006b54:	2200      	movs	r2, #0
10006b56:	4b18      	ldr	r3, [pc, #96]	@ (10006bb8 <_ftoa+0x35c>)
10006b58:	9006      	str	r0, [sp, #24]
10006b5a:	9107      	str	r1, [sp, #28]
10006b5c:	f7ff f8d0 	bl	10005d00 <__wrap___aeabi_dcmplt>
10006b60:	ae0c      	add	r6, sp, #48	@ 0x30
10006b62:	2800      	cmp	r0, #0
10006b64:	d000      	beq.n	10006b68 <_ftoa+0x30c>
10006b66:	e731      	b.n	100069cc <_ftoa+0x170>
10006b68:	9806      	ldr	r0, [sp, #24]
10006b6a:	9907      	ldr	r1, [sp, #28]
10006b6c:	2200      	movs	r2, #0
10006b6e:	4b12      	ldr	r3, [pc, #72]	@ (10006bb8 <_ftoa+0x35c>)
10006b70:	f7ff f8dc 	bl	10005d2c <__wrap___aeabi_dcmpgt>
10006b74:	2800      	cmp	r0, #0
10006b76:	d000      	beq.n	10006b7a <_ftoa+0x31e>
10006b78:	e728      	b.n	100069cc <_ftoa+0x170>
10006b7a:	2301      	movs	r3, #1
10006b7c:	3501      	adds	r5, #1
10006b7e:	439d      	bics	r5, r3
10006b80:	e724      	b.n	100069cc <_ftoa+0x170>
10006b82:	2200      	movs	r2, #0
10006b84:	9806      	ldr	r0, [sp, #24]
10006b86:	9907      	ldr	r1, [sp, #28]
10006b88:	4b0b      	ldr	r3, [pc, #44]	@ (10006bb8 <_ftoa+0x35c>)
10006b8a:	f7ff f8b9 	bl	10005d00 <__wrap___aeabi_dcmplt>
10006b8e:	2800      	cmp	r0, #0
10006b90:	d000      	beq.n	10006b94 <_ftoa+0x338>
10006b92:	e6f9      	b.n	10006988 <_ftoa+0x12c>
10006b94:	464b      	mov	r3, r9
10006b96:	2b00      	cmp	r3, #0
10006b98:	d15c      	bne.n	10006c54 <_ftoa+0x3f8>
10006b9a:	2301      	movs	r3, #1
10006b9c:	469c      	mov	ip, r3
10006b9e:	44e1      	add	r9, ip
10006ba0:	e6f2      	b.n	10006988 <_ftoa+0x12c>
10006ba2:	46c0      	nop			@ (mov r8, r8)
10006ba4:	ffefffff 	.word	0xffefffff
10006ba8:	7fefffff 	.word	0x7fefffff
10006bac:	41cdcd65 	.word	0x41cdcd65
10006bb0:	c1cdcd65 	.word	0xc1cdcd65
10006bb4:	1000bd80 	.word	0x1000bd80
10006bb8:	3fe00000 	.word	0x3fe00000
10006bbc:	1000b7d4 	.word	0x1000b7d4
10006bc0:	1000b7cc 	.word	0x1000b7cc
10006bc4:	1000b7dc 	.word	0x1000b7dc
10006bc8:	9b06      	ldr	r3, [sp, #24]
10006bca:	465e      	mov	r6, fp
10006bcc:	469b      	mov	fp, r3
10006bce:	2303      	movs	r3, #3
10006bd0:	9a22      	ldr	r2, [sp, #136]	@ 0x88
10006bd2:	4013      	ands	r3, r2
10006bd4:	2b01      	cmp	r3, #1
10006bd6:	d100      	bne.n	10006bda <_ftoa+0x37e>
10006bd8:	e081      	b.n	10006cde <_ftoa+0x482>
10006bda:	2c20      	cmp	r4, #32
10006bdc:	d100      	bne.n	10006be0 <_ftoa+0x384>
10006bde:	e731      	b.n	10006a44 <_ftoa+0x1e8>
10006be0:	9b0b      	ldr	r3, [sp, #44]	@ 0x2c
10006be2:	2b00      	cmp	r3, #0
10006be4:	d027      	beq.n	10006c36 <_ftoa+0x3da>
10006be6:	232d      	movs	r3, #45	@ 0x2d
10006be8:	5533      	strb	r3, [r6, r4]
10006bea:	3401      	adds	r4, #1
10006bec:	e72a      	b.n	10006a44 <_ftoa+0x1e8>
10006bee:	464f      	mov	r7, r9
10006bf0:	9d06      	ldr	r5, [sp, #24]
10006bf2:	2c20      	cmp	r4, #32
10006bf4:	d100      	bne.n	10006bf8 <_ftoa+0x39c>
10006bf6:	e6e7      	b.n	100069c8 <_ftoa+0x16c>
10006bf8:	2230      	movs	r2, #48	@ 0x30
10006bfa:	1933      	adds	r3, r6, r4
10006bfc:	e007      	b.n	10006c0e <_ftoa+0x3b2>
10006bfe:	2017      	movs	r0, #23
10006c00:	a906      	add	r1, sp, #24
10006c02:	3401      	adds	r4, #1
10006c04:	1809      	adds	r1, r1, r0
10006c06:	550a      	strb	r2, [r1, r4]
10006c08:	2c20      	cmp	r4, #32
10006c0a:	d100      	bne.n	10006c0e <_ftoa+0x3b2>
10006c0c:	e6dc      	b.n	100069c8 <_ftoa+0x16c>
10006c0e:	42a3      	cmp	r3, r4
10006c10:	d1f5      	bne.n	10006bfe <_ftoa+0x3a2>
10006c12:	222e      	movs	r2, #46	@ 0x2e
10006c14:	ae0c      	add	r6, sp, #48	@ 0x30
10006c16:	3401      	adds	r4, #1
10006c18:	54f2      	strb	r2, [r6, r3]
10006c1a:	e6d7      	b.n	100069cc <_ftoa+0x170>
10006c1c:	230c      	movs	r3, #12
10006c1e:	9a22      	ldr	r2, [sp, #136]	@ 0x88
10006c20:	4213      	tst	r3, r2
10006c22:	d057      	beq.n	10006cd4 <_ftoa+0x478>
10006c24:	9b21      	ldr	r3, [sp, #132]	@ 0x84
10006c26:	3b01      	subs	r3, #1
10006c28:	9321      	str	r3, [sp, #132]	@ 0x84
10006c2a:	42a3      	cmp	r3, r4
10006c2c:	d900      	bls.n	10006c30 <_ftoa+0x3d4>
10006c2e:	e6fc      	b.n	10006a2a <_ftoa+0x1ce>
10006c30:	2c20      	cmp	r4, #32
10006c32:	d100      	bne.n	10006c36 <_ftoa+0x3da>
10006c34:	e706      	b.n	10006a44 <_ftoa+0x1e8>
10006c36:	9b22      	ldr	r3, [sp, #136]	@ 0x88
10006c38:	075b      	lsls	r3, r3, #29
10006c3a:	d503      	bpl.n	10006c44 <_ftoa+0x3e8>
10006c3c:	232b      	movs	r3, #43	@ 0x2b
10006c3e:	5533      	strb	r3, [r6, r4]
10006c40:	3401      	adds	r4, #1
10006c42:	e6ff      	b.n	10006a44 <_ftoa+0x1e8>
10006c44:	9b22      	ldr	r3, [sp, #136]	@ 0x88
10006c46:	071b      	lsls	r3, r3, #28
10006c48:	d400      	bmi.n	10006c4c <_ftoa+0x3f0>
10006c4a:	e6fb      	b.n	10006a44 <_ftoa+0x1e8>
10006c4c:	2320      	movs	r3, #32
10006c4e:	5533      	strb	r3, [r6, r4]
10006c50:	3401      	adds	r4, #1
10006c52:	e6f7      	b.n	10006a44 <_ftoa+0x1e8>
10006c54:	07db      	lsls	r3, r3, #31
10006c56:	d400      	bmi.n	10006c5a <_ftoa+0x3fe>
10006c58:	e696      	b.n	10006988 <_ftoa+0x12c>
10006c5a:	e79e      	b.n	10006b9a <_ftoa+0x33e>
10006c5c:	9b22      	ldr	r3, [sp, #136]	@ 0x88
10006c5e:	4655      	mov	r5, sl
10006c60:	079b      	lsls	r3, r3, #30
10006c62:	d111      	bne.n	10006c88 <_ftoa+0x42c>
10006c64:	9b21      	ldr	r3, [sp, #132]	@ 0x84
10006c66:	2b03      	cmp	r3, #3
10006c68:	d90e      	bls.n	10006c88 <_ftoa+0x42c>
10006c6a:	9b21      	ldr	r3, [sp, #132]	@ 0x84
10006c6c:	4654      	mov	r4, sl
10006c6e:	469c      	mov	ip, r3
10006c70:	465e      	mov	r6, fp
10006c72:	3d03      	subs	r5, #3
10006c74:	4465      	add	r5, ip
10006c76:	0022      	movs	r2, r4
10006c78:	4643      	mov	r3, r8
10006c7a:	3401      	adds	r4, #1
10006c7c:	0039      	movs	r1, r7
10006c7e:	2020      	movs	r0, #32
10006c80:	47b0      	blx	r6
10006c82:	42ac      	cmp	r4, r5
10006c84:	d1f7      	bne.n	10006c76 <_ftoa+0x41a>
10006c86:	46b3      	mov	fp, r6
10006c88:	46b9      	mov	r9, r7
10006c8a:	465f      	mov	r7, fp
10006c8c:	4e1c      	ldr	r6, [pc, #112]	@ (10006d00 <_ftoa+0x4a4>)
10006c8e:	1cec      	adds	r4, r5, #3
10006c90:	002a      	movs	r2, r5
10006c92:	78b0      	ldrb	r0, [r6, #2]
10006c94:	4643      	mov	r3, r8
10006c96:	4649      	mov	r1, r9
10006c98:	3501      	adds	r5, #1
10006c9a:	47b8      	blx	r7
10006c9c:	3e01      	subs	r6, #1
10006c9e:	42ac      	cmp	r4, r5
10006ca0:	d1f6      	bne.n	10006c90 <_ftoa+0x434>
10006ca2:	9b22      	ldr	r3, [sp, #136]	@ 0x88
10006ca4:	46bb      	mov	fp, r7
10006ca6:	464f      	mov	r7, r9
10006ca8:	079b      	lsls	r3, r3, #30
10006caa:	d400      	bmi.n	10006cae <_ftoa+0x452>
10006cac:	e6e1      	b.n	10006a72 <_ftoa+0x216>
10006cae:	4653      	mov	r3, sl
10006cb0:	9a21      	ldr	r2, [sp, #132]	@ 0x84
10006cb2:	1ae3      	subs	r3, r4, r3
10006cb4:	429a      	cmp	r2, r3
10006cb6:	d800      	bhi.n	10006cba <_ftoa+0x45e>
10006cb8:	e6db      	b.n	10006a72 <_ftoa+0x216>
10006cba:	465e      	mov	r6, fp
10006cbc:	0015      	movs	r5, r2
10006cbe:	0022      	movs	r2, r4
10006cc0:	4643      	mov	r3, r8
10006cc2:	0039      	movs	r1, r7
10006cc4:	2020      	movs	r0, #32
10006cc6:	47b0      	blx	r6
10006cc8:	4653      	mov	r3, sl
10006cca:	3401      	adds	r4, #1
10006ccc:	1ae3      	subs	r3, r4, r3
10006cce:	42ab      	cmp	r3, r5
10006cd0:	d3f5      	bcc.n	10006cbe <_ftoa+0x462>
10006cd2:	e6ce      	b.n	10006a72 <_ftoa+0x216>
10006cd4:	9b21      	ldr	r3, [sp, #132]	@ 0x84
10006cd6:	42a3      	cmp	r3, r4
10006cd8:	d900      	bls.n	10006cdc <_ftoa+0x480>
10006cda:	e6a6      	b.n	10006a2a <_ftoa+0x1ce>
10006cdc:	e6b2      	b.n	10006a44 <_ftoa+0x1e8>
10006cde:	9b21      	ldr	r3, [sp, #132]	@ 0x84
10006ce0:	2b00      	cmp	r3, #0
10006ce2:	d100      	bne.n	10006ce6 <_ftoa+0x48a>
10006ce4:	e779      	b.n	10006bda <_ftoa+0x37e>
10006ce6:	9b0b      	ldr	r3, [sp, #44]	@ 0x2c
10006ce8:	2b00      	cmp	r3, #0
10006cea:	d097      	beq.n	10006c1c <_ftoa+0x3c0>
10006cec:	9b21      	ldr	r3, [sp, #132]	@ 0x84
10006cee:	3b01      	subs	r3, #1
10006cf0:	9321      	str	r3, [sp, #132]	@ 0x84
10006cf2:	429c      	cmp	r4, r3
10006cf4:	d200      	bcs.n	10006cf8 <_ftoa+0x49c>
10006cf6:	e698      	b.n	10006a2a <_ftoa+0x1ce>
10006cf8:	2c20      	cmp	r4, #32
10006cfa:	d000      	beq.n	10006cfe <_ftoa+0x4a2>
10006cfc:	e773      	b.n	10006be6 <_ftoa+0x38a>
10006cfe:	e6a1      	b.n	10006a44 <_ftoa+0x1e8>
10006d00:	1000b7d8 	.word	0x1000b7d8

10006d04 <_etoa>:
10006d04:	b5f0      	push	{r4, r5, r6, r7, lr}
10006d06:	46de      	mov	lr, fp
10006d08:	4657      	mov	r7, sl
10006d0a:	464e      	mov	r6, r9
10006d0c:	4645      	mov	r5, r8
10006d0e:	b5e0      	push	{r5, r6, r7, lr}
10006d10:	b099      	sub	sp, #100	@ 0x64
10006d12:	4681      	mov	r9, r0
10006d14:	468b      	mov	fp, r1
10006d16:	4692      	mov	sl, r2
10006d18:	4698      	mov	r8, r3
10006d1a:	9a22      	ldr	r2, [sp, #136]	@ 0x88
10006d1c:	9b23      	ldr	r3, [sp, #140]	@ 0x8c
10006d1e:	0010      	movs	r0, r2
10006d20:	0019      	movs	r1, r3
10006d22:	f7ff f808 	bl	10005d36 <__wrap___aeabi_dcmpun>
10006d26:	2800      	cmp	r0, #0
10006d28:	d000      	beq.n	10006d2c <_etoa+0x28>
10006d2a:	e0ca      	b.n	10006ec2 <_etoa+0x1be>
10006d2c:	9822      	ldr	r0, [sp, #136]	@ 0x88
10006d2e:	9923      	ldr	r1, [sp, #140]	@ 0x8c
10006d30:	2201      	movs	r2, #1
10006d32:	4b82      	ldr	r3, [pc, #520]	@ (10006f3c <_etoa+0x238>)
10006d34:	4252      	negs	r2, r2
10006d36:	f7fe fff9 	bl	10005d2c <__wrap___aeabi_dcmpgt>
10006d3a:	2800      	cmp	r0, #0
10006d3c:	d000      	beq.n	10006d40 <_etoa+0x3c>
10006d3e:	e0c0      	b.n	10006ec2 <_etoa+0x1be>
10006d40:	9822      	ldr	r0, [sp, #136]	@ 0x88
10006d42:	9923      	ldr	r1, [sp, #140]	@ 0x8c
10006d44:	2201      	movs	r2, #1
10006d46:	4b7e      	ldr	r3, [pc, #504]	@ (10006f40 <_etoa+0x23c>)
10006d48:	4252      	negs	r2, r2
10006d4a:	f7fe ffd9 	bl	10005d00 <__wrap___aeabi_dcmplt>
10006d4e:	2800      	cmp	r0, #0
10006d50:	d000      	beq.n	10006d54 <_etoa+0x50>
10006d52:	e0b6      	b.n	10006ec2 <_etoa+0x1be>
10006d54:	9822      	ldr	r0, [sp, #136]	@ 0x88
10006d56:	9923      	ldr	r1, [sp, #140]	@ 0x8c
10006d58:	2200      	movs	r2, #0
10006d5a:	2300      	movs	r3, #0
10006d5c:	f7fe ffd0 	bl	10005d00 <__wrap___aeabi_dcmplt>
10006d60:	2800      	cmp	r0, #0
10006d62:	d000      	beq.n	10006d66 <_etoa+0x62>
10006d64:	e1c9      	b.n	100070fa <_etoa+0x3f6>
10006d66:	9b22      	ldr	r3, [sp, #136]	@ 0x88
10006d68:	9c23      	ldr	r4, [sp, #140]	@ 0x8c
10006d6a:	9308      	str	r3, [sp, #32]
10006d6c:	9409      	str	r4, [sp, #36]	@ 0x24
10006d6e:	9808      	ldr	r0, [sp, #32]
10006d70:	9909      	ldr	r1, [sp, #36]	@ 0x24
10006d72:	2380      	movs	r3, #128	@ 0x80
10006d74:	9a26      	ldr	r2, [sp, #152]	@ 0x98
10006d76:	00db      	lsls	r3, r3, #3
10006d78:	401a      	ands	r2, r3
10006d7a:	920d      	str	r2, [sp, #52]	@ 0x34
10006d7c:	2280      	movs	r2, #128	@ 0x80
10006d7e:	9c26      	ldr	r4, [sp, #152]	@ 0x98
10006d80:	0112      	lsls	r2, r2, #4
10006d82:	4014      	ands	r4, r2
10006d84:	0022      	movs	r2, r4
10006d86:	940b      	str	r4, [sp, #44]	@ 0x2c
10006d88:	9c26      	ldr	r4, [sp, #152]	@ 0x98
10006d8a:	0007      	movs	r7, r0
10006d8c:	000e      	movs	r6, r1
10006d8e:	421c      	tst	r4, r3
10006d90:	d000      	beq.n	10006d94 <_etoa+0x90>
10006d92:	e0ad      	b.n	10006ef0 <_etoa+0x1ec>
10006d94:	000b      	movs	r3, r1
10006d96:	4303      	orrs	r3, r0
10006d98:	d000      	beq.n	10006d9c <_etoa+0x98>
10006d9a:	e0d5      	b.n	10006f48 <_etoa+0x244>
10006d9c:	2a00      	cmp	r2, #0
10006d9e:	d000      	beq.n	10006da2 <_etoa+0x9e>
10006da0:	e20a      	b.n	100071b8 <_etoa+0x4b4>
10006da2:	0022      	movs	r2, r4
10006da4:	3306      	adds	r3, #6
10006da6:	9324      	str	r3, [sp, #144]	@ 0x90
10006da8:	2302      	movs	r3, #2
10006daa:	4013      	ands	r3, r2
10006dac:	930c      	str	r3, [sp, #48]	@ 0x30
10006dae:	2302      	movs	r3, #2
10006db0:	4213      	tst	r3, r2
10006db2:	d000      	beq.n	10006db6 <_etoa+0xb2>
10006db4:	e202      	b.n	100071bc <_etoa+0x4b8>
10006db6:	9b25      	ldr	r3, [sp, #148]	@ 0x94
10006db8:	2b04      	cmp	r3, #4
10006dba:	d200      	bcs.n	10006dbe <_etoa+0xba>
10006dbc:	e20f      	b.n	100071de <_etoa+0x4da>
10006dbe:	3b04      	subs	r3, #4
10006dc0:	930b      	str	r3, [sp, #44]	@ 0x2c
10006dc2:	2300      	movs	r3, #0
10006dc4:	2504      	movs	r5, #4
10006dc6:	930a      	str	r3, [sp, #40]	@ 0x28
10006dc8:	2200      	movs	r2, #0
10006dca:	9822      	ldr	r0, [sp, #136]	@ 0x88
10006dcc:	9923      	ldr	r1, [sp, #140]	@ 0x8c
10006dce:	2300      	movs	r3, #0
10006dd0:	f7fe ff96 	bl	10005d00 <__wrap___aeabi_dcmplt>
10006dd4:	2800      	cmp	r0, #0
10006dd6:	d000      	beq.n	10006dda <_etoa+0xd6>
10006dd8:	e203      	b.n	100071e2 <_etoa+0x4de>
10006dda:	4b5a      	ldr	r3, [pc, #360]	@ (10006f44 <_etoa+0x240>)
10006ddc:	9a26      	ldr	r2, [sp, #152]	@ 0x98
10006dde:	4013      	ands	r3, r2
10006de0:	9304      	str	r3, [sp, #16]
10006de2:	9b0b      	ldr	r3, [sp, #44]	@ 0x2c
10006de4:	9303      	str	r3, [sp, #12]
10006de6:	9b24      	ldr	r3, [sp, #144]	@ 0x90
10006de8:	9302      	str	r3, [sp, #8]
10006dea:	9b08      	ldr	r3, [sp, #32]
10006dec:	9c09      	ldr	r4, [sp, #36]	@ 0x24
10006dee:	9300      	str	r3, [sp, #0]
10006df0:	9401      	str	r4, [sp, #4]
10006df2:	4659      	mov	r1, fp
10006df4:	4643      	mov	r3, r8
10006df6:	4652      	mov	r2, sl
10006df8:	4648      	mov	r0, r9
10006dfa:	f7ff fd2f 	bl	1000685c <_ftoa>
10006dfe:	0002      	movs	r2, r0
10006e00:	2020      	movs	r0, #32
10006e02:	9b26      	ldr	r3, [sp, #152]	@ 0x98
10006e04:	271f      	movs	r7, #31
10006e06:	4003      	ands	r3, r0
10006e08:	4259      	negs	r1, r3
10006e0a:	414b      	adcs	r3, r1
10006e0c:	425b      	negs	r3, r3
10006e0e:	4018      	ands	r0, r3
10006e10:	1c53      	adds	r3, r2, #1
10006e12:	9308      	str	r3, [sp, #32]
10006e14:	4659      	mov	r1, fp
10006e16:	4643      	mov	r3, r8
10006e18:	3045      	adds	r0, #69	@ 0x45
10006e1a:	47c8      	blx	r9
10006e1c:	9a0a      	ldr	r2, [sp, #40]	@ 0x28
10006e1e:	17d3      	asrs	r3, r2, #31
10006e20:	18d4      	adds	r4, r2, r3
10006e22:	405c      	eors	r4, r3
10006e24:	0fd3      	lsrs	r3, r2, #31
10006e26:	930a      	str	r3, [sp, #40]	@ 0x28
10006e28:	1e6b      	subs	r3, r5, #1
10006e2a:	930b      	str	r3, [sp, #44]	@ 0x2c
10006e2c:	ab08      	add	r3, sp, #32
10006e2e:	469c      	mov	ip, r3
10006e30:	2500      	movs	r5, #0
10006e32:	4467      	add	r7, ip
10006e34:	e001      	b.n	10006e3a <_etoa+0x136>
10006e36:	2d20      	cmp	r5, #32
10006e38:	d00f      	beq.n	10006e5a <_etoa+0x156>
10006e3a:	0020      	movs	r0, r4
10006e3c:	210a      	movs	r1, #10
10006e3e:	f7fe fcb1 	bl	100057a4 <__wrap___aeabi_uidiv>
10006e42:	3501      	adds	r5, #1
10006e44:	197e      	adds	r6, r7, r5
10006e46:	3130      	adds	r1, #48	@ 0x30
10006e48:	7031      	strb	r1, [r6, #0]
10006e4a:	0020      	movs	r0, r4
10006e4c:	210a      	movs	r1, #10
10006e4e:	f7fe fca9 	bl	100057a4 <__wrap___aeabi_uidiv>
10006e52:	0026      	movs	r6, r4
10006e54:	0004      	movs	r4, r0
10006e56:	2e09      	cmp	r6, #9
10006e58:	d8ed      	bhi.n	10006e36 <_etoa+0x132>
10006e5a:	2305      	movs	r3, #5
10006e5c:	9306      	str	r3, [sp, #24]
10006e5e:	9b0b      	ldr	r3, [sp, #44]	@ 0x2c
10006e60:	4659      	mov	r1, fp
10006e62:	9305      	str	r3, [sp, #20]
10006e64:	2300      	movs	r3, #0
10006e66:	9304      	str	r3, [sp, #16]
10006e68:	330a      	adds	r3, #10
10006e6a:	9303      	str	r3, [sp, #12]
10006e6c:	9b0a      	ldr	r3, [sp, #40]	@ 0x28
10006e6e:	4648      	mov	r0, r9
10006e70:	9302      	str	r3, [sp, #8]
10006e72:	ab10      	add	r3, sp, #64	@ 0x40
10006e74:	9300      	str	r3, [sp, #0]
10006e76:	9a08      	ldr	r2, [sp, #32]
10006e78:	4643      	mov	r3, r8
10006e7a:	9501      	str	r5, [sp, #4]
10006e7c:	f7ff fbf8 	bl	10006670 <_ntoa_format>
10006e80:	9b0c      	ldr	r3, [sp, #48]	@ 0x30
10006e82:	2b00      	cmp	r3, #0
10006e84:	d02d      	beq.n	10006ee2 <_etoa+0x1de>
10006e86:	4653      	mov	r3, sl
10006e88:	1ac4      	subs	r4, r0, r3
10006e8a:	9b25      	ldr	r3, [sp, #148]	@ 0x94
10006e8c:	42a3      	cmp	r3, r4
10006e8e:	d928      	bls.n	10006ee2 <_etoa+0x1de>
10006e90:	464d      	mov	r5, r9
10006e92:	465f      	mov	r7, fp
10006e94:	4681      	mov	r9, r0
10006e96:	001e      	movs	r6, r3
10006e98:	4653      	mov	r3, sl
10006e9a:	0039      	movs	r1, r7
10006e9c:	191a      	adds	r2, r3, r4
10006e9e:	2020      	movs	r0, #32
10006ea0:	4643      	mov	r3, r8
10006ea2:	3401      	adds	r4, #1
10006ea4:	47a8      	blx	r5
10006ea6:	42a6      	cmp	r6, r4
10006ea8:	d8f6      	bhi.n	10006e98 <_etoa+0x194>
10006eaa:	4653      	mov	r3, sl
10006eac:	4648      	mov	r0, r9
10006eae:	9925      	ldr	r1, [sp, #148]	@ 0x94
10006eb0:	1ac2      	subs	r2, r0, r3
10006eb2:	3201      	adds	r2, #1
10006eb4:	2300      	movs	r3, #0
10006eb6:	4291      	cmp	r1, r2
10006eb8:	d300      	bcc.n	10006ebc <_etoa+0x1b8>
10006eba:	e186      	b.n	100071ca <_etoa+0x4c6>
10006ebc:	3001      	adds	r0, #1
10006ebe:	1818      	adds	r0, r3, r0
10006ec0:	e00f      	b.n	10006ee2 <_etoa+0x1de>
10006ec2:	9b26      	ldr	r3, [sp, #152]	@ 0x98
10006ec4:	9304      	str	r3, [sp, #16]
10006ec6:	9b25      	ldr	r3, [sp, #148]	@ 0x94
10006ec8:	9303      	str	r3, [sp, #12]
10006eca:	9b24      	ldr	r3, [sp, #144]	@ 0x90
10006ecc:	9302      	str	r3, [sp, #8]
10006ece:	9b22      	ldr	r3, [sp, #136]	@ 0x88
10006ed0:	9c23      	ldr	r4, [sp, #140]	@ 0x8c
10006ed2:	9300      	str	r3, [sp, #0]
10006ed4:	9401      	str	r4, [sp, #4]
10006ed6:	4643      	mov	r3, r8
10006ed8:	4652      	mov	r2, sl
10006eda:	4659      	mov	r1, fp
10006edc:	4648      	mov	r0, r9
10006ede:	f7ff fcbd 	bl	1000685c <_ftoa>
10006ee2:	b019      	add	sp, #100	@ 0x64
10006ee4:	bcf0      	pop	{r4, r5, r6, r7}
10006ee6:	46bb      	mov	fp, r7
10006ee8:	46b2      	mov	sl, r6
10006eea:	46a9      	mov	r9, r5
10006eec:	46a0      	mov	r8, r4
10006eee:	bdf0      	pop	{r4, r5, r6, r7, pc}
10006ef0:	4301      	orrs	r1, r0
10006ef2:	d12b      	bne.n	10006f4c <_etoa+0x248>
10006ef4:	9b0b      	ldr	r3, [sp, #44]	@ 0x2c
10006ef6:	0022      	movs	r2, r4
10006ef8:	2b00      	cmp	r3, #0
10006efa:	d100      	bne.n	10006efe <_etoa+0x1fa>
10006efc:	e754      	b.n	10006da8 <_etoa+0xa4>
10006efe:	2300      	movs	r3, #0
10006f00:	930a      	str	r3, [sp, #40]	@ 0x28
10006f02:	9b24      	ldr	r3, [sp, #144]	@ 0x90
10006f04:	9a0a      	ldr	r2, [sp, #40]	@ 0x28
10006f06:	2400      	movs	r4, #0
10006f08:	4293      	cmp	r3, r2
10006f0a:	dd00      	ble.n	10006f0e <_etoa+0x20a>
10006f0c:	e185      	b.n	1000721a <_etoa+0x516>
10006f0e:	9822      	ldr	r0, [sp, #136]	@ 0x88
10006f10:	9923      	ldr	r1, [sp, #140]	@ 0x8c
10006f12:	2200      	movs	r2, #0
10006f14:	2300      	movs	r3, #0
10006f16:	f7fe fef3 	bl	10005d00 <__wrap___aeabi_dcmplt>
10006f1a:	2800      	cmp	r0, #0
10006f1c:	d000      	beq.n	10006f20 <_etoa+0x21c>
10006f1e:	e135      	b.n	1000718c <_etoa+0x488>
10006f20:	9b26      	ldr	r3, [sp, #152]	@ 0x98
10006f22:	4a08      	ldr	r2, [pc, #32]	@ (10006f44 <_etoa+0x240>)
10006f24:	9402      	str	r4, [sp, #8]
10006f26:	401a      	ands	r2, r3
10006f28:	2380      	movs	r3, #128	@ 0x80
10006f2a:	00db      	lsls	r3, r3, #3
10006f2c:	4313      	orrs	r3, r2
10006f2e:	9304      	str	r3, [sp, #16]
10006f30:	9b25      	ldr	r3, [sp, #148]	@ 0x94
10006f32:	9303      	str	r3, [sp, #12]
10006f34:	9b08      	ldr	r3, [sp, #32]
10006f36:	9c09      	ldr	r4, [sp, #36]	@ 0x24
10006f38:	e7cb      	b.n	10006ed2 <_etoa+0x1ce>
10006f3a:	46c0      	nop			@ (mov r8, r8)
10006f3c:	7fefffff 	.word	0x7fefffff
10006f40:	ffefffff 	.word	0xffefffff
10006f44:	fffff7ff 	.word	0xfffff7ff
10006f48:	2306      	movs	r3, #6
10006f4a:	9324      	str	r3, [sp, #144]	@ 0x90
10006f4c:	4bb4      	ldr	r3, [pc, #720]	@ (10007220 <_etoa+0x51c>)
10006f4e:	0070      	lsls	r0, r6, #1
10006f50:	469c      	mov	ip, r3
10006f52:	0d40      	lsrs	r0, r0, #21
10006f54:	4460      	add	r0, ip
10006f56:	f7fe feff 	bl	10005d58 <__wrap___aeabi_i2d>
10006f5a:	4ab2      	ldr	r2, [pc, #712]	@ (10007224 <_etoa+0x520>)
10006f5c:	4bb2      	ldr	r3, [pc, #712]	@ (10007228 <_etoa+0x524>)
10006f5e:	f7fe fe8c 	bl	10005c7a <__wrap___aeabi_dmul>
10006f62:	4ab2      	ldr	r2, [pc, #712]	@ (1000722c <_etoa+0x528>)
10006f64:	4bb2      	ldr	r3, [pc, #712]	@ (10007230 <_etoa+0x52c>)
10006f66:	f7fe fe61 	bl	10005c2c <__wrap___aeabi_dadd>
10006f6a:	0336      	lsls	r6, r6, #12
10006f6c:	4bb1      	ldr	r3, [pc, #708]	@ (10007234 <_etoa+0x530>)
10006f6e:	0b36      	lsrs	r6, r6, #12
10006f70:	4333      	orrs	r3, r6
10006f72:	0004      	movs	r4, r0
10006f74:	000d      	movs	r5, r1
10006f76:	0038      	movs	r0, r7
10006f78:	0019      	movs	r1, r3
10006f7a:	2200      	movs	r2, #0
10006f7c:	4bae      	ldr	r3, [pc, #696]	@ (10007238 <_etoa+0x534>)
10006f7e:	f7fe fe4c 	bl	10005c1a <__wrap___aeabi_dsub>
10006f82:	4aae      	ldr	r2, [pc, #696]	@ (1000723c <_etoa+0x538>)
10006f84:	4bae      	ldr	r3, [pc, #696]	@ (10007240 <_etoa+0x53c>)
10006f86:	f7fe fe78 	bl	10005c7a <__wrap___aeabi_dmul>
10006f8a:	0002      	movs	r2, r0
10006f8c:	000b      	movs	r3, r1
10006f8e:	0020      	movs	r0, r4
10006f90:	0029      	movs	r1, r5
10006f92:	f7fe fe4b 	bl	10005c2c <__wrap___aeabi_dadd>
10006f96:	f7fe fef7 	bl	10005d88 <__wrap___aeabi_d2iz>
10006f9a:	900a      	str	r0, [sp, #40]	@ 0x28
10006f9c:	f7fe fedc 	bl	10005d58 <__wrap___aeabi_i2d>
10006fa0:	4aa8      	ldr	r2, [pc, #672]	@ (10007244 <_etoa+0x540>)
10006fa2:	4ba9      	ldr	r3, [pc, #676]	@ (10007248 <_etoa+0x544>)
10006fa4:	0004      	movs	r4, r0
10006fa6:	000d      	movs	r5, r1
10006fa8:	f7fe fe67 	bl	10005c7a <__wrap___aeabi_dmul>
10006fac:	2200      	movs	r2, #0
10006fae:	4ba7      	ldr	r3, [pc, #668]	@ (1000724c <_etoa+0x548>)
10006fb0:	f7fe fe3c 	bl	10005c2c <__wrap___aeabi_dadd>
10006fb4:	f7fe fee8 	bl	10005d88 <__wrap___aeabi_d2iz>
10006fb8:	4aa5      	ldr	r2, [pc, #660]	@ (10007250 <_etoa+0x54c>)
10006fba:	0006      	movs	r6, r0
10006fbc:	4ba5      	ldr	r3, [pc, #660]	@ (10007254 <_etoa+0x550>)
10006fbe:	0020      	movs	r0, r4
10006fc0:	0029      	movs	r1, r5
10006fc2:	f7fe fe5a 	bl	10005c7a <__wrap___aeabi_dmul>
10006fc6:	0004      	movs	r4, r0
10006fc8:	0030      	movs	r0, r6
10006fca:	000d      	movs	r5, r1
10006fcc:	960c      	str	r6, [sp, #48]	@ 0x30
10006fce:	f7fe fec3 	bl	10005d58 <__wrap___aeabi_i2d>
10006fd2:	4aa1      	ldr	r2, [pc, #644]	@ (10007258 <_etoa+0x554>)
10006fd4:	4ba1      	ldr	r3, [pc, #644]	@ (1000725c <_etoa+0x558>)
10006fd6:	f7fe fe50 	bl	10005c7a <__wrap___aeabi_dmul>
10006fda:	0002      	movs	r2, r0
10006fdc:	000b      	movs	r3, r1
10006fde:	0020      	movs	r0, r4
10006fe0:	0029      	movs	r1, r5
10006fe2:	f7fe fe1a 	bl	10005c1a <__wrap___aeabi_dsub>
10006fe6:	0002      	movs	r2, r0
10006fe8:	000b      	movs	r3, r1
10006fea:	0006      	movs	r6, r0
10006fec:	000f      	movs	r7, r1
10006fee:	f7fe fe44 	bl	10005c7a <__wrap___aeabi_dmul>
10006ff2:	0032      	movs	r2, r6
10006ff4:	0004      	movs	r4, r0
10006ff6:	000d      	movs	r5, r1
10006ff8:	003b      	movs	r3, r7
10006ffa:	0030      	movs	r0, r6
10006ffc:	0039      	movs	r1, r7
10006ffe:	f7fe fe15 	bl	10005c2c <__wrap___aeabi_dadd>
10007002:	2200      	movs	r2, #0
10007004:	900e      	str	r0, [sp, #56]	@ 0x38
10007006:	910f      	str	r1, [sp, #60]	@ 0x3c
10007008:	4b95      	ldr	r3, [pc, #596]	@ (10007260 <_etoa+0x55c>)
1000700a:	0020      	movs	r0, r4
1000700c:	0029      	movs	r1, r5
1000700e:	f7fe fe16 	bl	10005c3e <__wrap___aeabi_ddiv>
10007012:	2200      	movs	r2, #0
10007014:	4b93      	ldr	r3, [pc, #588]	@ (10007264 <_etoa+0x560>)
10007016:	f7fe fe09 	bl	10005c2c <__wrap___aeabi_dadd>
1000701a:	0002      	movs	r2, r0
1000701c:	000b      	movs	r3, r1
1000701e:	0020      	movs	r0, r4
10007020:	0029      	movs	r1, r5
10007022:	f7fe fe0c 	bl	10005c3e <__wrap___aeabi_ddiv>
10007026:	2200      	movs	r2, #0
10007028:	4b8f      	ldr	r3, [pc, #572]	@ (10007268 <_etoa+0x564>)
1000702a:	f7fe fdff 	bl	10005c2c <__wrap___aeabi_dadd>
1000702e:	0002      	movs	r2, r0
10007030:	000b      	movs	r3, r1
10007032:	0020      	movs	r0, r4
10007034:	0029      	movs	r1, r5
10007036:	f7fe fe02 	bl	10005c3e <__wrap___aeabi_ddiv>
1000703a:	000d      	movs	r5, r1
1000703c:	2180      	movs	r1, #128	@ 0x80
1000703e:	0004      	movs	r4, r0
10007040:	0032      	movs	r2, r6
10007042:	003b      	movs	r3, r7
10007044:	2000      	movs	r0, #0
10007046:	05c9      	lsls	r1, r1, #23
10007048:	f7fe fde7 	bl	10005c1a <__wrap___aeabi_dsub>
1000704c:	0002      	movs	r2, r0
1000704e:	000b      	movs	r3, r1
10007050:	0020      	movs	r0, r4
10007052:	0029      	movs	r1, r5
10007054:	f7fe fdea 	bl	10005c2c <__wrap___aeabi_dadd>
10007058:	0002      	movs	r2, r0
1000705a:	000b      	movs	r3, r1
1000705c:	980e      	ldr	r0, [sp, #56]	@ 0x38
1000705e:	990f      	ldr	r1, [sp, #60]	@ 0x3c
10007060:	f7fe fded 	bl	10005c3e <__wrap___aeabi_ddiv>
10007064:	2200      	movs	r2, #0
10007066:	4b73      	ldr	r3, [pc, #460]	@ (10007234 <_etoa+0x530>)
10007068:	f7fe fde0 	bl	10005c2c <__wrap___aeabi_dadd>
1000706c:	4b7f      	ldr	r3, [pc, #508]	@ (1000726c <_etoa+0x568>)
1000706e:	9c0c      	ldr	r4, [sp, #48]	@ 0x30
10007070:	469c      	mov	ip, r3
10007072:	4464      	add	r4, ip
10007074:	2200      	movs	r2, #0
10007076:	0523      	lsls	r3, r4, #20
10007078:	f7fe fdff 	bl	10005c7a <__wrap___aeabi_dmul>
1000707c:	0006      	movs	r6, r0
1000707e:	000f      	movs	r7, r1
10007080:	0002      	movs	r2, r0
10007082:	000b      	movs	r3, r1
10007084:	9808      	ldr	r0, [sp, #32]
10007086:	9909      	ldr	r1, [sp, #36]	@ 0x24
10007088:	f7fe fe3a 	bl	10005d00 <__wrap___aeabi_dcmplt>
1000708c:	2800      	cmp	r0, #0
1000708e:	d00a      	beq.n	100070a6 <_etoa+0x3a2>
10007090:	9b0a      	ldr	r3, [sp, #40]	@ 0x28
10007092:	0030      	movs	r0, r6
10007094:	3b01      	subs	r3, #1
10007096:	0039      	movs	r1, r7
10007098:	930a      	str	r3, [sp, #40]	@ 0x28
1000709a:	2200      	movs	r2, #0
1000709c:	4b71      	ldr	r3, [pc, #452]	@ (10007264 <_etoa+0x560>)
1000709e:	f7fe fdce 	bl	10005c3e <__wrap___aeabi_ddiv>
100070a2:	0006      	movs	r6, r0
100070a4:	000f      	movs	r7, r1
100070a6:	9a0a      	ldr	r2, [sp, #40]	@ 0x28
100070a8:	0033      	movs	r3, r6
100070aa:	3263      	adds	r2, #99	@ 0x63
100070ac:	0039      	movs	r1, r7
100070ae:	2ac6      	cmp	r2, #198	@ 0xc6
100070b0:	d812      	bhi.n	100070d8 <_etoa+0x3d4>
100070b2:	2202      	movs	r2, #2
100070b4:	9826      	ldr	r0, [sp, #152]	@ 0x98
100070b6:	2504      	movs	r5, #4
100070b8:	4010      	ands	r0, r2
100070ba:	9a0b      	ldr	r2, [sp, #44]	@ 0x2c
100070bc:	900c      	str	r0, [sp, #48]	@ 0x30
100070be:	2a00      	cmp	r2, #0
100070c0:	d125      	bne.n	1000710e <_etoa+0x40a>
100070c2:	9b25      	ldr	r3, [sp, #148]	@ 0x94
100070c4:	2b04      	cmp	r3, #4
100070c6:	d905      	bls.n	100070d4 <_etoa+0x3d0>
100070c8:	2800      	cmp	r0, #0
100070ca:	d000      	beq.n	100070ce <_etoa+0x3ca>
100070cc:	e0a1      	b.n	10007212 <_etoa+0x50e>
100070ce:	9b25      	ldr	r3, [sp, #148]	@ 0x94
100070d0:	3b04      	subs	r3, #4
100070d2:	930b      	str	r3, [sp, #44]	@ 0x2c
100070d4:	2504      	movs	r5, #4
100070d6:	e041      	b.n	1000715c <_etoa+0x458>
100070d8:	2202      	movs	r2, #2
100070da:	9826      	ldr	r0, [sp, #152]	@ 0x98
100070dc:	4010      	ands	r0, r2
100070de:	9a0b      	ldr	r2, [sp, #44]	@ 0x2c
100070e0:	900c      	str	r0, [sp, #48]	@ 0x30
100070e2:	2a00      	cmp	r2, #0
100070e4:	d112      	bne.n	1000710c <_etoa+0x408>
100070e6:	9b25      	ldr	r3, [sp, #148]	@ 0x94
100070e8:	2b05      	cmp	r3, #5
100070ea:	d976      	bls.n	100071da <_etoa+0x4d6>
100070ec:	2800      	cmp	r0, #0
100070ee:	d172      	bne.n	100071d6 <_etoa+0x4d2>
100070f0:	9b25      	ldr	r3, [sp, #148]	@ 0x94
100070f2:	2505      	movs	r5, #5
100070f4:	3b05      	subs	r3, #5
100070f6:	930b      	str	r3, [sp, #44]	@ 0x2c
100070f8:	e034      	b.n	10007164 <_etoa+0x460>
100070fa:	2280      	movs	r2, #128	@ 0x80
100070fc:	0612      	lsls	r2, r2, #24
100070fe:	4694      	mov	ip, r2
10007100:	9b22      	ldr	r3, [sp, #136]	@ 0x88
10007102:	9308      	str	r3, [sp, #32]
10007104:	9b23      	ldr	r3, [sp, #140]	@ 0x8c
10007106:	4463      	add	r3, ip
10007108:	9309      	str	r3, [sp, #36]	@ 0x24
1000710a:	e630      	b.n	10006d6e <_etoa+0x6a>
1000710c:	2505      	movs	r5, #5
1000710e:	430b      	orrs	r3, r1
10007110:	d100      	bne.n	10007114 <_etoa+0x410>
10007112:	e6f6      	b.n	10006f02 <_etoa+0x1fe>
10007114:	9808      	ldr	r0, [sp, #32]
10007116:	9909      	ldr	r1, [sp, #36]	@ 0x24
10007118:	4a55      	ldr	r2, [pc, #340]	@ (10007270 <_etoa+0x56c>)
1000711a:	4b56      	ldr	r3, [pc, #344]	@ (10007274 <_etoa+0x570>)
1000711c:	f7fe fdfe 	bl	10005d1c <__wrap___aeabi_dcmpge>
10007120:	2800      	cmp	r0, #0
10007122:	d008      	beq.n	10007136 <_etoa+0x432>
10007124:	9808      	ldr	r0, [sp, #32]
10007126:	9909      	ldr	r1, [sp, #36]	@ 0x24
10007128:	2200      	movs	r2, #0
1000712a:	4b53      	ldr	r3, [pc, #332]	@ (10007278 <_etoa+0x574>)
1000712c:	f7fe fde8 	bl	10005d00 <__wrap___aeabi_dcmplt>
10007130:	2800      	cmp	r0, #0
10007132:	d000      	beq.n	10007136 <_etoa+0x432>
10007134:	e6e5      	b.n	10006f02 <_etoa+0x1fe>
10007136:	9b24      	ldr	r3, [sp, #144]	@ 0x90
10007138:	2b00      	cmp	r3, #0
1000713a:	d01c      	beq.n	10007176 <_etoa+0x472>
1000713c:	9b0d      	ldr	r3, [sp, #52]	@ 0x34
1000713e:	2b00      	cmp	r3, #0
10007140:	d019      	beq.n	10007176 <_etoa+0x472>
10007142:	9b24      	ldr	r3, [sp, #144]	@ 0x90
10007144:	3b01      	subs	r3, #1
10007146:	9324      	str	r3, [sp, #144]	@ 0x90
10007148:	9b25      	ldr	r3, [sp, #148]	@ 0x94
1000714a:	42ab      	cmp	r3, r5
1000714c:	d904      	bls.n	10007158 <_etoa+0x454>
1000714e:	9b0c      	ldr	r3, [sp, #48]	@ 0x30
10007150:	2b00      	cmp	r3, #0
10007152:	d05a      	beq.n	1000720a <_etoa+0x506>
10007154:	2302      	movs	r3, #2
10007156:	930c      	str	r3, [sp, #48]	@ 0x30
10007158:	2300      	movs	r3, #0
1000715a:	930b      	str	r3, [sp, #44]	@ 0x2c
1000715c:	9b0a      	ldr	r3, [sp, #40]	@ 0x28
1000715e:	2b00      	cmp	r3, #0
10007160:	d100      	bne.n	10007164 <_etoa+0x460>
10007162:	e631      	b.n	10006dc8 <_etoa+0xc4>
10007164:	9808      	ldr	r0, [sp, #32]
10007166:	9909      	ldr	r1, [sp, #36]	@ 0x24
10007168:	0032      	movs	r2, r6
1000716a:	003b      	movs	r3, r7
1000716c:	f7fe fd67 	bl	10005c3e <__wrap___aeabi_ddiv>
10007170:	9008      	str	r0, [sp, #32]
10007172:	9109      	str	r1, [sp, #36]	@ 0x24
10007174:	e628      	b.n	10006dc8 <_etoa+0xc4>
10007176:	9b25      	ldr	r3, [sp, #148]	@ 0x94
10007178:	42ab      	cmp	r3, r5
1000717a:	d9ed      	bls.n	10007158 <_etoa+0x454>
1000717c:	9b0c      	ldr	r3, [sp, #48]	@ 0x30
1000717e:	2b00      	cmp	r3, #0
10007180:	d043      	beq.n	1000720a <_etoa+0x506>
10007182:	2300      	movs	r3, #0
10007184:	930b      	str	r3, [sp, #44]	@ 0x2c
10007186:	3302      	adds	r3, #2
10007188:	930c      	str	r3, [sp, #48]	@ 0x30
1000718a:	e7e7      	b.n	1000715c <_etoa+0x458>
1000718c:	2080      	movs	r0, #128	@ 0x80
1000718e:	9b26      	ldr	r3, [sp, #152]	@ 0x98
10007190:	4a3a      	ldr	r2, [pc, #232]	@ (1000727c <_etoa+0x578>)
10007192:	0600      	lsls	r0, r0, #24
10007194:	401a      	ands	r2, r3
10007196:	2380      	movs	r3, #128	@ 0x80
10007198:	4684      	mov	ip, r0
1000719a:	9402      	str	r4, [sp, #8]
1000719c:	9c08      	ldr	r4, [sp, #32]
1000719e:	9d09      	ldr	r5, [sp, #36]	@ 0x24
100071a0:	0029      	movs	r1, r5
100071a2:	00db      	lsls	r3, r3, #3
100071a4:	4313      	orrs	r3, r2
100071a6:	9304      	str	r3, [sp, #16]
100071a8:	9b25      	ldr	r3, [sp, #148]	@ 0x94
100071aa:	4461      	add	r1, ip
100071ac:	0022      	movs	r2, r4
100071ae:	9303      	str	r3, [sp, #12]
100071b0:	000b      	movs	r3, r1
100071b2:	9200      	str	r2, [sp, #0]
100071b4:	9301      	str	r3, [sp, #4]
100071b6:	e68e      	b.n	10006ed6 <_etoa+0x1d2>
100071b8:	2405      	movs	r4, #5
100071ba:	e6a8      	b.n	10006f0e <_etoa+0x20a>
100071bc:	2300      	movs	r3, #0
100071be:	930b      	str	r3, [sp, #44]	@ 0x2c
100071c0:	930a      	str	r3, [sp, #40]	@ 0x28
100071c2:	3302      	adds	r3, #2
100071c4:	2504      	movs	r5, #4
100071c6:	930c      	str	r3, [sp, #48]	@ 0x30
100071c8:	e5fe      	b.n	10006dc8 <_etoa+0xc4>
100071ca:	4653      	mov	r3, sl
100071cc:	468c      	mov	ip, r1
100071ce:	3b01      	subs	r3, #1
100071d0:	4463      	add	r3, ip
100071d2:	1a1b      	subs	r3, r3, r0
100071d4:	e672      	b.n	10006ebc <_etoa+0x1b8>
100071d6:	2302      	movs	r3, #2
100071d8:	930c      	str	r3, [sp, #48]	@ 0x30
100071da:	2505      	movs	r5, #5
100071dc:	e7c2      	b.n	10007164 <_etoa+0x460>
100071de:	2304      	movs	r3, #4
100071e0:	e5ed      	b.n	10006dbe <_etoa+0xba>
100071e2:	2080      	movs	r0, #128	@ 0x80
100071e4:	9e08      	ldr	r6, [sp, #32]
100071e6:	9f09      	ldr	r7, [sp, #36]	@ 0x24
100071e8:	0600      	lsls	r0, r0, #24
100071ea:	0039      	movs	r1, r7
100071ec:	4684      	mov	ip, r0
100071ee:	9a26      	ldr	r2, [sp, #152]	@ 0x98
100071f0:	4b22      	ldr	r3, [pc, #136]	@ (1000727c <_etoa+0x578>)
100071f2:	4461      	add	r1, ip
100071f4:	4013      	ands	r3, r2
100071f6:	9304      	str	r3, [sp, #16]
100071f8:	9b0b      	ldr	r3, [sp, #44]	@ 0x2c
100071fa:	0032      	movs	r2, r6
100071fc:	9303      	str	r3, [sp, #12]
100071fe:	9b24      	ldr	r3, [sp, #144]	@ 0x90
10007200:	9302      	str	r3, [sp, #8]
10007202:	000b      	movs	r3, r1
10007204:	9200      	str	r2, [sp, #0]
10007206:	9301      	str	r3, [sp, #4]
10007208:	e5f3      	b.n	10006df2 <_etoa+0xee>
1000720a:	9b25      	ldr	r3, [sp, #148]	@ 0x94
1000720c:	1b5b      	subs	r3, r3, r5
1000720e:	930b      	str	r3, [sp, #44]	@ 0x2c
10007210:	e7a4      	b.n	1000715c <_etoa+0x458>
10007212:	2302      	movs	r3, #2
10007214:	2504      	movs	r5, #4
10007216:	930c      	str	r3, [sp, #48]	@ 0x30
10007218:	e7a0      	b.n	1000715c <_etoa+0x458>
1000721a:	1a9c      	subs	r4, r3, r2
1000721c:	3c01      	subs	r4, #1
1000721e:	e676      	b.n	10006f0e <_etoa+0x20a>
10007220:	fffffc01 	.word	0xfffffc01
10007224:	509f79fb 	.word	0x509f79fb
10007228:	3fd34413 	.word	0x3fd34413
1000722c:	8b60c8b3 	.word	0x8b60c8b3
10007230:	3fc68a28 	.word	0x3fc68a28
10007234:	3ff00000 	.word	0x3ff00000
10007238:	3ff80000 	.word	0x3ff80000
1000723c:	636f4361 	.word	0x636f4361
10007240:	3fd287a7 	.word	0x3fd287a7
10007244:	0979a371 	.word	0x0979a371
10007248:	400a934f 	.word	0x400a934f
1000724c:	3fe00000 	.word	0x3fe00000
10007250:	bbb55516 	.word	0xbbb55516
10007254:	40026bb1 	.word	0x40026bb1
10007258:	fefa39ef 	.word	0xfefa39ef
1000725c:	3fe62e42 	.word	0x3fe62e42
10007260:	402c0000 	.word	0x402c0000
10007264:	40240000 	.word	0x40240000
10007268:	40180000 	.word	0x40180000
1000726c:	000003ff 	.word	0x000003ff
10007270:	eb1c432d 	.word	0xeb1c432d
10007274:	3f1a36e2 	.word	0x3f1a36e2
10007278:	412e8480 	.word	0x412e8480
1000727c:	fffff7ff 	.word	0xfffff7ff

10007280 <_vsnprintf>:
10007280:	b5f0      	push	{r4, r5, r6, r7, lr}
10007282:	46de      	mov	lr, fp
10007284:	4657      	mov	r7, sl
10007286:	464e      	mov	r6, r9
10007288:	4645      	mov	r5, r8
1000728a:	b5e0      	push	{r5, r6, r7, lr}
1000728c:	b0a5      	sub	sp, #148	@ 0x94
1000728e:	001e      	movs	r6, r3
10007290:	9b2e      	ldr	r3, [sp, #184]	@ 0xb8
10007292:	4692      	mov	sl, r2
10007294:	930c      	str	r3, [sp, #48]	@ 0x30
10007296:	4acd      	ldr	r2, [pc, #820]	@ (100075cc <_vsnprintf+0x34c>)
10007298:	4bcd      	ldr	r3, [pc, #820]	@ (100075d0 <_vsnprintf+0x350>)
1000729a:	4680      	mov	r8, r0
1000729c:	468b      	mov	fp, r1
1000729e:	601a      	str	r2, [r3, #0]
100072a0:	2900      	cmp	r1, #0
100072a2:	d100      	bne.n	100072a6 <_vsnprintf+0x26>
100072a4:	e1ea      	b.n	1000767c <_vsnprintf+0x3fc>
100072a6:	2300      	movs	r3, #0
100072a8:	7830      	ldrb	r0, [r6, #0]
100072aa:	4699      	mov	r9, r3
100072ac:	2800      	cmp	r0, #0
100072ae:	d100      	bne.n	100072b2 <_vsnprintf+0x32>
100072b0:	e1ec      	b.n	1000768c <_vsnprintf+0x40c>
100072b2:	4bc8      	ldr	r3, [pc, #800]	@ (100075d4 <_vsnprintf+0x354>)
100072b4:	464c      	mov	r4, r9
100072b6:	930b      	str	r3, [sp, #44]	@ 0x2c
100072b8:	4bc7      	ldr	r3, [pc, #796]	@ (100075d8 <_vsnprintf+0x358>)
100072ba:	4645      	mov	r5, r8
100072bc:	4657      	mov	r7, sl
100072be:	930e      	str	r3, [sp, #56]	@ 0x38
100072c0:	e00a      	b.n	100072d8 <_vsnprintf+0x58>
100072c2:	1c63      	adds	r3, r4, #1
100072c4:	4698      	mov	r8, r3
100072c6:	0022      	movs	r2, r4
100072c8:	003b      	movs	r3, r7
100072ca:	4659      	mov	r1, fp
100072cc:	47a8      	blx	r5
100072ce:	4644      	mov	r4, r8
100072d0:	7830      	ldrb	r0, [r6, #0]
100072d2:	2800      	cmp	r0, #0
100072d4:	d100      	bne.n	100072d8 <_vsnprintf+0x58>
100072d6:	e087      	b.n	100073e8 <_vsnprintf+0x168>
100072d8:	3601      	adds	r6, #1
100072da:	2825      	cmp	r0, #37	@ 0x25
100072dc:	d1f1      	bne.n	100072c2 <_vsnprintf+0x42>
100072de:	2308      	movs	r3, #8
100072e0:	469a      	mov	sl, r3
100072e2:	3b04      	subs	r3, #4
100072e4:	4699      	mov	r9, r3
100072e6:	3b02      	subs	r3, #2
100072e8:	4698      	mov	r8, r3
100072ea:	3b01      	subs	r3, #1
100072ec:	2200      	movs	r2, #0
100072ee:	469c      	mov	ip, r3
100072f0:	940d      	str	r4, [sp, #52]	@ 0x34
100072f2:	7830      	ldrb	r0, [r6, #0]
100072f4:	1c71      	adds	r1, r6, #1
100072f6:	0003      	movs	r3, r0
100072f8:	3b20      	subs	r3, #32
100072fa:	b2db      	uxtb	r3, r3
100072fc:	2b10      	cmp	r3, #16
100072fe:	d803      	bhi.n	10007308 <_vsnprintf+0x88>
10007300:	9c0b      	ldr	r4, [sp, #44]	@ 0x2c
10007302:	009b      	lsls	r3, r3, #2
10007304:	58e3      	ldr	r3, [r4, r3]
10007306:	469f      	mov	pc, r3
10007308:	0003      	movs	r3, r0
1000730a:	3b30      	subs	r3, #48	@ 0x30
1000730c:	4689      	mov	r9, r1
1000730e:	9c0d      	ldr	r4, [sp, #52]	@ 0x34
10007310:	2b09      	cmp	r3, #9
10007312:	d93a      	bls.n	1000738a <_vsnprintf+0x10a>
10007314:	2300      	movs	r3, #0
10007316:	4698      	mov	r8, r3
10007318:	282a      	cmp	r0, #42	@ 0x2a
1000731a:	d100      	bne.n	1000731e <_vsnprintf+0x9e>
1000731c:	e0c1      	b.n	100074a2 <_vsnprintf+0x222>
1000731e:	2300      	movs	r3, #0
10007320:	469a      	mov	sl, r3
10007322:	282e      	cmp	r0, #46	@ 0x2e
10007324:	d04b      	beq.n	100073be <_vsnprintf+0x13e>
10007326:	0003      	movs	r3, r0
10007328:	3b68      	subs	r3, #104	@ 0x68
1000732a:	b2db      	uxtb	r3, r3
1000732c:	2b12      	cmp	r3, #18
1000732e:	d81e      	bhi.n	1000736e <_vsnprintf+0xee>
10007330:	990e      	ldr	r1, [sp, #56]	@ 0x38
10007332:	009b      	lsls	r3, r3, #2
10007334:	58cb      	ldr	r3, [r1, r3]
10007336:	469f      	mov	pc, r3
10007338:	4663      	mov	r3, ip
1000733a:	000e      	movs	r6, r1
1000733c:	431a      	orrs	r2, r3
1000733e:	e7d8      	b.n	100072f2 <_vsnprintf+0x72>
10007340:	4643      	mov	r3, r8
10007342:	000e      	movs	r6, r1
10007344:	431a      	orrs	r2, r3
10007346:	e7d4      	b.n	100072f2 <_vsnprintf+0x72>
10007348:	464b      	mov	r3, r9
1000734a:	000e      	movs	r6, r1
1000734c:	431a      	orrs	r2, r3
1000734e:	e7d0      	b.n	100072f2 <_vsnprintf+0x72>
10007350:	2310      	movs	r3, #16
10007352:	000e      	movs	r6, r1
10007354:	431a      	orrs	r2, r3
10007356:	e7cc      	b.n	100072f2 <_vsnprintf+0x72>
10007358:	4653      	mov	r3, sl
1000735a:	000e      	movs	r6, r1
1000735c:	431a      	orrs	r2, r3
1000735e:	e7c8      	b.n	100072f2 <_vsnprintf+0x72>
10007360:	2380      	movs	r3, #128	@ 0x80
10007362:	005b      	lsls	r3, r3, #1
10007364:	431a      	orrs	r2, r3
10007366:	3bff      	subs	r3, #255	@ 0xff
10007368:	469c      	mov	ip, r3
1000736a:	7870      	ldrb	r0, [r6, #1]
1000736c:	44e1      	add	r9, ip
1000736e:	464e      	mov	r6, r9
10007370:	2867      	cmp	r0, #103	@ 0x67
10007372:	d84f      	bhi.n	10007414 <_vsnprintf+0x194>
10007374:	2824      	cmp	r0, #36	@ 0x24
10007376:	d9a4      	bls.n	100072c2 <_vsnprintf+0x42>
10007378:	0003      	movs	r3, r0
1000737a:	3b25      	subs	r3, #37	@ 0x25
1000737c:	b2db      	uxtb	r3, r3
1000737e:	2b42      	cmp	r3, #66	@ 0x42
10007380:	d89f      	bhi.n	100072c2 <_vsnprintf+0x42>
10007382:	4996      	ldr	r1, [pc, #600]	@ (100075dc <_vsnprintf+0x35c>)
10007384:	009b      	lsls	r3, r3, #2
10007386:	58cb      	ldr	r3, [r1, r3]
10007388:	469f      	mov	pc, r3
1000738a:	2300      	movs	r3, #0
1000738c:	4694      	mov	ip, r2
1000738e:	001e      	movs	r6, r3
10007390:	e000      	b.n	10007394 <_vsnprintf+0x114>
10007392:	3101      	adds	r1, #1
10007394:	00b3      	lsls	r3, r6, #2
10007396:	199b      	adds	r3, r3, r6
10007398:	005b      	lsls	r3, r3, #1
1000739a:	181e      	adds	r6, r3, r0
1000739c:	7808      	ldrb	r0, [r1, #0]
1000739e:	3e30      	subs	r6, #48	@ 0x30
100073a0:	0003      	movs	r3, r0
100073a2:	3b30      	subs	r3, #48	@ 0x30
100073a4:	2b09      	cmp	r3, #9
100073a6:	d9f4      	bls.n	10007392 <_vsnprintf+0x112>
100073a8:	2301      	movs	r3, #1
100073aa:	4662      	mov	r2, ip
100073ac:	4689      	mov	r9, r1
100073ae:	469c      	mov	ip, r3
100073b0:	2300      	movs	r3, #0
100073b2:	46b0      	mov	r8, r6
100073b4:	469a      	mov	sl, r3
100073b6:	000e      	movs	r6, r1
100073b8:	44e1      	add	r9, ip
100073ba:	282e      	cmp	r0, #46	@ 0x2e
100073bc:	d1b3      	bne.n	10007326 <_vsnprintf+0xa6>
100073be:	2130      	movs	r1, #48	@ 0x30
100073c0:	2080      	movs	r0, #128	@ 0x80
100073c2:	4249      	negs	r1, r1
100073c4:	468c      	mov	ip, r1
100073c6:	00c0      	lsls	r0, r0, #3
100073c8:	4302      	orrs	r2, r0
100073ca:	7870      	ldrb	r0, [r6, #1]
100073cc:	464b      	mov	r3, r9
100073ce:	4484      	add	ip, r0
100073d0:	4661      	mov	r1, ip
100073d2:	2909      	cmp	r1, #9
100073d4:	d800      	bhi.n	100073d8 <_vsnprintf+0x158>
100073d6:	e16c      	b.n	100076b2 <_vsnprintf+0x432>
100073d8:	282a      	cmp	r0, #42	@ 0x2a
100073da:	d100      	bne.n	100073de <_vsnprintf+0x15e>
100073dc:	e17a      	b.n	100076d4 <_vsnprintf+0x454>
100073de:	2301      	movs	r3, #1
100073e0:	469c      	mov	ip, r3
100073e2:	464e      	mov	r6, r9
100073e4:	44e1      	add	r9, ip
100073e6:	e79e      	b.n	10007326 <_vsnprintf+0xa6>
100073e8:	46a1      	mov	r9, r4
100073ea:	46a8      	mov	r8, r5
100073ec:	46ba      	mov	sl, r7
100073ee:	45ca      	cmp	sl, r9
100073f0:	d803      	bhi.n	100073fa <_vsnprintf+0x17a>
100073f2:	2301      	movs	r3, #1
100073f4:	425b      	negs	r3, r3
100073f6:	4453      	add	r3, sl
100073f8:	4699      	mov	r9, r3
100073fa:	4653      	mov	r3, sl
100073fc:	464a      	mov	r2, r9
100073fe:	4659      	mov	r1, fp
10007400:	2000      	movs	r0, #0
10007402:	47c0      	blx	r8
10007404:	0020      	movs	r0, r4
10007406:	b025      	add	sp, #148	@ 0x94
10007408:	bcf0      	pop	{r4, r5, r6, r7}
1000740a:	46bb      	mov	fp, r7
1000740c:	46b2      	mov	sl, r6
1000740e:	46a9      	mov	r9, r5
10007410:	46a0      	mov	r8, r4
10007412:	bdf0      	pop	{r4, r5, r6, r7, pc}
10007414:	0003      	movs	r3, r0
10007416:	3b69      	subs	r3, #105	@ 0x69
10007418:	b2db      	uxtb	r3, r3
1000741a:	930d      	str	r3, [sp, #52]	@ 0x34
1000741c:	2b0f      	cmp	r3, #15
1000741e:	d900      	bls.n	10007422 <_vsnprintf+0x1a2>
10007420:	e74f      	b.n	100072c2 <_vsnprintf+0x42>
10007422:	2101      	movs	r1, #1
10007424:	4099      	lsls	r1, r3
10007426:	468c      	mov	ip, r1
10007428:	496d      	ldr	r1, [pc, #436]	@ (100075e0 <_vsnprintf+0x360>)
1000742a:	4689      	mov	r9, r1
1000742c:	4661      	mov	r1, ip
1000742e:	464b      	mov	r3, r9
10007430:	4019      	ands	r1, r3
10007432:	910f      	str	r1, [sp, #60]	@ 0x3c
10007434:	4663      	mov	r3, ip
10007436:	4649      	mov	r1, r9
10007438:	420b      	tst	r3, r1
1000743a:	d000      	beq.n	1000743e <_vsnprintf+0x1be>
1000743c:	e128      	b.n	10007690 <_vsnprintf+0x410>
1000743e:	9b0d      	ldr	r3, [sp, #52]	@ 0x34
10007440:	2b0a      	cmp	r3, #10
10007442:	d03a      	beq.n	100074ba <_vsnprintf+0x23a>
10007444:	2b07      	cmp	r3, #7
10007446:	d000      	beq.n	1000744a <_vsnprintf+0x1ca>
10007448:	e73b      	b.n	100072c2 <_vsnprintf+0x42>
1000744a:	9b0c      	ldr	r3, [sp, #48]	@ 0x30
1000744c:	0019      	movs	r1, r3
1000744e:	c908      	ldmia	r1!, {r3}
10007450:	4688      	mov	r8, r1
10007452:	2b00      	cmp	r3, #0
10007454:	d100      	bne.n	10007458 <_vsnprintf+0x1d8>
10007456:	e14b      	b.n	100076f0 <_vsnprintf+0x470>
10007458:	2021      	movs	r0, #33	@ 0x21
1000745a:	4302      	orrs	r2, r0
1000745c:	4691      	mov	r9, r2
1000745e:	a914      	add	r1, sp, #80	@ 0x50
10007460:	468c      	mov	ip, r1
10007462:	221f      	movs	r2, #31
10007464:	210f      	movs	r1, #15
10007466:	4462      	add	r2, ip
10007468:	468c      	mov	ip, r1
1000746a:	4651      	mov	r1, sl
1000746c:	950d      	str	r5, [sp, #52]	@ 0x34
1000746e:	910c      	str	r1, [sp, #48]	@ 0x30
10007470:	46a2      	mov	sl, r4
10007472:	0015      	movs	r5, r2
10007474:	990f      	ldr	r1, [sp, #60]	@ 0x3c
10007476:	e002      	b.n	1000747e <_vsnprintf+0x1fe>
10007478:	2920      	cmp	r1, #32
1000747a:	d00c      	beq.n	10007496 <_vsnprintf+0x216>
1000747c:	0013      	movs	r3, r2
1000747e:	4664      	mov	r4, ip
10007480:	401c      	ands	r4, r3
10007482:	0020      	movs	r0, r4
10007484:	3037      	adds	r0, #55	@ 0x37
10007486:	2c09      	cmp	r4, #9
10007488:	d800      	bhi.n	1000748c <_vsnprintf+0x20c>
1000748a:	3807      	subs	r0, #7
1000748c:	3101      	adds	r1, #1
1000748e:	5468      	strb	r0, [r5, r1]
10007490:	091a      	lsrs	r2, r3, #4
10007492:	2b0f      	cmp	r3, #15
10007494:	d8f0      	bhi.n	10007478 <_vsnprintf+0x1f8>
10007496:	9b0c      	ldr	r3, [sp, #48]	@ 0x30
10007498:	4654      	mov	r4, sl
1000749a:	9d0d      	ldr	r5, [sp, #52]	@ 0x34
1000749c:	469a      	mov	sl, r3
1000749e:	910f      	str	r1, [sp, #60]	@ 0x3c
100074a0:	e133      	b.n	1000770a <_vsnprintf+0x48a>
100074a2:	9b0c      	ldr	r3, [sp, #48]	@ 0x30
100074a4:	cb02      	ldmia	r3!, {r1}
100074a6:	4688      	mov	r8, r1
100074a8:	2900      	cmp	r1, #0
100074aa:	db47      	blt.n	1000753c <_vsnprintf+0x2bc>
100074ac:	930c      	str	r3, [sp, #48]	@ 0x30
100074ae:	2301      	movs	r3, #1
100074b0:	469c      	mov	ip, r3
100074b2:	7870      	ldrb	r0, [r6, #1]
100074b4:	464e      	mov	r6, r9
100074b6:	44e1      	add	r9, ip
100074b8:	e731      	b.n	1000731e <_vsnprintf+0x9e>
100074ba:	9b0c      	ldr	r3, [sp, #48]	@ 0x30
100074bc:	cb02      	ldmia	r3!, {r1}
100074be:	9314      	str	r3, [sp, #80]	@ 0x50
100074c0:	4653      	mov	r3, sl
100074c2:	2b00      	cmp	r3, #0
100074c4:	d100      	bne.n	100074c8 <_vsnprintf+0x248>
100074c6:	e138      	b.n	1000773a <_vsnprintf+0x4ba>
100074c8:	469c      	mov	ip, r3
100074ca:	7808      	ldrb	r0, [r1, #0]
100074cc:	000b      	movs	r3, r1
100074ce:	900c      	str	r0, [sp, #48]	@ 0x30
100074d0:	448c      	add	ip, r1
100074d2:	2800      	cmp	r0, #0
100074d4:	d101      	bne.n	100074da <_vsnprintf+0x25a>
100074d6:	f000 fc98 	bl	10007e0a <_vsnprintf+0xb8a>
100074da:	4689      	mov	r9, r1
100074dc:	4661      	mov	r1, ip
100074de:	4694      	mov	ip, r2
100074e0:	e003      	b.n	100074ea <_vsnprintf+0x26a>
100074e2:	785a      	ldrb	r2, [r3, #1]
100074e4:	3301      	adds	r3, #1
100074e6:	2a00      	cmp	r2, #0
100074e8:	d001      	beq.n	100074ee <_vsnprintf+0x26e>
100074ea:	428b      	cmp	r3, r1
100074ec:	d1f9      	bne.n	100074e2 <_vsnprintf+0x262>
100074ee:	4649      	mov	r1, r9
100074f0:	4662      	mov	r2, ip
100074f2:	1a5b      	subs	r3, r3, r1
100074f4:	900c      	str	r0, [sp, #48]	@ 0x30
100074f6:	930f      	str	r3, [sp, #60]	@ 0x3c
100074f8:	0553      	lsls	r3, r2, #21
100074fa:	d500      	bpl.n	100074fe <_vsnprintf+0x27e>
100074fc:	e120      	b.n	10007740 <_vsnprintf+0x4c0>
100074fe:	2302      	movs	r3, #2
10007500:	0018      	movs	r0, r3
10007502:	4010      	ands	r0, r2
10007504:	900d      	str	r0, [sp, #52]	@ 0x34
10007506:	4213      	tst	r3, r2
10007508:	d100      	bne.n	1000750c <_vsnprintf+0x28c>
1000750a:	e3cb      	b.n	10007ca4 <_vsnprintf+0xa24>
1000750c:	930d      	str	r3, [sp, #52]	@ 0x34
1000750e:	1b0b      	subs	r3, r1, r4
10007510:	46b1      	mov	r9, r6
10007512:	469a      	mov	sl, r3
10007514:	465e      	mov	r6, fp
10007516:	980c      	ldr	r0, [sp, #48]	@ 0x30
10007518:	0022      	movs	r2, r4
1000751a:	003b      	movs	r3, r7
1000751c:	0031      	movs	r1, r6
1000751e:	47a8      	blx	r5
10007520:	4653      	mov	r3, sl
10007522:	3401      	adds	r4, #1
10007524:	5d18      	ldrb	r0, [r3, r4]
10007526:	2800      	cmp	r0, #0
10007528:	d1f6      	bne.n	10007518 <_vsnprintf+0x298>
1000752a:	46b3      	mov	fp, r6
1000752c:	464e      	mov	r6, r9
1000752e:	9b0d      	ldr	r3, [sp, #52]	@ 0x34
10007530:	2b00      	cmp	r3, #0
10007532:	d000      	beq.n	10007536 <_vsnprintf+0x2b6>
10007534:	e1c7      	b.n	100078c6 <_vsnprintf+0x646>
10007536:	9b14      	ldr	r3, [sp, #80]	@ 0x50
10007538:	930c      	str	r3, [sp, #48]	@ 0x30
1000753a:	e6c9      	b.n	100072d0 <_vsnprintf+0x50>
1000753c:	930c      	str	r3, [sp, #48]	@ 0x30
1000753e:	2301      	movs	r3, #1
10007540:	469c      	mov	ip, r3
10007542:	3828      	subs	r0, #40	@ 0x28
10007544:	4249      	negs	r1, r1
10007546:	4302      	orrs	r2, r0
10007548:	4688      	mov	r8, r1
1000754a:	7870      	ldrb	r0, [r6, #1]
1000754c:	464e      	mov	r6, r9
1000754e:	44e1      	add	r9, ip
10007550:	e6e5      	b.n	1000731e <_vsnprintf+0x9e>
10007552:	7870      	ldrb	r0, [r6, #1]
10007554:	286c      	cmp	r0, #108	@ 0x6c
10007556:	d100      	bne.n	1000755a <_vsnprintf+0x2da>
10007558:	e17f      	b.n	1000785a <_vsnprintf+0x5da>
1000755a:	2380      	movs	r3, #128	@ 0x80
1000755c:	005b      	lsls	r3, r3, #1
1000755e:	431a      	orrs	r2, r3
10007560:	3bff      	subs	r3, #255	@ 0xff
10007562:	469c      	mov	ip, r3
10007564:	44e1      	add	r9, ip
10007566:	e702      	b.n	1000736e <_vsnprintf+0xee>
10007568:	2380      	movs	r3, #128	@ 0x80
1000756a:	009b      	lsls	r3, r3, #2
1000756c:	431a      	orrs	r2, r3
1000756e:	2301      	movs	r3, #1
10007570:	469c      	mov	ip, r3
10007572:	7870      	ldrb	r0, [r6, #1]
10007574:	44e1      	add	r9, ip
10007576:	e6fa      	b.n	1000736e <_vsnprintf+0xee>
10007578:	7870      	ldrb	r0, [r6, #1]
1000757a:	2868      	cmp	r0, #104	@ 0x68
1000757c:	d100      	bne.n	10007580 <_vsnprintf+0x300>
1000757e:	e173      	b.n	10007868 <_vsnprintf+0x5e8>
10007580:	2380      	movs	r3, #128	@ 0x80
10007582:	431a      	orrs	r2, r3
10007584:	3b7f      	subs	r3, #127	@ 0x7f
10007586:	469c      	mov	ip, r3
10007588:	44e1      	add	r9, ip
1000758a:	e6f0      	b.n	1000736e <_vsnprintf+0xee>
1000758c:	2867      	cmp	r0, #103	@ 0x67
1000758e:	d100      	bne.n	10007592 <_vsnprintf+0x312>
10007590:	e103      	b.n	1000779a <_vsnprintf+0x51a>
10007592:	2847      	cmp	r0, #71	@ 0x47
10007594:	d100      	bne.n	10007598 <_vsnprintf+0x318>
10007596:	e15a      	b.n	1000784e <_vsnprintf+0x5ce>
10007598:	2845      	cmp	r0, #69	@ 0x45
1000759a:	d100      	bne.n	1000759e <_vsnprintf+0x31e>
1000759c:	e15a      	b.n	10007854 <_vsnprintf+0x5d4>
1000759e:	9204      	str	r2, [sp, #16]
100075a0:	2107      	movs	r1, #7
100075a2:	4642      	mov	r2, r8
100075a4:	9b0c      	ldr	r3, [sp, #48]	@ 0x30
100075a6:	9203      	str	r2, [sp, #12]
100075a8:	3307      	adds	r3, #7
100075aa:	4652      	mov	r2, sl
100075ac:	438b      	bics	r3, r1
100075ae:	0019      	movs	r1, r3
100075b0:	9202      	str	r2, [sp, #8]
100075b2:	c90c      	ldmia	r1!, {r2, r3}
100075b4:	0028      	movs	r0, r5
100075b6:	9200      	str	r2, [sp, #0]
100075b8:	9301      	str	r3, [sp, #4]
100075ba:	910c      	str	r1, [sp, #48]	@ 0x30
100075bc:	0022      	movs	r2, r4
100075be:	003b      	movs	r3, r7
100075c0:	4659      	mov	r1, fp
100075c2:	f7ff fb9f 	bl	10006d04 <_etoa>
100075c6:	0004      	movs	r4, r0
100075c8:	e682      	b.n	100072d0 <_vsnprintf+0x50>
100075ca:	46c0      	nop			@ (mov r8, r8)
100075cc:	10007281 	.word	0x10007281
100075d0:	20009fc8 	.word	0x20009fc8
100075d4:	1000bbe0 	.word	0x1000bbe0
100075d8:	1000bc24 	.word	0x1000bc24
100075dc:	1000bc70 	.word	0x1000bc70
100075e0:	00009041 	.word	0x00009041
100075e4:	2846      	cmp	r0, #70	@ 0x46
100075e6:	d100      	bne.n	100075ea <_vsnprintf+0x36a>
100075e8:	e0db      	b.n	100077a2 <_vsnprintf+0x522>
100075ea:	9204      	str	r2, [sp, #16]
100075ec:	2107      	movs	r1, #7
100075ee:	4642      	mov	r2, r8
100075f0:	9b0c      	ldr	r3, [sp, #48]	@ 0x30
100075f2:	9203      	str	r2, [sp, #12]
100075f4:	3307      	adds	r3, #7
100075f6:	4652      	mov	r2, sl
100075f8:	438b      	bics	r3, r1
100075fa:	0019      	movs	r1, r3
100075fc:	9202      	str	r2, [sp, #8]
100075fe:	c90c      	ldmia	r1!, {r2, r3}
10007600:	0028      	movs	r0, r5
10007602:	9200      	str	r2, [sp, #0]
10007604:	9301      	str	r3, [sp, #4]
10007606:	910c      	str	r1, [sp, #48]	@ 0x30
10007608:	0022      	movs	r2, r4
1000760a:	003b      	movs	r3, r7
1000760c:	4659      	mov	r1, fp
1000760e:	f7ff f925 	bl	1000685c <_ftoa>
10007612:	0004      	movs	r4, r0
10007614:	e65c      	b.n	100072d0 <_vsnprintf+0x50>
10007616:	1c63      	adds	r3, r4, #1
10007618:	4698      	mov	r8, r3
1000761a:	0022      	movs	r2, r4
1000761c:	003b      	movs	r3, r7
1000761e:	4659      	mov	r1, fp
10007620:	2025      	movs	r0, #37	@ 0x25
10007622:	47a8      	blx	r5
10007624:	4644      	mov	r4, r8
10007626:	e653      	b.n	100072d0 <_vsnprintf+0x50>
10007628:	9b0c      	ldr	r3, [sp, #48]	@ 0x30
1000762a:	3304      	adds	r3, #4
1000762c:	930d      	str	r3, [sp, #52]	@ 0x34
1000762e:	1c63      	adds	r3, r4, #1
10007630:	4699      	mov	r9, r3
10007632:	0792      	lsls	r2, r2, #30
10007634:	d400      	bmi.n	10007638 <_vsnprintf+0x3b8>
10007636:	e122      	b.n	1000787e <_vsnprintf+0x5fe>
10007638:	9b0c      	ldr	r3, [sp, #48]	@ 0x30
1000763a:	0022      	movs	r2, r4
1000763c:	7818      	ldrb	r0, [r3, #0]
1000763e:	4659      	mov	r1, fp
10007640:	003b      	movs	r3, r7
10007642:	47a8      	blx	r5
10007644:	4643      	mov	r3, r8
10007646:	4444      	add	r4, r8
10007648:	2b01      	cmp	r3, #1
1000764a:	d800      	bhi.n	1000764e <_vsnprintf+0x3ce>
1000764c:	e285      	b.n	10007b5a <_vsnprintf+0x8da>
1000764e:	0033      	movs	r3, r6
10007650:	46b8      	mov	r8, r7
10007652:	002e      	movs	r6, r5
10007654:	465f      	mov	r7, fp
10007656:	0025      	movs	r5, r4
10007658:	464c      	mov	r4, r9
1000765a:	4699      	mov	r9, r3
1000765c:	0022      	movs	r2, r4
1000765e:	4643      	mov	r3, r8
10007660:	3401      	adds	r4, #1
10007662:	0039      	movs	r1, r7
10007664:	2020      	movs	r0, #32
10007666:	47b0      	blx	r6
10007668:	42ac      	cmp	r4, r5
1000766a:	d1f7      	bne.n	1000765c <_vsnprintf+0x3dc>
1000766c:	002c      	movs	r4, r5
1000766e:	46bb      	mov	fp, r7
10007670:	0035      	movs	r5, r6
10007672:	4647      	mov	r7, r8
10007674:	464e      	mov	r6, r9
10007676:	9b0d      	ldr	r3, [sp, #52]	@ 0x34
10007678:	930c      	str	r3, [sp, #48]	@ 0x30
1000767a:	e629      	b.n	100072d0 <_vsnprintf+0x50>
1000767c:	4bdb      	ldr	r3, [pc, #876]	@ (100079ec <_vsnprintf+0x76c>)
1000767e:	7830      	ldrb	r0, [r6, #0]
10007680:	4698      	mov	r8, r3
10007682:	2300      	movs	r3, #0
10007684:	4699      	mov	r9, r3
10007686:	2800      	cmp	r0, #0
10007688:	d000      	beq.n	1000768c <_vsnprintf+0x40c>
1000768a:	e612      	b.n	100072b2 <_vsnprintf+0x32>
1000768c:	2400      	movs	r4, #0
1000768e:	e6ae      	b.n	100073ee <_vsnprintf+0x16e>
10007690:	286f      	cmp	r0, #111	@ 0x6f
10007692:	d100      	bne.n	10007696 <_vsnprintf+0x416>
10007694:	e088      	b.n	100077a8 <_vsnprintf+0x528>
10007696:	d800      	bhi.n	1000769a <_vsnprintf+0x41a>
10007698:	e30b      	b.n	10007cb2 <_vsnprintf+0xa32>
1000769a:	2310      	movs	r3, #16
1000769c:	2878      	cmp	r0, #120	@ 0x78
1000769e:	d100      	bne.n	100076a2 <_vsnprintf+0x422>
100076a0:	e0cf      	b.n	10007842 <_vsnprintf+0x5c2>
100076a2:	439a      	bics	r2, r3
100076a4:	230a      	movs	r3, #10
100076a6:	469c      	mov	ip, r3
100076a8:	2300      	movs	r3, #0
100076aa:	930f      	str	r3, [sp, #60]	@ 0x3c
100076ac:	330a      	adds	r3, #10
100076ae:	930d      	str	r3, [sp, #52]	@ 0x34
100076b0:	e080      	b.n	100077b4 <_vsnprintf+0x534>
100076b2:	4656      	mov	r6, sl
100076b4:	00b1      	lsls	r1, r6, #2
100076b6:	1989      	adds	r1, r1, r6
100076b8:	0049      	lsls	r1, r1, #1
100076ba:	3301      	adds	r3, #1
100076bc:	180e      	adds	r6, r1, r0
100076be:	7818      	ldrb	r0, [r3, #0]
100076c0:	3e30      	subs	r6, #48	@ 0x30
100076c2:	0001      	movs	r1, r0
100076c4:	3930      	subs	r1, #48	@ 0x30
100076c6:	2909      	cmp	r1, #9
100076c8:	d9f4      	bls.n	100076b4 <_vsnprintf+0x434>
100076ca:	46b2      	mov	sl, r6
100076cc:	001e      	movs	r6, r3
100076ce:	3301      	adds	r3, #1
100076d0:	4699      	mov	r9, r3
100076d2:	e628      	b.n	10007326 <_vsnprintf+0xa6>
100076d4:	9b0c      	ldr	r3, [sp, #48]	@ 0x30
100076d6:	3602      	adds	r6, #2
100076d8:	cb02      	ldmia	r3!, {r1}
100076da:	468a      	mov	sl, r1
100076dc:	43c9      	mvns	r1, r1
100076de:	4650      	mov	r0, sl
100076e0:	17c9      	asrs	r1, r1, #31
100076e2:	4008      	ands	r0, r1
100076e4:	4682      	mov	sl, r0
100076e6:	930c      	str	r3, [sp, #48]	@ 0x30
100076e8:	7830      	ldrb	r0, [r6, #0]
100076ea:	1c73      	adds	r3, r6, #1
100076ec:	4699      	mov	r9, r3
100076ee:	e61a      	b.n	10007326 <_vsnprintf+0xa6>
100076f0:	2310      	movs	r3, #16
100076f2:	0010      	movs	r0, r2
100076f4:	4398      	bics	r0, r3
100076f6:	3311      	adds	r3, #17
100076f8:	4318      	orrs	r0, r3
100076fa:	4681      	mov	r9, r0
100076fc:	2080      	movs	r0, #128	@ 0x80
100076fe:	0013      	movs	r3, r2
10007700:	00c0      	lsls	r0, r0, #3
10007702:	4003      	ands	r3, r0
10007704:	4202      	tst	r2, r0
10007706:	d100      	bne.n	1000770a <_vsnprintf+0x48a>
10007708:	e6a9      	b.n	1000745e <_vsnprintf+0x1de>
1000770a:	464b      	mov	r3, r9
1000770c:	9306      	str	r3, [sp, #24]
1000770e:	2308      	movs	r3, #8
10007710:	9305      	str	r3, [sp, #20]
10007712:	4653      	mov	r3, sl
10007714:	9304      	str	r3, [sp, #16]
10007716:	2310      	movs	r3, #16
10007718:	9303      	str	r3, [sp, #12]
1000771a:	2300      	movs	r3, #0
1000771c:	9302      	str	r3, [sp, #8]
1000771e:	9b0f      	ldr	r3, [sp, #60]	@ 0x3c
10007720:	0022      	movs	r2, r4
10007722:	9301      	str	r3, [sp, #4]
10007724:	ab1c      	add	r3, sp, #112	@ 0x70
10007726:	9300      	str	r3, [sp, #0]
10007728:	4659      	mov	r1, fp
1000772a:	003b      	movs	r3, r7
1000772c:	0028      	movs	r0, r5
1000772e:	f7fe ff9f 	bl	10006670 <_ntoa_format>
10007732:	4643      	mov	r3, r8
10007734:	0004      	movs	r4, r0
10007736:	930c      	str	r3, [sp, #48]	@ 0x30
10007738:	e5ca      	b.n	100072d0 <_vsnprintf+0x50>
1000773a:	2301      	movs	r3, #1
1000773c:	425b      	negs	r3, r3
1000773e:	e6c3      	b.n	100074c8 <_vsnprintf+0x248>
10007740:	9b0f      	ldr	r3, [sp, #60]	@ 0x3c
10007742:	4553      	cmp	r3, sl
10007744:	d901      	bls.n	1000774a <_vsnprintf+0x4ca>
10007746:	4653      	mov	r3, sl
10007748:	930f      	str	r3, [sp, #60]	@ 0x3c
1000774a:	2302      	movs	r3, #2
1000774c:	0018      	movs	r0, r3
1000774e:	4010      	ands	r0, r2
10007750:	900d      	str	r0, [sp, #52]	@ 0x34
10007752:	4213      	tst	r3, r2
10007754:	d100      	bne.n	10007758 <_vsnprintf+0x4d8>
10007756:	e1b7      	b.n	10007ac8 <_vsnprintf+0x848>
10007758:	930d      	str	r3, [sp, #52]	@ 0x34
1000775a:	46d1      	mov	r9, sl
1000775c:	1b0b      	subs	r3, r1, r4
1000775e:	469a      	mov	sl, r3
10007760:	0033      	movs	r3, r6
10007762:	44a1      	add	r9, r4
10007764:	002e      	movs	r6, r5
10007766:	0022      	movs	r2, r4
10007768:	464d      	mov	r5, r9
1000776a:	980c      	ldr	r0, [sp, #48]	@ 0x30
1000776c:	46b9      	mov	r9, r7
1000776e:	465f      	mov	r7, fp
10007770:	469b      	mov	fp, r3
10007772:	e008      	b.n	10007786 <_vsnprintf+0x506>
10007774:	464b      	mov	r3, r9
10007776:	0039      	movs	r1, r7
10007778:	1c54      	adds	r4, r2, #1
1000777a:	47b0      	blx	r6
1000777c:	4653      	mov	r3, sl
1000777e:	5d18      	ldrb	r0, [r3, r4]
10007780:	2800      	cmp	r0, #0
10007782:	d077      	beq.n	10007874 <_vsnprintf+0x5f4>
10007784:	0022      	movs	r2, r4
10007786:	4295      	cmp	r5, r2
10007788:	d1f4      	bne.n	10007774 <_vsnprintf+0x4f4>
1000778a:	465b      	mov	r3, fp
1000778c:	46bb      	mov	fp, r7
1000778e:	464f      	mov	r7, r9
10007790:	46a9      	mov	r9, r5
10007792:	0035      	movs	r5, r6
10007794:	464c      	mov	r4, r9
10007796:	001e      	movs	r6, r3
10007798:	e6c9      	b.n	1000752e <_vsnprintf+0x2ae>
1000779a:	2380      	movs	r3, #128	@ 0x80
1000779c:	011b      	lsls	r3, r3, #4
1000779e:	431a      	orrs	r2, r3
100077a0:	e6fd      	b.n	1000759e <_vsnprintf+0x31e>
100077a2:	2320      	movs	r3, #32
100077a4:	431a      	orrs	r2, r3
100077a6:	e720      	b.n	100075ea <_vsnprintf+0x36a>
100077a8:	2308      	movs	r3, #8
100077aa:	469c      	mov	ip, r3
100077ac:	2300      	movs	r3, #0
100077ae:	930f      	str	r3, [sp, #60]	@ 0x3c
100077b0:	3308      	adds	r3, #8
100077b2:	930d      	str	r3, [sp, #52]	@ 0x34
100077b4:	2380      	movs	r3, #128	@ 0x80
100077b6:	0011      	movs	r1, r2
100077b8:	00db      	lsls	r3, r3, #3
100077ba:	4019      	ands	r1, r3
100077bc:	421a      	tst	r2, r3
100077be:	d100      	bne.n	100077c2 <_vsnprintf+0x542>
100077c0:	e116      	b.n	100079f0 <_vsnprintf+0x770>
100077c2:	230d      	movs	r3, #13
100077c4:	439a      	bics	r2, r3
100077c6:	0010      	movs	r0, r2
100077c8:	2380      	movs	r3, #128	@ 0x80
100077ca:	0002      	movs	r2, r0
100077cc:	009b      	lsls	r3, r3, #2
100077ce:	401a      	ands	r2, r3
100077d0:	9214      	str	r2, [sp, #80]	@ 0x50
100077d2:	4218      	tst	r0, r3
100077d4:	d000      	beq.n	100077d8 <_vsnprintf+0x558>
100077d6:	e1c2      	b.n	10007b5e <_vsnprintf+0x8de>
100077d8:	2380      	movs	r3, #128	@ 0x80
100077da:	0002      	movs	r2, r0
100077dc:	005b      	lsls	r3, r3, #1
100077de:	401a      	ands	r2, r3
100077e0:	4691      	mov	r9, r2
100077e2:	9a0c      	ldr	r2, [sp, #48]	@ 0x30
100077e4:	3204      	adds	r2, #4
100077e6:	920f      	str	r2, [sp, #60]	@ 0x3c
100077e8:	4218      	tst	r0, r3
100077ea:	d000      	beq.n	100077ee <_vsnprintf+0x56e>
100077ec:	e2b7      	b.n	10007d5e <_vsnprintf+0xade>
100077ee:	0643      	lsls	r3, r0, #25
100077f0:	d500      	bpl.n	100077f4 <_vsnprintf+0x574>
100077f2:	e19f      	b.n	10007b34 <_vsnprintf+0x8b4>
100077f4:	0603      	lsls	r3, r0, #24
100077f6:	d400      	bmi.n	100077fa <_vsnprintf+0x57a>
100077f8:	e319      	b.n	10007e2e <_vsnprintf+0xbae>
100077fa:	9b0c      	ldr	r3, [sp, #48]	@ 0x30
100077fc:	881b      	ldrh	r3, [r3, #0]
100077fe:	9309      	str	r3, [sp, #36]	@ 0x24
10007800:	2b00      	cmp	r3, #0
10007802:	d000      	beq.n	10007806 <_vsnprintf+0x586>
10007804:	e1fc      	b.n	10007c00 <_vsnprintf+0x980>
10007806:	3310      	adds	r3, #16
10007808:	4398      	bics	r0, r3
1000780a:	2900      	cmp	r1, #0
1000780c:	d100      	bne.n	10007810 <_vsnprintf+0x590>
1000780e:	e1f7      	b.n	10007c00 <_vsnprintf+0x980>
10007810:	2300      	movs	r3, #0
10007812:	4699      	mov	r9, r3
10007814:	4643      	mov	r3, r8
10007816:	9305      	str	r3, [sp, #20]
10007818:	4653      	mov	r3, sl
1000781a:	9304      	str	r3, [sp, #16]
1000781c:	9b0d      	ldr	r3, [sp, #52]	@ 0x34
1000781e:	9006      	str	r0, [sp, #24]
10007820:	9303      	str	r3, [sp, #12]
10007822:	2300      	movs	r3, #0
10007824:	e0d2      	b.n	100079cc <_vsnprintf+0x74c>
10007826:	2858      	cmp	r0, #88	@ 0x58
10007828:	d008      	beq.n	1000783c <_vsnprintf+0x5bc>
1000782a:	2862      	cmp	r0, #98	@ 0x62
1000782c:	d167      	bne.n	100078fe <_vsnprintf+0x67e>
1000782e:	2302      	movs	r3, #2
10007830:	469c      	mov	ip, r3
10007832:	2300      	movs	r3, #0
10007834:	930f      	str	r3, [sp, #60]	@ 0x3c
10007836:	3302      	adds	r3, #2
10007838:	930d      	str	r3, [sp, #52]	@ 0x34
1000783a:	e7bb      	b.n	100077b4 <_vsnprintf+0x534>
1000783c:	2320      	movs	r3, #32
1000783e:	431a      	orrs	r2, r3
10007840:	3b10      	subs	r3, #16
10007842:	469c      	mov	ip, r3
10007844:	2300      	movs	r3, #0
10007846:	930f      	str	r3, [sp, #60]	@ 0x3c
10007848:	3310      	adds	r3, #16
1000784a:	930d      	str	r3, [sp, #52]	@ 0x34
1000784c:	e7b2      	b.n	100077b4 <_vsnprintf+0x534>
1000784e:	2380      	movs	r3, #128	@ 0x80
10007850:	011b      	lsls	r3, r3, #4
10007852:	431a      	orrs	r2, r3
10007854:	2320      	movs	r3, #32
10007856:	431a      	orrs	r2, r3
10007858:	e6a1      	b.n	1000759e <_vsnprintf+0x31e>
1000785a:	23c0      	movs	r3, #192	@ 0xc0
1000785c:	009b      	lsls	r3, r3, #2
1000785e:	431a      	orrs	r2, r3
10007860:	1cf3      	adds	r3, r6, #3
10007862:	4699      	mov	r9, r3
10007864:	78b0      	ldrb	r0, [r6, #2]
10007866:	e582      	b.n	1000736e <_vsnprintf+0xee>
10007868:	23c0      	movs	r3, #192	@ 0xc0
1000786a:	431a      	orrs	r2, r3
1000786c:	1cf3      	adds	r3, r6, #3
1000786e:	4699      	mov	r9, r3
10007870:	78b0      	ldrb	r0, [r6, #2]
10007872:	e57c      	b.n	1000736e <_vsnprintf+0xee>
10007874:	0035      	movs	r5, r6
10007876:	465e      	mov	r6, fp
10007878:	46bb      	mov	fp, r7
1000787a:	464f      	mov	r7, r9
1000787c:	e657      	b.n	1000752e <_vsnprintf+0x2ae>
1000787e:	4643      	mov	r3, r8
10007880:	2b01      	cmp	r3, #1
10007882:	d800      	bhi.n	10007886 <_vsnprintf+0x606>
10007884:	e163      	b.n	10007b4e <_vsnprintf+0x8ce>
10007886:	1e63      	subs	r3, r4, #1
10007888:	4443      	add	r3, r8
1000788a:	469a      	mov	sl, r3
1000788c:	0033      	movs	r3, r6
1000788e:	46b9      	mov	r9, r7
10007890:	002e      	movs	r6, r5
10007892:	465f      	mov	r7, fp
10007894:	4655      	mov	r5, sl
10007896:	469b      	mov	fp, r3
10007898:	46a2      	mov	sl, r4
1000789a:	0022      	movs	r2, r4
1000789c:	464b      	mov	r3, r9
1000789e:	3401      	adds	r4, #1
100078a0:	0039      	movs	r1, r7
100078a2:	2020      	movs	r0, #32
100078a4:	47b0      	blx	r6
100078a6:	42ac      	cmp	r4, r5
100078a8:	d1f7      	bne.n	1000789a <_vsnprintf+0x61a>
100078aa:	0035      	movs	r5, r6
100078ac:	465e      	mov	r6, fp
100078ae:	46bb      	mov	fp, r7
100078b0:	464f      	mov	r7, r9
100078b2:	46a1      	mov	r9, r4
100078b4:	4654      	mov	r4, sl
100078b6:	9b0c      	ldr	r3, [sp, #48]	@ 0x30
100078b8:	464a      	mov	r2, r9
100078ba:	7818      	ldrb	r0, [r3, #0]
100078bc:	4659      	mov	r1, fp
100078be:	003b      	movs	r3, r7
100078c0:	4444      	add	r4, r8
100078c2:	47a8      	blx	r5
100078c4:	e6d7      	b.n	10007676 <_vsnprintf+0x3f6>
100078c6:	46a1      	mov	r9, r4
100078c8:	9b0f      	ldr	r3, [sp, #60]	@ 0x3c
100078ca:	4598      	cmp	r8, r3
100078cc:	d800      	bhi.n	100078d0 <_vsnprintf+0x650>
100078ce:	e632      	b.n	10007536 <_vsnprintf+0x2b6>
100078d0:	4444      	add	r4, r8
100078d2:	1ae4      	subs	r4, r4, r3
100078d4:	0033      	movs	r3, r6
100078d6:	46b8      	mov	r8, r7
100078d8:	002e      	movs	r6, r5
100078da:	465f      	mov	r7, fp
100078dc:	0025      	movs	r5, r4
100078de:	464c      	mov	r4, r9
100078e0:	4699      	mov	r9, r3
100078e2:	0022      	movs	r2, r4
100078e4:	4643      	mov	r3, r8
100078e6:	3401      	adds	r4, #1
100078e8:	0039      	movs	r1, r7
100078ea:	2020      	movs	r0, #32
100078ec:	47b0      	blx	r6
100078ee:	42ac      	cmp	r4, r5
100078f0:	d1f7      	bne.n	100078e2 <_vsnprintf+0x662>
100078f2:	002c      	movs	r4, r5
100078f4:	46bb      	mov	fp, r7
100078f6:	0035      	movs	r5, r6
100078f8:	4647      	mov	r7, r8
100078fa:	464e      	mov	r6, r9
100078fc:	e61b      	b.n	10007536 <_vsnprintf+0x2b6>
100078fe:	2380      	movs	r3, #128	@ 0x80
10007900:	0010      	movs	r0, r2
10007902:	00db      	lsls	r3, r3, #3
10007904:	4018      	ands	r0, r3
10007906:	421a      	tst	r2, r3
10007908:	d100      	bne.n	1000790c <_vsnprintf+0x68c>
1000790a:	e10f      	b.n	10007b2c <_vsnprintf+0x8ac>
1000790c:	2111      	movs	r1, #17
1000790e:	0018      	movs	r0, r3
10007910:	438a      	bics	r2, r1
10007912:	920d      	str	r2, [sp, #52]	@ 0x34
10007914:	9a0d      	ldr	r2, [sp, #52]	@ 0x34
10007916:	2380      	movs	r3, #128	@ 0x80
10007918:	0011      	movs	r1, r2
1000791a:	009b      	lsls	r3, r3, #2
1000791c:	4019      	ands	r1, r3
1000791e:	468c      	mov	ip, r1
10007920:	421a      	tst	r2, r3
10007922:	d169      	bne.n	100079f8 <_vsnprintf+0x778>
10007924:	2380      	movs	r3, #128	@ 0x80
10007926:	0011      	movs	r1, r2
10007928:	005b      	lsls	r3, r3, #1
1000792a:	4019      	ands	r1, r3
1000792c:	4689      	mov	r9, r1
1000792e:	990c      	ldr	r1, [sp, #48]	@ 0x30
10007930:	3104      	adds	r1, #4
10007932:	910f      	str	r1, [sp, #60]	@ 0x3c
10007934:	421a      	tst	r2, r3
10007936:	d000      	beq.n	1000793a <_vsnprintf+0x6ba>
10007938:	e1ca      	b.n	10007cd0 <_vsnprintf+0xa50>
1000793a:	0013      	movs	r3, r2
1000793c:	065b      	lsls	r3, r3, #25
1000793e:	d500      	bpl.n	10007942 <_vsnprintf+0x6c2>
10007940:	e0f0      	b.n	10007b24 <_vsnprintf+0x8a4>
10007942:	0013      	movs	r3, r2
10007944:	061b      	lsls	r3, r3, #24
10007946:	d400      	bmi.n	1000794a <_vsnprintf+0x6ca>
10007948:	e259      	b.n	10007dfe <_vsnprintf+0xb7e>
1000794a:	9b0c      	ldr	r3, [sp, #48]	@ 0x30
1000794c:	2200      	movs	r2, #0
1000794e:	5e9b      	ldrsh	r3, [r3, r2]
10007950:	17d9      	asrs	r1, r3, #31
10007952:	185a      	adds	r2, r3, r1
10007954:	404a      	eors	r2, r1
10007956:	b292      	uxth	r2, r2
10007958:	0fd9      	lsrs	r1, r3, #31
1000795a:	910c      	str	r1, [sp, #48]	@ 0x30
1000795c:	2b00      	cmp	r3, #0
1000795e:	d100      	bne.n	10007962 <_vsnprintf+0x6e2>
10007960:	e1f9      	b.n	10007d56 <_vsnprintf+0xad6>
10007962:	0010      	movs	r0, r2
10007964:	aa14      	add	r2, sp, #80	@ 0x50
10007966:	4694      	mov	ip, r2
10007968:	4642      	mov	r2, r8
1000796a:	231f      	movs	r3, #31
1000796c:	9214      	str	r2, [sp, #80]	@ 0x50
1000796e:	4652      	mov	r2, sl
10007970:	4463      	add	r3, ip
10007972:	46a8      	mov	r8, r5
10007974:	9416      	str	r4, [sp, #88]	@ 0x58
10007976:	464d      	mov	r5, r9
10007978:	0004      	movs	r4, r0
1000797a:	46b9      	mov	r9, r7
1000797c:	46b2      	mov	sl, r6
1000797e:	001f      	movs	r7, r3
10007980:	9215      	str	r2, [sp, #84]	@ 0x54
10007982:	e001      	b.n	10007988 <_vsnprintf+0x708>
10007984:	2d20      	cmp	r5, #32
10007986:	d00f      	beq.n	100079a8 <_vsnprintf+0x728>
10007988:	0020      	movs	r0, r4
1000798a:	210a      	movs	r1, #10
1000798c:	f7fd ff0a 	bl	100057a4 <__wrap___aeabi_uidiv>
10007990:	3501      	adds	r5, #1
10007992:	197e      	adds	r6, r7, r5
10007994:	3130      	adds	r1, #48	@ 0x30
10007996:	7031      	strb	r1, [r6, #0]
10007998:	0020      	movs	r0, r4
1000799a:	210a      	movs	r1, #10
1000799c:	f7fd ff02 	bl	100057a4 <__wrap___aeabi_uidiv>
100079a0:	0026      	movs	r6, r4
100079a2:	0004      	movs	r4, r0
100079a4:	2e09      	cmp	r6, #9
100079a6:	d8ed      	bhi.n	10007984 <_vsnprintf+0x704>
100079a8:	9b14      	ldr	r3, [sp, #80]	@ 0x50
100079aa:	464f      	mov	r7, r9
100079ac:	46a9      	mov	r9, r5
100079ae:	4645      	mov	r5, r8
100079b0:	4698      	mov	r8, r3
100079b2:	9b15      	ldr	r3, [sp, #84]	@ 0x54
100079b4:	4656      	mov	r6, sl
100079b6:	469a      	mov	sl, r3
100079b8:	9c16      	ldr	r4, [sp, #88]	@ 0x58
100079ba:	9b0d      	ldr	r3, [sp, #52]	@ 0x34
100079bc:	9306      	str	r3, [sp, #24]
100079be:	4643      	mov	r3, r8
100079c0:	9305      	str	r3, [sp, #20]
100079c2:	4653      	mov	r3, sl
100079c4:	9304      	str	r3, [sp, #16]
100079c6:	230a      	movs	r3, #10
100079c8:	9303      	str	r3, [sp, #12]
100079ca:	9b0c      	ldr	r3, [sp, #48]	@ 0x30
100079cc:	9302      	str	r3, [sp, #8]
100079ce:	464b      	mov	r3, r9
100079d0:	9301      	str	r3, [sp, #4]
100079d2:	ab1c      	add	r3, sp, #112	@ 0x70
100079d4:	0022      	movs	r2, r4
100079d6:	9300      	str	r3, [sp, #0]
100079d8:	4659      	mov	r1, fp
100079da:	003b      	movs	r3, r7
100079dc:	0028      	movs	r0, r5
100079de:	f7fe fe47 	bl	10006670 <_ntoa_format>
100079e2:	9b0f      	ldr	r3, [sp, #60]	@ 0x3c
100079e4:	0004      	movs	r4, r0
100079e6:	930c      	str	r3, [sp, #48]	@ 0x30
100079e8:	e472      	b.n	100072d0 <_vsnprintf+0x50>
100079ea:	46c0      	nop			@ (mov r8, r8)
100079ec:	100065c1 	.word	0x100065c1
100079f0:	230c      	movs	r3, #12
100079f2:	439a      	bics	r2, r3
100079f4:	0010      	movs	r0, r2
100079f6:	e6e7      	b.n	100077c8 <_vsnprintf+0x548>
100079f8:	2207      	movs	r2, #7
100079fa:	9b0c      	ldr	r3, [sp, #48]	@ 0x30
100079fc:	3307      	adds	r3, #7
100079fe:	4393      	bics	r3, r2
10007a00:	3201      	adds	r2, #1
10007a02:	4694      	mov	ip, r2
10007a04:	449c      	add	ip, r3
10007a06:	4662      	mov	r2, ip
10007a08:	920c      	str	r2, [sp, #48]	@ 0x30
10007a0a:	cb0c      	ldmia	r3, {r2, r3}
10007a0c:	0fd9      	lsrs	r1, r3, #31
10007a0e:	910f      	str	r1, [sp, #60]	@ 0x3c
10007a10:	0011      	movs	r1, r2
10007a12:	4319      	orrs	r1, r3
10007a14:	d100      	bne.n	10007a18 <_vsnprintf+0x798>
10007a16:	e091      	b.n	10007b3c <_vsnprintf+0x8bc>
10007a18:	17d9      	asrs	r1, r3, #31
10007a1a:	9113      	str	r1, [sp, #76]	@ 0x4c
10007a1c:	9112      	str	r1, [sp, #72]	@ 0x48
10007a1e:	4051      	eors	r1, r2
10007a20:	9110      	str	r1, [sp, #64]	@ 0x40
10007a22:	9913      	ldr	r1, [sp, #76]	@ 0x4c
10007a24:	4059      	eors	r1, r3
10007a26:	9111      	str	r1, [sp, #68]	@ 0x44
10007a28:	9810      	ldr	r0, [sp, #64]	@ 0x40
10007a2a:	9911      	ldr	r1, [sp, #68]	@ 0x44
10007a2c:	9a12      	ldr	r2, [sp, #72]	@ 0x48
10007a2e:	9b13      	ldr	r3, [sp, #76]	@ 0x4c
10007a30:	1a80      	subs	r0, r0, r2
10007a32:	4199      	sbcs	r1, r3
10007a34:	9010      	str	r0, [sp, #64]	@ 0x40
10007a36:	9111      	str	r1, [sp, #68]	@ 0x44
10007a38:	aa14      	add	r2, sp, #80	@ 0x50
10007a3a:	2300      	movs	r3, #0
10007a3c:	4694      	mov	ip, r2
10007a3e:	4642      	mov	r2, r8
10007a40:	4699      	mov	r9, r3
10007a42:	9214      	str	r2, [sp, #80]	@ 0x50
10007a44:	4652      	mov	r2, sl
10007a46:	331f      	adds	r3, #31
10007a48:	4463      	add	r3, ip
10007a4a:	46a8      	mov	r8, r5
10007a4c:	46b2      	mov	sl, r6
10007a4e:	9416      	str	r4, [sp, #88]	@ 0x58
10007a50:	464e      	mov	r6, r9
10007a52:	9c10      	ldr	r4, [sp, #64]	@ 0x40
10007a54:	9d11      	ldr	r5, [sp, #68]	@ 0x44
10007a56:	46b9      	mov	r9, r7
10007a58:	9215      	str	r2, [sp, #84]	@ 0x54
10007a5a:	001f      	movs	r7, r3
10007a5c:	e001      	b.n	10007a62 <_vsnprintf+0x7e2>
10007a5e:	2e20      	cmp	r6, #32
10007a60:	d010      	beq.n	10007a84 <_vsnprintf+0x804>
10007a62:	0020      	movs	r0, r4
10007a64:	0029      	movs	r1, r5
10007a66:	220a      	movs	r2, #10
10007a68:	2300      	movs	r3, #0
10007a6a:	f7fd fed9 	bl	10005820 <__wrap___aeabi_uldivmod>
10007a6e:	3601      	adds	r6, #1
10007a70:	3230      	adds	r2, #48	@ 0x30
10007a72:	002b      	movs	r3, r5
10007a74:	55ba      	strb	r2, [r7, r6]
10007a76:	000d      	movs	r5, r1
10007a78:	0022      	movs	r2, r4
10007a7a:	0004      	movs	r4, r0
10007a7c:	2b00      	cmp	r3, #0
10007a7e:	d1ee      	bne.n	10007a5e <_vsnprintf+0x7de>
10007a80:	2a09      	cmp	r2, #9
10007a82:	d8ec      	bhi.n	10007a5e <_vsnprintf+0x7de>
10007a84:	9b14      	ldr	r3, [sp, #80]	@ 0x50
10007a86:	9410      	str	r4, [sp, #64]	@ 0x40
10007a88:	9511      	str	r5, [sp, #68]	@ 0x44
10007a8a:	4645      	mov	r5, r8
10007a8c:	4698      	mov	r8, r3
10007a8e:	9b15      	ldr	r3, [sp, #84]	@ 0x54
10007a90:	464f      	mov	r7, r9
10007a92:	46b1      	mov	r9, r6
10007a94:	4656      	mov	r6, sl
10007a96:	469a      	mov	sl, r3
10007a98:	9c16      	ldr	r4, [sp, #88]	@ 0x58
10007a9a:	9b0d      	ldr	r3, [sp, #52]	@ 0x34
10007a9c:	9306      	str	r3, [sp, #24]
10007a9e:	4643      	mov	r3, r8
10007aa0:	9305      	str	r3, [sp, #20]
10007aa2:	4653      	mov	r3, sl
10007aa4:	9304      	str	r3, [sp, #16]
10007aa6:	230a      	movs	r3, #10
10007aa8:	9303      	str	r3, [sp, #12]
10007aaa:	9b0f      	ldr	r3, [sp, #60]	@ 0x3c
10007aac:	9302      	str	r3, [sp, #8]
10007aae:	464b      	mov	r3, r9
10007ab0:	9301      	str	r3, [sp, #4]
10007ab2:	ab1c      	add	r3, sp, #112	@ 0x70
10007ab4:	0022      	movs	r2, r4
10007ab6:	9300      	str	r3, [sp, #0]
10007ab8:	4659      	mov	r1, fp
10007aba:	003b      	movs	r3, r7
10007abc:	0028      	movs	r0, r5
10007abe:	f7fe fdd7 	bl	10006670 <_ntoa_format>
10007ac2:	0004      	movs	r4, r0
10007ac4:	f7ff fc04 	bl	100072d0 <_vsnprintf+0x50>
10007ac8:	9b0f      	ldr	r3, [sp, #60]	@ 0x3c
10007aca:	4598      	cmp	r8, r3
10007acc:	d800      	bhi.n	10007ad0 <_vsnprintf+0x850>
10007ace:	e1c1      	b.n	10007e54 <_vsnprintf+0xbd4>
10007ad0:	2380      	movs	r3, #128	@ 0x80
10007ad2:	00db      	lsls	r3, r3, #3
10007ad4:	930d      	str	r3, [sp, #52]	@ 0x34
10007ad6:	4643      	mov	r3, r8
10007ad8:	9a0f      	ldr	r2, [sp, #60]	@ 0x3c
10007ada:	191b      	adds	r3, r3, r4
10007adc:	1a9b      	subs	r3, r3, r2
10007ade:	4699      	mov	r9, r3
10007ae0:	0033      	movs	r3, r6
10007ae2:	002e      	movs	r6, r5
10007ae4:	464d      	mov	r5, r9
10007ae6:	46b9      	mov	r9, r7
10007ae8:	465f      	mov	r7, fp
10007aea:	469b      	mov	fp, r3
10007aec:	910c      	str	r1, [sp, #48]	@ 0x30
10007aee:	0022      	movs	r2, r4
10007af0:	464b      	mov	r3, r9
10007af2:	3401      	adds	r4, #1
10007af4:	0039      	movs	r1, r7
10007af6:	2020      	movs	r0, #32
10007af8:	47b0      	blx	r6
10007afa:	42ac      	cmp	r4, r5
10007afc:	d1f7      	bne.n	10007aee <_vsnprintf+0x86e>
10007afe:	4643      	mov	r3, r8
10007b00:	990c      	ldr	r1, [sp, #48]	@ 0x30
10007b02:	3301      	adds	r3, #1
10007b04:	930f      	str	r3, [sp, #60]	@ 0x3c
10007b06:	780b      	ldrb	r3, [r1, #0]
10007b08:	0035      	movs	r5, r6
10007b0a:	930c      	str	r3, [sp, #48]	@ 0x30
10007b0c:	465e      	mov	r6, fp
10007b0e:	46bb      	mov	fp, r7
10007b10:	464f      	mov	r7, r9
10007b12:	2b00      	cmp	r3, #0
10007b14:	d100      	bne.n	10007b18 <_vsnprintf+0x898>
10007b16:	e50e      	b.n	10007536 <_vsnprintf+0x2b6>
10007b18:	9b0d      	ldr	r3, [sp, #52]	@ 0x34
10007b1a:	2b00      	cmp	r3, #0
10007b1c:	d100      	bne.n	10007b20 <_vsnprintf+0x8a0>
10007b1e:	e4f6      	b.n	1000750e <_vsnprintf+0x28e>
10007b20:	2300      	movs	r3, #0
10007b22:	e619      	b.n	10007758 <_vsnprintf+0x4d8>
10007b24:	9b0c      	ldr	r3, [sp, #48]	@ 0x30
10007b26:	781b      	ldrb	r3, [r3, #0]
10007b28:	001a      	movs	r2, r3
10007b2a:	e715      	b.n	10007958 <_vsnprintf+0x6d8>
10007b2c:	2310      	movs	r3, #16
10007b2e:	439a      	bics	r2, r3
10007b30:	920d      	str	r2, [sp, #52]	@ 0x34
10007b32:	e6ef      	b.n	10007914 <_vsnprintf+0x694>
10007b34:	9b0c      	ldr	r3, [sp, #48]	@ 0x30
10007b36:	781b      	ldrb	r3, [r3, #0]
10007b38:	9309      	str	r3, [sp, #36]	@ 0x24
10007b3a:	e661      	b.n	10007800 <_vsnprintf+0x580>
10007b3c:	2300      	movs	r3, #0
10007b3e:	4699      	mov	r9, r3
10007b40:	2800      	cmp	r0, #0
10007b42:	d1aa      	bne.n	10007a9a <_vsnprintf+0x81a>
10007b44:	2200      	movs	r2, #0
10007b46:	2300      	movs	r3, #0
10007b48:	9210      	str	r2, [sp, #64]	@ 0x40
10007b4a:	9311      	str	r3, [sp, #68]	@ 0x44
10007b4c:	e774      	b.n	10007a38 <_vsnprintf+0x7b8>
10007b4e:	9b0c      	ldr	r3, [sp, #48]	@ 0x30
10007b50:	0022      	movs	r2, r4
10007b52:	7818      	ldrb	r0, [r3, #0]
10007b54:	4659      	mov	r1, fp
10007b56:	003b      	movs	r3, r7
10007b58:	47a8      	blx	r5
10007b5a:	464c      	mov	r4, r9
10007b5c:	e58b      	b.n	10007676 <_vsnprintf+0x3f6>
10007b5e:	9a0c      	ldr	r2, [sp, #48]	@ 0x30
10007b60:	3bfa      	subs	r3, #250	@ 0xfa
10007b62:	3bff      	subs	r3, #255	@ 0xff
10007b64:	3207      	adds	r2, #7
10007b66:	439a      	bics	r2, r3
10007b68:	3301      	adds	r3, #1
10007b6a:	4699      	mov	r9, r3
10007b6c:	4491      	add	r9, r2
10007b6e:	464b      	mov	r3, r9
10007b70:	930c      	str	r3, [sp, #48]	@ 0x30
10007b72:	6813      	ldr	r3, [r2, #0]
10007b74:	6852      	ldr	r2, [r2, #4]
10007b76:	9215      	str	r2, [sp, #84]	@ 0x54
10007b78:	431a      	orrs	r2, r3
10007b7a:	d106      	bne.n	10007b8a <_vsnprintf+0x90a>
10007b7c:	3210      	adds	r2, #16
10007b7e:	4390      	bics	r0, r2
10007b80:	2200      	movs	r2, #0
10007b82:	9209      	str	r2, [sp, #36]	@ 0x24
10007b84:	2900      	cmp	r1, #0
10007b86:	d000      	beq.n	10007b8a <_vsnprintf+0x90a>
10007b88:	e081      	b.n	10007c8e <_vsnprintf+0xa0e>
10007b8a:	2261      	movs	r2, #97	@ 0x61
10007b8c:	0681      	lsls	r1, r0, #26
10007b8e:	d500      	bpl.n	10007b92 <_vsnprintf+0x912>
10007b90:	2241      	movs	r2, #65	@ 0x41
10007b92:	b2d2      	uxtb	r2, r2
10007b94:	920a      	str	r2, [sp, #40]	@ 0x28
10007b96:	aa14      	add	r2, sp, #80	@ 0x50
10007b98:	4691      	mov	r9, r2
10007b9a:	9a0a      	ldr	r2, [sp, #40]	@ 0x28
10007b9c:	2100      	movs	r1, #0
10007b9e:	3a0a      	subs	r2, #10
10007ba0:	9214      	str	r2, [sp, #80]	@ 0x50
10007ba2:	4642      	mov	r2, r8
10007ba4:	9217      	str	r2, [sp, #92]	@ 0x5c
10007ba6:	4652      	mov	r2, sl
10007ba8:	9218      	str	r2, [sp, #96]	@ 0x60
10007baa:	465a      	mov	r2, fp
10007bac:	9109      	str	r1, [sp, #36]	@ 0x24
10007bae:	46b3      	mov	fp, r6
10007bb0:	311f      	adds	r1, #31
10007bb2:	001e      	movs	r6, r3
10007bb4:	9b0f      	ldr	r3, [sp, #60]	@ 0x3c
10007bb6:	4449      	add	r1, r9
10007bb8:	46ba      	mov	sl, r7
10007bba:	9419      	str	r4, [sp, #100]	@ 0x64
10007bbc:	951a      	str	r5, [sp, #104]	@ 0x68
10007bbe:	2400      	movs	r4, #0
10007bc0:	4667      	mov	r7, ip
10007bc2:	4698      	mov	r8, r3
10007bc4:	4689      	mov	r9, r1
10007bc6:	9d15      	ldr	r5, [sp, #84]	@ 0x54
10007bc8:	9016      	str	r0, [sp, #88]	@ 0x58
10007bca:	921b      	str	r2, [sp, #108]	@ 0x6c
10007bcc:	e00a      	b.n	10007be4 <_vsnprintf+0x964>
10007bce:	3230      	adds	r2, #48	@ 0x30
10007bd0:	b2d2      	uxtb	r2, r2
10007bd2:	464b      	mov	r3, r9
10007bd4:	3401      	adds	r4, #1
10007bd6:	551a      	strb	r2, [r3, r4]
10007bd8:	45a8      	cmp	r8, r5
10007bda:	d04a      	beq.n	10007c72 <_vsnprintf+0x9f2>
10007bdc:	2c20      	cmp	r4, #32
10007bde:	d04a      	beq.n	10007c76 <_vsnprintf+0x9f6>
10007be0:	0006      	movs	r6, r0
10007be2:	000d      	movs	r5, r1
10007be4:	003a      	movs	r2, r7
10007be6:	2300      	movs	r3, #0
10007be8:	0030      	movs	r0, r6
10007bea:	0029      	movs	r1, r5
10007bec:	f7fd fe18 	bl	10005820 <__wrap___aeabi_uldivmod>
10007bf0:	b2d2      	uxtb	r2, r2
10007bf2:	2a09      	cmp	r2, #9
10007bf4:	d9eb      	bls.n	10007bce <_vsnprintf+0x94e>
10007bf6:	9b14      	ldr	r3, [sp, #80]	@ 0x50
10007bf8:	469c      	mov	ip, r3
10007bfa:	4462      	add	r2, ip
10007bfc:	b2d2      	uxtb	r2, r2
10007bfe:	e7e8      	b.n	10007bd2 <_vsnprintf+0x952>
10007c00:	2361      	movs	r3, #97	@ 0x61
10007c02:	0682      	lsls	r2, r0, #26
10007c04:	d500      	bpl.n	10007c08 <_vsnprintf+0x988>
10007c06:	2341      	movs	r3, #65	@ 0x41
10007c08:	b2db      	uxtb	r3, r3
10007c0a:	3b0a      	subs	r3, #10
10007c0c:	930c      	str	r3, [sp, #48]	@ 0x30
10007c0e:	4643      	mov	r3, r8
10007c10:	a914      	add	r1, sp, #80	@ 0x50
10007c12:	221f      	movs	r2, #31
10007c14:	468c      	mov	ip, r1
10007c16:	9315      	str	r3, [sp, #84]	@ 0x54
10007c18:	4653      	mov	r3, sl
10007c1a:	4462      	add	r2, ip
10007c1c:	46a0      	mov	r8, r4
10007c1e:	46b2      	mov	sl, r6
10007c20:	464c      	mov	r4, r9
10007c22:	9717      	str	r7, [sp, #92]	@ 0x5c
10007c24:	46a9      	mov	r9, r5
10007c26:	0017      	movs	r7, r2
10007c28:	9d09      	ldr	r5, [sp, #36]	@ 0x24
10007c2a:	9e0d      	ldr	r6, [sp, #52]	@ 0x34
10007c2c:	9014      	str	r0, [sp, #80]	@ 0x50
10007c2e:	9316      	str	r3, [sp, #88]	@ 0x58
10007c30:	e008      	b.n	10007c44 <_vsnprintf+0x9c4>
10007c32:	3330      	adds	r3, #48	@ 0x30
10007c34:	b2db      	uxtb	r3, r3
10007c36:	3401      	adds	r4, #1
10007c38:	553b      	strb	r3, [r7, r4]
10007c3a:	42b5      	cmp	r5, r6
10007c3c:	d30e      	bcc.n	10007c5c <_vsnprintf+0x9dc>
10007c3e:	2c20      	cmp	r4, #32
10007c40:	d00c      	beq.n	10007c5c <_vsnprintf+0x9dc>
10007c42:	0005      	movs	r5, r0
10007c44:	0031      	movs	r1, r6
10007c46:	0028      	movs	r0, r5
10007c48:	f7fd fdac 	bl	100057a4 <__wrap___aeabi_uidiv>
10007c4c:	b2cb      	uxtb	r3, r1
10007c4e:	2909      	cmp	r1, #9
10007c50:	d9ef      	bls.n	10007c32 <_vsnprintf+0x9b2>
10007c52:	9a0c      	ldr	r2, [sp, #48]	@ 0x30
10007c54:	4694      	mov	ip, r2
10007c56:	4463      	add	r3, ip
10007c58:	b2db      	uxtb	r3, r3
10007c5a:	e7ec      	b.n	10007c36 <_vsnprintf+0x9b6>
10007c5c:	9b15      	ldr	r3, [sp, #84]	@ 0x54
10007c5e:	464d      	mov	r5, r9
10007c60:	46a1      	mov	r9, r4
10007c62:	4644      	mov	r4, r8
10007c64:	4698      	mov	r8, r3
10007c66:	9b16      	ldr	r3, [sp, #88]	@ 0x58
10007c68:	4656      	mov	r6, sl
10007c6a:	9814      	ldr	r0, [sp, #80]	@ 0x50
10007c6c:	469a      	mov	sl, r3
10007c6e:	9f17      	ldr	r7, [sp, #92]	@ 0x5c
10007c70:	e5d0      	b.n	10007814 <_vsnprintf+0x594>
10007c72:	42b7      	cmp	r7, r6
10007c74:	d9b2      	bls.n	10007bdc <_vsnprintf+0x95c>
10007c76:	9b17      	ldr	r3, [sp, #92]	@ 0x5c
10007c78:	4657      	mov	r7, sl
10007c7a:	4698      	mov	r8, r3
10007c7c:	9b18      	ldr	r3, [sp, #96]	@ 0x60
10007c7e:	465e      	mov	r6, fp
10007c80:	469a      	mov	sl, r3
10007c82:	9b1b      	ldr	r3, [sp, #108]	@ 0x6c
10007c84:	9409      	str	r4, [sp, #36]	@ 0x24
10007c86:	469b      	mov	fp, r3
10007c88:	9816      	ldr	r0, [sp, #88]	@ 0x58
10007c8a:	9c19      	ldr	r4, [sp, #100]	@ 0x64
10007c8c:	9d1a      	ldr	r5, [sp, #104]	@ 0x68
10007c8e:	4643      	mov	r3, r8
10007c90:	9305      	str	r3, [sp, #20]
10007c92:	4653      	mov	r3, sl
10007c94:	9304      	str	r3, [sp, #16]
10007c96:	9b0d      	ldr	r3, [sp, #52]	@ 0x34
10007c98:	9006      	str	r0, [sp, #24]
10007c9a:	9303      	str	r3, [sp, #12]
10007c9c:	2300      	movs	r3, #0
10007c9e:	9302      	str	r3, [sp, #8]
10007ca0:	9b09      	ldr	r3, [sp, #36]	@ 0x24
10007ca2:	e705      	b.n	10007ab0 <_vsnprintf+0x830>
10007ca4:	9b0f      	ldr	r3, [sp, #60]	@ 0x3c
10007ca6:	4598      	cmp	r8, r3
10007ca8:	d900      	bls.n	10007cac <_vsnprintf+0xa2c>
10007caa:	e714      	b.n	10007ad6 <_vsnprintf+0x856>
10007cac:	3301      	adds	r3, #1
10007cae:	930f      	str	r3, [sp, #60]	@ 0x3c
10007cb0:	e42d      	b.n	1000750e <_vsnprintf+0x28e>
10007cb2:	2310      	movs	r3, #16
10007cb4:	0011      	movs	r1, r2
10007cb6:	4399      	bics	r1, r3
10007cb8:	910d      	str	r1, [sp, #52]	@ 0x34
10007cba:	2869      	cmp	r0, #105	@ 0x69
10007cbc:	d000      	beq.n	10007cc0 <_vsnprintf+0xa40>
10007cbe:	e0ba      	b.n	10007e36 <_vsnprintf+0xbb6>
10007cc0:	2380      	movs	r3, #128	@ 0x80
10007cc2:	0010      	movs	r0, r2
10007cc4:	00db      	lsls	r3, r3, #3
10007cc6:	4018      	ands	r0, r3
10007cc8:	421a      	tst	r2, r3
10007cca:	d100      	bne.n	10007cce <_vsnprintf+0xa4e>
10007ccc:	e622      	b.n	10007914 <_vsnprintf+0x694>
10007cce:	e61d      	b.n	1000790c <_vsnprintf+0x68c>
10007cd0:	9b0c      	ldr	r3, [sp, #48]	@ 0x30
10007cd2:	681b      	ldr	r3, [r3, #0]
10007cd4:	0fda      	lsrs	r2, r3, #31
10007cd6:	0011      	movs	r1, r2
10007cd8:	2b00      	cmp	r3, #0
10007cda:	d100      	bne.n	10007cde <_vsnprintf+0xa5e>
10007cdc:	e08c      	b.n	10007df8 <_vsnprintf+0xb78>
10007cde:	17da      	asrs	r2, r3, #31
10007ce0:	1898      	adds	r0, r3, r2
10007ce2:	4050      	eors	r0, r2
10007ce4:	aa14      	add	r2, sp, #80	@ 0x50
10007ce6:	4691      	mov	r9, r2
10007ce8:	4642      	mov	r2, r8
10007cea:	231f      	movs	r3, #31
10007cec:	9214      	str	r2, [sp, #80]	@ 0x50
10007cee:	4652      	mov	r2, sl
10007cf0:	444b      	add	r3, r9
10007cf2:	46a0      	mov	r8, r4
10007cf4:	46a9      	mov	r9, r5
10007cf6:	9716      	str	r7, [sp, #88]	@ 0x58
10007cf8:	0004      	movs	r4, r0
10007cfa:	4665      	mov	r5, ip
10007cfc:	46b2      	mov	sl, r6
10007cfe:	001f      	movs	r7, r3
10007d00:	910c      	str	r1, [sp, #48]	@ 0x30
10007d02:	9215      	str	r2, [sp, #84]	@ 0x54
10007d04:	e001      	b.n	10007d0a <_vsnprintf+0xa8a>
10007d06:	2d20      	cmp	r5, #32
10007d08:	d00f      	beq.n	10007d2a <_vsnprintf+0xaaa>
10007d0a:	0020      	movs	r0, r4
10007d0c:	210a      	movs	r1, #10
10007d0e:	f7fd fd49 	bl	100057a4 <__wrap___aeabi_uidiv>
10007d12:	3501      	adds	r5, #1
10007d14:	197e      	adds	r6, r7, r5
10007d16:	3130      	adds	r1, #48	@ 0x30
10007d18:	7031      	strb	r1, [r6, #0]
10007d1a:	0020      	movs	r0, r4
10007d1c:	210a      	movs	r1, #10
10007d1e:	f7fd fd41 	bl	100057a4 <__wrap___aeabi_uidiv>
10007d22:	0026      	movs	r6, r4
10007d24:	0004      	movs	r4, r0
10007d26:	2e09      	cmp	r6, #9
10007d28:	d8ed      	bhi.n	10007d06 <_vsnprintf+0xa86>
10007d2a:	9b14      	ldr	r3, [sp, #80]	@ 0x50
10007d2c:	4644      	mov	r4, r8
10007d2e:	4698      	mov	r8, r3
10007d30:	9b0c      	ldr	r3, [sp, #48]	@ 0x30
10007d32:	46ac      	mov	ip, r5
10007d34:	0019      	movs	r1, r3
10007d36:	9b15      	ldr	r3, [sp, #84]	@ 0x54
10007d38:	4656      	mov	r6, sl
10007d3a:	464d      	mov	r5, r9
10007d3c:	469a      	mov	sl, r3
10007d3e:	9f16      	ldr	r7, [sp, #88]	@ 0x58
10007d40:	9b0d      	ldr	r3, [sp, #52]	@ 0x34
10007d42:	9102      	str	r1, [sp, #8]
10007d44:	9306      	str	r3, [sp, #24]
10007d46:	4643      	mov	r3, r8
10007d48:	9305      	str	r3, [sp, #20]
10007d4a:	4653      	mov	r3, sl
10007d4c:	9304      	str	r3, [sp, #16]
10007d4e:	230a      	movs	r3, #10
10007d50:	9303      	str	r3, [sp, #12]
10007d52:	4663      	mov	r3, ip
10007d54:	e63c      	b.n	100079d0 <_vsnprintf+0x750>
10007d56:	2800      	cmp	r0, #0
10007d58:	d000      	beq.n	10007d5c <_vsnprintf+0xadc>
10007d5a:	e62e      	b.n	100079ba <_vsnprintf+0x73a>
10007d5c:	e602      	b.n	10007964 <_vsnprintf+0x6e4>
10007d5e:	9b0c      	ldr	r3, [sp, #48]	@ 0x30
10007d60:	681b      	ldr	r3, [r3, #0]
10007d62:	4699      	mov	r9, r3
10007d64:	2b00      	cmp	r3, #0
10007d66:	d103      	bne.n	10007d70 <_vsnprintf+0xaf0>
10007d68:	3310      	adds	r3, #16
10007d6a:	4398      	bics	r0, r3
10007d6c:	2900      	cmp	r1, #0
10007d6e:	d138      	bne.n	10007de2 <_vsnprintf+0xb62>
10007d70:	2361      	movs	r3, #97	@ 0x61
10007d72:	0682      	lsls	r2, r0, #26
10007d74:	d500      	bpl.n	10007d78 <_vsnprintf+0xaf8>
10007d76:	2341      	movs	r3, #65	@ 0x41
10007d78:	b2db      	uxtb	r3, r3
10007d7a:	3b0a      	subs	r3, #10
10007d7c:	930c      	str	r3, [sp, #48]	@ 0x30
10007d7e:	4643      	mov	r3, r8
10007d80:	9316      	str	r3, [sp, #88]	@ 0x58
10007d82:	4653      	mov	r3, sl
10007d84:	a914      	add	r1, sp, #80	@ 0x50
10007d86:	221f      	movs	r2, #31
10007d88:	468c      	mov	ip, r1
10007d8a:	9317      	str	r3, [sp, #92]	@ 0x5c
10007d8c:	002b      	movs	r3, r5
10007d8e:	4462      	add	r2, ip
10007d90:	46a0      	mov	r8, r4
10007d92:	464d      	mov	r5, r9
10007d94:	46b2      	mov	sl, r6
10007d96:	9718      	str	r7, [sp, #96]	@ 0x60
10007d98:	4699      	mov	r9, r3
10007d9a:	0017      	movs	r7, r2
10007d9c:	9c14      	ldr	r4, [sp, #80]	@ 0x50
10007d9e:	9e0d      	ldr	r6, [sp, #52]	@ 0x34
10007da0:	9015      	str	r0, [sp, #84]	@ 0x54
10007da2:	e008      	b.n	10007db6 <_vsnprintf+0xb36>
10007da4:	3330      	adds	r3, #48	@ 0x30
10007da6:	b2db      	uxtb	r3, r3
10007da8:	3401      	adds	r4, #1
10007daa:	553b      	strb	r3, [r7, r4]
10007dac:	42b5      	cmp	r5, r6
10007dae:	d30e      	bcc.n	10007dce <_vsnprintf+0xb4e>
10007db0:	2c20      	cmp	r4, #32
10007db2:	d00c      	beq.n	10007dce <_vsnprintf+0xb4e>
10007db4:	0005      	movs	r5, r0
10007db6:	0031      	movs	r1, r6
10007db8:	0028      	movs	r0, r5
10007dba:	f7fd fcf3 	bl	100057a4 <__wrap___aeabi_uidiv>
10007dbe:	b2cb      	uxtb	r3, r1
10007dc0:	2909      	cmp	r1, #9
10007dc2:	d9ef      	bls.n	10007da4 <_vsnprintf+0xb24>
10007dc4:	9a0c      	ldr	r2, [sp, #48]	@ 0x30
10007dc6:	4694      	mov	ip, r2
10007dc8:	4463      	add	r3, ip
10007dca:	b2db      	uxtb	r3, r3
10007dcc:	e7ec      	b.n	10007da8 <_vsnprintf+0xb28>
10007dce:	9b16      	ldr	r3, [sp, #88]	@ 0x58
10007dd0:	9414      	str	r4, [sp, #80]	@ 0x50
10007dd2:	4644      	mov	r4, r8
10007dd4:	4698      	mov	r8, r3
10007dd6:	9b17      	ldr	r3, [sp, #92]	@ 0x5c
10007dd8:	4656      	mov	r6, sl
10007dda:	464d      	mov	r5, r9
10007ddc:	469a      	mov	sl, r3
10007dde:	9815      	ldr	r0, [sp, #84]	@ 0x54
10007de0:	9f18      	ldr	r7, [sp, #96]	@ 0x60
10007de2:	4643      	mov	r3, r8
10007de4:	9305      	str	r3, [sp, #20]
10007de6:	4653      	mov	r3, sl
10007de8:	9304      	str	r3, [sp, #16]
10007dea:	9b0d      	ldr	r3, [sp, #52]	@ 0x34
10007dec:	9006      	str	r0, [sp, #24]
10007dee:	9303      	str	r3, [sp, #12]
10007df0:	2300      	movs	r3, #0
10007df2:	9302      	str	r3, [sp, #8]
10007df4:	9b14      	ldr	r3, [sp, #80]	@ 0x50
10007df6:	e5eb      	b.n	100079d0 <_vsnprintf+0x750>
10007df8:	2800      	cmp	r0, #0
10007dfa:	d1a1      	bne.n	10007d40 <_vsnprintf+0xac0>
10007dfc:	e772      	b.n	10007ce4 <_vsnprintf+0xa64>
10007dfe:	9b0c      	ldr	r3, [sp, #48]	@ 0x30
10007e00:	681b      	ldr	r3, [r3, #0]
10007e02:	17d9      	asrs	r1, r3, #31
10007e04:	185a      	adds	r2, r3, r1
10007e06:	404a      	eors	r2, r1
10007e08:	e5a6      	b.n	10007958 <_vsnprintf+0x6d8>
10007e0a:	2380      	movs	r3, #128	@ 0x80
10007e0c:	0010      	movs	r0, r2
10007e0e:	00db      	lsls	r3, r3, #3
10007e10:	4018      	ands	r0, r3
10007e12:	469c      	mov	ip, r3
10007e14:	900f      	str	r0, [sp, #60]	@ 0x3c
10007e16:	421a      	tst	r2, r3
10007e18:	d00f      	beq.n	10007e3a <_vsnprintf+0xbba>
10007e1a:	2002      	movs	r0, #2
10007e1c:	0003      	movs	r3, r0
10007e1e:	4013      	ands	r3, r2
10007e20:	930f      	str	r3, [sp, #60]	@ 0x3c
10007e22:	4210      	tst	r0, r2
10007e24:	d019      	beq.n	10007e5a <_vsnprintf+0xbda>
10007e26:	2300      	movs	r3, #0
10007e28:	46a1      	mov	r9, r4
10007e2a:	930f      	str	r3, [sp, #60]	@ 0x3c
10007e2c:	e54c      	b.n	100078c8 <_vsnprintf+0x648>
10007e2e:	9b0c      	ldr	r3, [sp, #48]	@ 0x30
10007e30:	681b      	ldr	r3, [r3, #0]
10007e32:	9309      	str	r3, [sp, #36]	@ 0x24
10007e34:	e4e4      	b.n	10007800 <_vsnprintf+0x580>
10007e36:	000a      	movs	r2, r1
10007e38:	e434      	b.n	100076a4 <_vsnprintf+0x424>
10007e3a:	2302      	movs	r3, #2
10007e3c:	0018      	movs	r0, r3
10007e3e:	4010      	ands	r0, r2
10007e40:	900d      	str	r0, [sp, #52]	@ 0x34
10007e42:	4213      	tst	r3, r2
10007e44:	d000      	beq.n	10007e48 <_vsnprintf+0xbc8>
10007e46:	e53e      	b.n	100078c6 <_vsnprintf+0x646>
10007e48:	4643      	mov	r3, r8
10007e4a:	2b00      	cmp	r3, #0
10007e4c:	d000      	beq.n	10007e50 <_vsnprintf+0xbd0>
10007e4e:	e642      	b.n	10007ad6 <_vsnprintf+0x856>
10007e50:	f7ff fb71 	bl	10007536 <_vsnprintf+0x2b6>
10007e54:	3301      	adds	r3, #1
10007e56:	930f      	str	r3, [sp, #60]	@ 0x3c
10007e58:	e47f      	b.n	1000775a <_vsnprintf+0x4da>
10007e5a:	4663      	mov	r3, ip
10007e5c:	930d      	str	r3, [sp, #52]	@ 0x34
10007e5e:	e7f3      	b.n	10007e48 <_vsnprintf+0xbc8>

10007e60 <vfctprintf>:
10007e60:	b510      	push	{r4, lr}
10007e62:	000c      	movs	r4, r1
10007e64:	b084      	sub	sp, #16
10007e66:	9403      	str	r4, [sp, #12]
10007e68:	2401      	movs	r4, #1
10007e6a:	a902      	add	r1, sp, #8
10007e6c:	9002      	str	r0, [sp, #8]
10007e6e:	9300      	str	r3, [sp, #0]
10007e70:	4803      	ldr	r0, [pc, #12]	@ (10007e80 <vfctprintf+0x20>)
10007e72:	0013      	movs	r3, r2
10007e74:	4262      	negs	r2, r4
10007e76:	f7ff fa03 	bl	10007280 <_vsnprintf>
10007e7a:	b004      	add	sp, #16
10007e7c:	bd10      	pop	{r4, pc}
10007e7e:	46c0      	nop			@ (mov r8, r8)
10007e80:	1000684d 	.word	0x1000684d

10007e84 <weak_raw_vprintf>:
10007e84:	b510      	push	{r4, lr}
10007e86:	4a09      	ldr	r2, [pc, #36]	@ (10007eac <weak_raw_vprintf+0x28>)
10007e88:	0003      	movs	r3, r0
10007e8a:	6814      	ldr	r4, [r2, #0]
10007e8c:	b084      	sub	sp, #16
10007e8e:	2c00      	cmp	r4, #0
10007e90:	d008      	beq.n	10007ea4 <weak_raw_vprintf+0x20>
10007e92:	2201      	movs	r2, #1
10007e94:	9100      	str	r1, [sp, #0]
10007e96:	4806      	ldr	r0, [pc, #24]	@ (10007eb0 <weak_raw_vprintf+0x2c>)
10007e98:	4252      	negs	r2, r2
10007e9a:	a903      	add	r1, sp, #12
10007e9c:	47a0      	blx	r4
10007e9e:	2001      	movs	r0, #1
10007ea0:	b004      	add	sp, #16
10007ea2:	bd10      	pop	{r4, pc}
10007ea4:	f000 f994 	bl	100081d0 <__wrap_puts>
10007ea8:	2000      	movs	r0, #0
10007eaa:	e7f9      	b.n	10007ea0 <weak_raw_vprintf+0x1c>
10007eac:	20009fc8 	.word	0x20009fc8
10007eb0:	1000683d 	.word	0x1000683d

10007eb4 <_exit>:
10007eb4:	be00      	bkpt	0x0000
10007eb6:	e7fd      	b.n	10007eb4 <_exit>

10007eb8 <exit>:
10007eb8:	b510      	push	{r4, lr}
10007eba:	f7ff fffb 	bl	10007eb4 <_exit>
10007ebe:	46c0      	nop			@ (mov r8, r8)

10007ec0 <runtime_init>:
10007ec0:	b570      	push	{r4, r5, r6, lr}
10007ec2:	f7fd fb23 	bl	1000550c <runtime_run_initializers>
10007ec6:	4d07      	ldr	r5, [pc, #28]	@ (10007ee4 <runtime_init+0x24>)
10007ec8:	4e07      	ldr	r6, [pc, #28]	@ (10007ee8 <runtime_init+0x28>)
10007eca:	42b5      	cmp	r5, r6
10007ecc:	d209      	bcs.n	10007ee2 <runtime_init+0x22>
10007ece:	2400      	movs	r4, #0
10007ed0:	3e01      	subs	r6, #1
10007ed2:	1b76      	subs	r6, r6, r5
10007ed4:	08b6      	lsrs	r6, r6, #2
10007ed6:	cd08      	ldmia	r5!, {r3}
10007ed8:	4798      	blx	r3
10007eda:	0023      	movs	r3, r4
10007edc:	3401      	adds	r4, #1
10007ede:	42b3      	cmp	r3, r6
10007ee0:	d1f9      	bne.n	10007ed6 <runtime_init+0x16>
10007ee2:	bd70      	pop	{r4, r5, r6, pc}
10007ee4:	1000a664 	.word	0x1000a664
10007ee8:	1000a670 	.word	0x1000a670

10007eec <stdio_out_chars_no_crlf>:
10007eec:	0003      	movs	r3, r0
10007eee:	b510      	push	{r4, lr}
10007ef0:	0008      	movs	r0, r1
10007ef2:	0011      	movs	r1, r2
10007ef4:	681b      	ldr	r3, [r3, #0]
10007ef6:	4798      	blx	r3
10007ef8:	bd10      	pop	{r4, pc}
10007efa:	46c0      	nop			@ (mov r8, r8)

10007efc <stdio_out_chars_crlf>:
10007efc:	b5f0      	push	{r4, r5, r6, r7, lr}
10007efe:	46c6      	mov	lr, r8
10007f00:	b500      	push	{lr}
10007f02:	7d43      	ldrb	r3, [r0, #21]
10007f04:	0007      	movs	r7, r0
10007f06:	000c      	movs	r4, r1
10007f08:	0016      	movs	r6, r2
10007f0a:	2b00      	cmp	r3, #0
10007f0c:	d046      	beq.n	10007f9c <stdio_out_chars_crlf+0xa0>
10007f0e:	2a00      	cmp	r2, #0
10007f10:	dd17      	ble.n	10007f42 <stdio_out_chars_crlf+0x46>
10007f12:	780b      	ldrb	r3, [r1, #0]
10007f14:	2b0a      	cmp	r3, #10
10007f16:	d024      	beq.n	10007f62 <stdio_out_chars_crlf+0x66>
10007f18:	2300      	movs	r3, #0
10007f1a:	4698      	mov	r8, r3
10007f1c:	2e01      	cmp	r6, #1
10007f1e:	d013      	beq.n	10007f48 <stdio_out_chars_crlf+0x4c>
10007f20:	2501      	movs	r5, #1
10007f22:	0029      	movs	r1, r5
10007f24:	5c63      	ldrb	r3, [r4, r1]
10007f26:	3501      	adds	r5, #1
10007f28:	2b0a      	cmp	r3, #10
10007f2a:	d026      	beq.n	10007f7a <stdio_out_chars_crlf+0x7e>
10007f2c:	42b5      	cmp	r5, r6
10007f2e:	d1f8      	bne.n	10007f22 <stdio_out_chars_crlf+0x26>
10007f30:	4546      	cmp	r6, r8
10007f32:	dc09      	bgt.n	10007f48 <stdio_out_chars_crlf+0x4c>
10007f34:	19a4      	adds	r4, r4, r6
10007f36:	3c01      	subs	r4, #1
10007f38:	7823      	ldrb	r3, [r4, #0]
10007f3a:	3b0d      	subs	r3, #13
10007f3c:	425a      	negs	r2, r3
10007f3e:	4153      	adcs	r3, r2
10007f40:	753b      	strb	r3, [r7, #20]
10007f42:	bc80      	pop	{r7}
10007f44:	46b8      	mov	r8, r7
10007f46:	bdf0      	pop	{r4, r5, r6, r7, pc}
10007f48:	4643      	mov	r3, r8
10007f4a:	18e0      	adds	r0, r4, r3
10007f4c:	19a4      	adds	r4, r4, r6
10007f4e:	1af1      	subs	r1, r6, r3
10007f50:	3c01      	subs	r4, #1
10007f52:	683b      	ldr	r3, [r7, #0]
10007f54:	4798      	blx	r3
10007f56:	7823      	ldrb	r3, [r4, #0]
10007f58:	3b0d      	subs	r3, #13
10007f5a:	425a      	negs	r2, r3
10007f5c:	4153      	adcs	r3, r2
10007f5e:	753b      	strb	r3, [r7, #20]
10007f60:	e7ef      	b.n	10007f42 <stdio_out_chars_crlf+0x46>
10007f62:	7d03      	ldrb	r3, [r0, #20]
10007f64:	2b00      	cmp	r3, #0
10007f66:	d1d7      	bne.n	10007f18 <stdio_out_chars_crlf+0x1c>
10007f68:	2102      	movs	r1, #2
10007f6a:	480f      	ldr	r0, [pc, #60]	@ (10007fa8 <stdio_out_chars_crlf+0xac>)
10007f6c:	683b      	ldr	r3, [r7, #0]
10007f6e:	4798      	blx	r3
10007f70:	2e01      	cmp	r6, #1
10007f72:	d0df      	beq.n	10007f34 <stdio_out_chars_crlf+0x38>
10007f74:	2301      	movs	r3, #1
10007f76:	4698      	mov	r8, r3
10007f78:	e7d2      	b.n	10007f20 <stdio_out_chars_crlf+0x24>
10007f7a:	1e63      	subs	r3, r4, #1
10007f7c:	5c5b      	ldrb	r3, [r3, r1]
10007f7e:	2b0d      	cmp	r3, #13
10007f80:	d0d4      	beq.n	10007f2c <stdio_out_chars_crlf+0x30>
10007f82:	4588      	cmp	r8, r1
10007f84:	da04      	bge.n	10007f90 <stdio_out_chars_crlf+0x94>
10007f86:	4643      	mov	r3, r8
10007f88:	1ac9      	subs	r1, r1, r3
10007f8a:	18e0      	adds	r0, r4, r3
10007f8c:	683b      	ldr	r3, [r7, #0]
10007f8e:	4798      	blx	r3
10007f90:	2102      	movs	r1, #2
10007f92:	4805      	ldr	r0, [pc, #20]	@ (10007fa8 <stdio_out_chars_crlf+0xac>)
10007f94:	683b      	ldr	r3, [r7, #0]
10007f96:	46a8      	mov	r8, r5
10007f98:	4798      	blx	r3
10007f9a:	e7c7      	b.n	10007f2c <stdio_out_chars_crlf+0x30>
10007f9c:	6803      	ldr	r3, [r0, #0]
10007f9e:	0011      	movs	r1, r2
10007fa0:	0020      	movs	r0, r4
10007fa2:	4798      	blx	r3
10007fa4:	e7cd      	b.n	10007f42 <stdio_out_chars_crlf+0x46>
10007fa6:	46c0      	nop			@ (mov r8, r8)
10007fa8:	1000bdd0 	.word	0x1000bdd0

10007fac <stdio_buffered_printer>:
10007fac:	b5f0      	push	{r4, r5, r6, r7, lr}
10007fae:	46c6      	mov	lr, r8
10007fb0:	680b      	ldr	r3, [r1, #0]
10007fb2:	0006      	movs	r6, r0
10007fb4:	000c      	movs	r4, r1
10007fb6:	b500      	push	{lr}
10007fb8:	2b80      	cmp	r3, #128	@ 0x80
10007fba:	d006      	beq.n	10007fca <stdio_buffered_printer+0x1e>
10007fbc:	1c5a      	adds	r2, r3, #1
10007fbe:	6022      	str	r2, [r4, #0]
10007fc0:	18e4      	adds	r4, r4, r3
10007fc2:	7126      	strb	r6, [r4, #4]
10007fc4:	bc80      	pop	{r7}
10007fc6:	46b8      	mov	r8, r7
10007fc8:	bdf0      	pop	{r4, r5, r6, r7, pc}
10007fca:	4b0f      	ldr	r3, [pc, #60]	@ (10008008 <stdio_buffered_printer+0x5c>)
10007fcc:	681d      	ldr	r5, [r3, #0]
10007fce:	2d00      	cmp	r5, #0
10007fd0:	d016      	beq.n	10008000 <stdio_buffered_printer+0x54>
10007fd2:	1d0b      	adds	r3, r1, #4
10007fd4:	4698      	mov	r8, r3
10007fd6:	4f0d      	ldr	r7, [pc, #52]	@ (1000800c <stdio_buffered_printer+0x60>)
10007fd8:	e002      	b.n	10007fe0 <stdio_buffered_printer+0x34>
10007fda:	692d      	ldr	r5, [r5, #16]
10007fdc:	2d00      	cmp	r5, #0
10007fde:	d00f      	beq.n	10008000 <stdio_buffered_printer+0x54>
10007fe0:	682b      	ldr	r3, [r5, #0]
10007fe2:	2b00      	cmp	r3, #0
10007fe4:	d0f9      	beq.n	10007fda <stdio_buffered_printer+0x2e>
10007fe6:	683b      	ldr	r3, [r7, #0]
10007fe8:	2b00      	cmp	r3, #0
10007fea:	d001      	beq.n	10007ff0 <stdio_buffered_printer+0x44>
10007fec:	42ab      	cmp	r3, r5
10007fee:	d1f4      	bne.n	10007fda <stdio_buffered_printer+0x2e>
10007ff0:	0028      	movs	r0, r5
10007ff2:	4641      	mov	r1, r8
10007ff4:	6822      	ldr	r2, [r4, #0]
10007ff6:	f7ff ff81 	bl	10007efc <stdio_out_chars_crlf>
10007ffa:	692d      	ldr	r5, [r5, #16]
10007ffc:	2d00      	cmp	r5, #0
10007ffe:	d1ef      	bne.n	10007fe0 <stdio_buffered_printer+0x34>
10008000:	2201      	movs	r2, #1
10008002:	2300      	movs	r3, #0
10008004:	e7db      	b.n	10007fbe <stdio_buffered_printer+0x12>
10008006:	46c0      	nop			@ (mov r8, r8)
10008008:	200099b8 	.word	0x200099b8
1000800c:	200099c0 	.word	0x200099c0

10008010 <stdio_put_string>:
10008010:	b5f0      	push	{r4, r5, r6, r7, lr}
10008012:	4645      	mov	r5, r8
10008014:	46de      	mov	lr, fp
10008016:	464e      	mov	r6, r9
10008018:	4657      	mov	r7, sl
1000801a:	b5e0      	push	{r5, r6, r7, lr}
1000801c:	b083      	sub	sp, #12
1000801e:	4691      	mov	r9, r2
10008020:	001c      	movs	r4, r3
10008022:	4680      	mov	r8, r0
10008024:	000d      	movs	r5, r1
10008026:	f7fc fff7 	bl	10005018 <time_us_64>
1000802a:	2300      	movs	r3, #0
1000802c:	4a30      	ldr	r2, [pc, #192]	@ (100080f0 <stdio_put_string+0xe0>)
1000802e:	1812      	adds	r2, r2, r0
10008030:	414b      	adcs	r3, r1
10008032:	2b00      	cmp	r3, #0
10008034:	da02      	bge.n	1000803c <stdio_put_string+0x2c>
10008036:	2201      	movs	r2, #1
10008038:	4b2e      	ldr	r3, [pc, #184]	@ (100080f4 <stdio_put_string+0xe4>)
1000803a:	4252      	negs	r2, r2
1000803c:	492e      	ldr	r1, [pc, #184]	@ (100080f8 <stdio_put_string+0xe8>)
1000803e:	0008      	movs	r0, r1
10008040:	468a      	mov	sl, r1
10008042:	f002 fad1 	bl	1000a5e8 <__mutex_try_enter_block_until_veneer>
10008046:	0007      	movs	r7, r0
10008048:	1c6b      	adds	r3, r5, #1
1000804a:	d103      	bne.n	10008054 <stdio_put_string+0x44>
1000804c:	4640      	mov	r0, r8
1000804e:	f002 f99f 	bl	1000a390 <strlen>
10008052:	0005      	movs	r5, r0
10008054:	2c00      	cmp	r4, #0
10008056:	d027      	beq.n	100080a8 <stdio_put_string+0x98>
10008058:	4e28      	ldr	r6, [pc, #160]	@ (100080fc <stdio_put_string+0xec>)
1000805a:	4b29      	ldr	r3, [pc, #164]	@ (10008100 <stdio_put_string+0xf0>)
1000805c:	681c      	ldr	r4, [r3, #0]
1000805e:	2c00      	cmp	r4, #0
10008060:	d018      	beq.n	10008094 <stdio_put_string+0x84>
10008062:	464b      	mov	r3, r9
10008064:	2b00      	cmp	r3, #0
10008066:	d121      	bne.n	100080ac <stdio_put_string+0x9c>
10008068:	4b26      	ldr	r3, [pc, #152]	@ (10008104 <stdio_put_string+0xf4>)
1000806a:	4699      	mov	r9, r3
1000806c:	e002      	b.n	10008074 <stdio_put_string+0x64>
1000806e:	6924      	ldr	r4, [r4, #16]
10008070:	2c00      	cmp	r4, #0
10008072:	d00f      	beq.n	10008094 <stdio_put_string+0x84>
10008074:	6823      	ldr	r3, [r4, #0]
10008076:	2b00      	cmp	r3, #0
10008078:	d0f9      	beq.n	1000806e <stdio_put_string+0x5e>
1000807a:	464b      	mov	r3, r9
1000807c:	681b      	ldr	r3, [r3, #0]
1000807e:	2b00      	cmp	r3, #0
10008080:	d001      	beq.n	10008086 <stdio_put_string+0x76>
10008082:	429c      	cmp	r4, r3
10008084:	d1f3      	bne.n	1000806e <stdio_put_string+0x5e>
10008086:	0020      	movs	r0, r4
10008088:	002a      	movs	r2, r5
1000808a:	4641      	mov	r1, r8
1000808c:	47b0      	blx	r6
1000808e:	6924      	ldr	r4, [r4, #16]
10008090:	2c00      	cmp	r4, #0
10008092:	d1ef      	bne.n	10008074 <stdio_put_string+0x64>
10008094:	2f00      	cmp	r7, #0
10008096:	d126      	bne.n	100080e6 <stdio_put_string+0xd6>
10008098:	0028      	movs	r0, r5
1000809a:	b003      	add	sp, #12
1000809c:	bcf0      	pop	{r4, r5, r6, r7}
1000809e:	46bb      	mov	fp, r7
100080a0:	46b2      	mov	sl, r6
100080a2:	46a9      	mov	r9, r5
100080a4:	46a0      	mov	r8, r4
100080a6:	bdf0      	pop	{r4, r5, r6, r7, pc}
100080a8:	4e17      	ldr	r6, [pc, #92]	@ (10008108 <stdio_put_string+0xf8>)
100080aa:	e7d6      	b.n	1000805a <stdio_put_string+0x4a>
100080ac:	4b15      	ldr	r3, [pc, #84]	@ (10008104 <stdio_put_string+0xf4>)
100080ae:	4699      	mov	r9, r3
100080b0:	230a      	movs	r3, #10
100080b2:	469b      	mov	fp, r3
100080b4:	e002      	b.n	100080bc <stdio_put_string+0xac>
100080b6:	6924      	ldr	r4, [r4, #16]
100080b8:	2c00      	cmp	r4, #0
100080ba:	d0eb      	beq.n	10008094 <stdio_put_string+0x84>
100080bc:	6823      	ldr	r3, [r4, #0]
100080be:	2b00      	cmp	r3, #0
100080c0:	d0f9      	beq.n	100080b6 <stdio_put_string+0xa6>
100080c2:	464b      	mov	r3, r9
100080c4:	681b      	ldr	r3, [r3, #0]
100080c6:	2b00      	cmp	r3, #0
100080c8:	d001      	beq.n	100080ce <stdio_put_string+0xbe>
100080ca:	42a3      	cmp	r3, r4
100080cc:	d1f3      	bne.n	100080b6 <stdio_put_string+0xa6>
100080ce:	002a      	movs	r2, r5
100080d0:	4641      	mov	r1, r8
100080d2:	0020      	movs	r0, r4
100080d4:	47b0      	blx	r6
100080d6:	466b      	mov	r3, sp
100080d8:	465a      	mov	r2, fp
100080da:	0020      	movs	r0, r4
100080dc:	71da      	strb	r2, [r3, #7]
100080de:	1dd9      	adds	r1, r3, #7
100080e0:	2201      	movs	r2, #1
100080e2:	47b0      	blx	r6
100080e4:	e7e7      	b.n	100080b6 <stdio_put_string+0xa6>
100080e6:	4650      	mov	r0, sl
100080e8:	f002 fa46 	bl	1000a578 <__mutex_exit_veneer>
100080ec:	e7d4      	b.n	10008098 <stdio_put_string+0x88>
100080ee:	46c0      	nop			@ (mov r8, r8)
100080f0:	000f4240 	.word	0x000f4240
100080f4:	7fffffff 	.word	0x7fffffff
100080f8:	20001078 	.word	0x20001078
100080fc:	10007efd 	.word	0x10007efd
10008100:	200099b8 	.word	0x200099b8
10008104:	200099c0 	.word	0x200099c0
10008108:	10007eed 	.word	0x10007eed

1000810c <stdio_set_driver_enabled>:
1000810c:	4a0a      	ldr	r2, [pc, #40]	@ (10008138 <stdio_set_driver_enabled+0x2c>)
1000810e:	6813      	ldr	r3, [r2, #0]
10008110:	2b00      	cmp	r3, #0
10008112:	d105      	bne.n	10008120 <stdio_set_driver_enabled+0x14>
10008114:	e00c      	b.n	10008130 <stdio_set_driver_enabled+0x24>
10008116:	001a      	movs	r2, r3
10008118:	691b      	ldr	r3, [r3, #16]
1000811a:	3210      	adds	r2, #16
1000811c:	2b00      	cmp	r3, #0
1000811e:	d007      	beq.n	10008130 <stdio_set_driver_enabled+0x24>
10008120:	4283      	cmp	r3, r0
10008122:	d1f8      	bne.n	10008116 <stdio_set_driver_enabled+0xa>
10008124:	2900      	cmp	r1, #0
10008126:	d102      	bne.n	1000812e <stdio_set_driver_enabled+0x22>
10008128:	6918      	ldr	r0, [r3, #16]
1000812a:	6010      	str	r0, [r2, #0]
1000812c:	6119      	str	r1, [r3, #16]
1000812e:	4770      	bx	lr
10008130:	2900      	cmp	r1, #0
10008132:	d0fc      	beq.n	1000812e <stdio_set_driver_enabled+0x22>
10008134:	6010      	str	r0, [r2, #0]
10008136:	e7fa      	b.n	1000812e <stdio_set_driver_enabled+0x22>
10008138:	200099b8 	.word	0x200099b8

1000813c <__wrap_putchar>:
1000813c:	b5f0      	push	{r4, r5, r6, r7, lr}
1000813e:	46ce      	mov	lr, r9
10008140:	4647      	mov	r7, r8
10008142:	b580      	push	{r7, lr}
10008144:	b083      	sub	sp, #12
10008146:	466b      	mov	r3, sp
10008148:	0006      	movs	r6, r0
1000814a:	1ddd      	adds	r5, r3, #7
1000814c:	7028      	strb	r0, [r5, #0]
1000814e:	f7fc ff63 	bl	10005018 <time_us_64>
10008152:	2300      	movs	r3, #0
10008154:	4a19      	ldr	r2, [pc, #100]	@ (100081bc <__wrap_putchar+0x80>)
10008156:	1812      	adds	r2, r2, r0
10008158:	414b      	adcs	r3, r1
1000815a:	2b00      	cmp	r3, #0
1000815c:	da02      	bge.n	10008164 <__wrap_putchar+0x28>
1000815e:	2201      	movs	r2, #1
10008160:	4b17      	ldr	r3, [pc, #92]	@ (100081c0 <__wrap_putchar+0x84>)
10008162:	4252      	negs	r2, r2
10008164:	4917      	ldr	r1, [pc, #92]	@ (100081c4 <__wrap_putchar+0x88>)
10008166:	0008      	movs	r0, r1
10008168:	4688      	mov	r8, r1
1000816a:	f002 fa3d 	bl	1000a5e8 <__mutex_try_enter_block_until_veneer>
1000816e:	4b16      	ldr	r3, [pc, #88]	@ (100081c8 <__wrap_putchar+0x8c>)
10008170:	4681      	mov	r9, r0
10008172:	681c      	ldr	r4, [r3, #0]
10008174:	2c00      	cmp	r4, #0
10008176:	d014      	beq.n	100081a2 <__wrap_putchar+0x66>
10008178:	4f14      	ldr	r7, [pc, #80]	@ (100081cc <__wrap_putchar+0x90>)
1000817a:	e002      	b.n	10008182 <__wrap_putchar+0x46>
1000817c:	6924      	ldr	r4, [r4, #16]
1000817e:	2c00      	cmp	r4, #0
10008180:	d00f      	beq.n	100081a2 <__wrap_putchar+0x66>
10008182:	6823      	ldr	r3, [r4, #0]
10008184:	2b00      	cmp	r3, #0
10008186:	d0f9      	beq.n	1000817c <__wrap_putchar+0x40>
10008188:	683b      	ldr	r3, [r7, #0]
1000818a:	2b00      	cmp	r3, #0
1000818c:	d001      	beq.n	10008192 <__wrap_putchar+0x56>
1000818e:	429c      	cmp	r4, r3
10008190:	d1f4      	bne.n	1000817c <__wrap_putchar+0x40>
10008192:	0020      	movs	r0, r4
10008194:	2201      	movs	r2, #1
10008196:	0029      	movs	r1, r5
10008198:	f7ff feb0 	bl	10007efc <stdio_out_chars_crlf>
1000819c:	6924      	ldr	r4, [r4, #16]
1000819e:	2c00      	cmp	r4, #0
100081a0:	d1ef      	bne.n	10008182 <__wrap_putchar+0x46>
100081a2:	464b      	mov	r3, r9
100081a4:	2b00      	cmp	r3, #0
100081a6:	d105      	bne.n	100081b4 <__wrap_putchar+0x78>
100081a8:	0030      	movs	r0, r6
100081aa:	b003      	add	sp, #12
100081ac:	bcc0      	pop	{r6, r7}
100081ae:	46b9      	mov	r9, r7
100081b0:	46b0      	mov	r8, r6
100081b2:	bdf0      	pop	{r4, r5, r6, r7, pc}
100081b4:	4640      	mov	r0, r8
100081b6:	f002 f9df 	bl	1000a578 <__mutex_exit_veneer>
100081ba:	e7f5      	b.n	100081a8 <__wrap_putchar+0x6c>
100081bc:	000f4240 	.word	0x000f4240
100081c0:	7fffffff 	.word	0x7fffffff
100081c4:	20001078 	.word	0x20001078
100081c8:	200099b8 	.word	0x200099b8
100081cc:	200099c0 	.word	0x200099c0

100081d0 <__wrap_puts>:
100081d0:	b570      	push	{r4, r5, r6, lr}
100081d2:	0004      	movs	r4, r0
100081d4:	f002 f8dc 	bl	1000a390 <strlen>
100081d8:	2301      	movs	r3, #1
100081da:	0001      	movs	r1, r0
100081dc:	0005      	movs	r5, r0
100081de:	2201      	movs	r2, #1
100081e0:	0020      	movs	r0, r4
100081e2:	f7ff ff15 	bl	10008010 <stdio_put_string>
100081e6:	4b08      	ldr	r3, [pc, #32]	@ (10008208 <__wrap_puts+0x38>)
100081e8:	681c      	ldr	r4, [r3, #0]
100081ea:	2c00      	cmp	r4, #0
100081ec:	d006      	beq.n	100081fc <__wrap_puts+0x2c>
100081ee:	6863      	ldr	r3, [r4, #4]
100081f0:	2b00      	cmp	r3, #0
100081f2:	d005      	beq.n	10008200 <__wrap_puts+0x30>
100081f4:	4798      	blx	r3
100081f6:	6924      	ldr	r4, [r4, #16]
100081f8:	2c00      	cmp	r4, #0
100081fa:	d1f8      	bne.n	100081ee <__wrap_puts+0x1e>
100081fc:	0028      	movs	r0, r5
100081fe:	bd70      	pop	{r4, r5, r6, pc}
10008200:	6924      	ldr	r4, [r4, #16]
10008202:	2c00      	cmp	r4, #0
10008204:	d1f3      	bne.n	100081ee <__wrap_puts+0x1e>
10008206:	e7f9      	b.n	100081fc <__wrap_puts+0x2c>
10008208:	200099b8 	.word	0x200099b8

1000820c <__wrap_vprintf>:
1000820c:	b5f0      	push	{r4, r5, r6, r7, lr}
1000820e:	46ce      	mov	lr, r9
10008210:	4647      	mov	r7, r8
10008212:	b580      	push	{r7, lr}
10008214:	b0a3      	sub	sp, #140	@ 0x8c
10008216:	0004      	movs	r4, r0
10008218:	000d      	movs	r5, r1
1000821a:	f7fc fefd 	bl	10005018 <time_us_64>
1000821e:	2300      	movs	r3, #0
10008220:	4a27      	ldr	r2, [pc, #156]	@ (100082c0 <__wrap_vprintf+0xb4>)
10008222:	1812      	adds	r2, r2, r0
10008224:	414b      	adcs	r3, r1
10008226:	2b00      	cmp	r3, #0
10008228:	da02      	bge.n	10008230 <__wrap_vprintf+0x24>
1000822a:	2201      	movs	r2, #1
1000822c:	4b25      	ldr	r3, [pc, #148]	@ (100082c4 <__wrap_vprintf+0xb8>)
1000822e:	4252      	negs	r2, r2
10008230:	4e25      	ldr	r6, [pc, #148]	@ (100082c8 <__wrap_vprintf+0xbc>)
10008232:	0030      	movs	r0, r6
10008234:	f002 f9d8 	bl	1000a5e8 <__mutex_try_enter_block_until_veneer>
10008238:	2300      	movs	r3, #0
1000823a:	0022      	movs	r2, r4
1000823c:	9301      	str	r3, [sp, #4]
1000823e:	0007      	movs	r7, r0
10008240:	002b      	movs	r3, r5
10008242:	4822      	ldr	r0, [pc, #136]	@ (100082cc <__wrap_vprintf+0xc0>)
10008244:	a901      	add	r1, sp, #4
10008246:	f7ff fe0b 	bl	10007e60 <vfctprintf>
1000824a:	4b21      	ldr	r3, [pc, #132]	@ (100082d0 <__wrap_vprintf+0xc4>)
1000824c:	4680      	mov	r8, r0
1000824e:	4699      	mov	r9, r3
10008250:	681c      	ldr	r4, [r3, #0]
10008252:	9b01      	ldr	r3, [sp, #4]
10008254:	2b00      	cmp	r3, #0
10008256:	d01a      	beq.n	1000828e <__wrap_vprintf+0x82>
10008258:	2c00      	cmp	r4, #0
1000825a:	d02f      	beq.n	100082bc <__wrap_vprintf+0xb0>
1000825c:	4d1d      	ldr	r5, [pc, #116]	@ (100082d4 <__wrap_vprintf+0xc8>)
1000825e:	e002      	b.n	10008266 <__wrap_vprintf+0x5a>
10008260:	6924      	ldr	r4, [r4, #16]
10008262:	2c00      	cmp	r4, #0
10008264:	d00f      	beq.n	10008286 <__wrap_vprintf+0x7a>
10008266:	6823      	ldr	r3, [r4, #0]
10008268:	2b00      	cmp	r3, #0
1000826a:	d0f9      	beq.n	10008260 <__wrap_vprintf+0x54>
1000826c:	682b      	ldr	r3, [r5, #0]
1000826e:	2b00      	cmp	r3, #0
10008270:	d001      	beq.n	10008276 <__wrap_vprintf+0x6a>
10008272:	42a3      	cmp	r3, r4
10008274:	d1f4      	bne.n	10008260 <__wrap_vprintf+0x54>
10008276:	0020      	movs	r0, r4
10008278:	9a01      	ldr	r2, [sp, #4]
1000827a:	a902      	add	r1, sp, #8
1000827c:	f7ff fe3e 	bl	10007efc <stdio_out_chars_crlf>
10008280:	6924      	ldr	r4, [r4, #16]
10008282:	2c00      	cmp	r4, #0
10008284:	d1ef      	bne.n	10008266 <__wrap_vprintf+0x5a>
10008286:	464b      	mov	r3, r9
10008288:	681c      	ldr	r4, [r3, #0]
1000828a:	2300      	movs	r3, #0
1000828c:	9301      	str	r3, [sp, #4]
1000828e:	2c00      	cmp	r4, #0
10008290:	d006      	beq.n	100082a0 <__wrap_vprintf+0x94>
10008292:	6863      	ldr	r3, [r4, #4]
10008294:	2b00      	cmp	r3, #0
10008296:	d00b      	beq.n	100082b0 <__wrap_vprintf+0xa4>
10008298:	4798      	blx	r3
1000829a:	6924      	ldr	r4, [r4, #16]
1000829c:	2c00      	cmp	r4, #0
1000829e:	d1f8      	bne.n	10008292 <__wrap_vprintf+0x86>
100082a0:	2f00      	cmp	r7, #0
100082a2:	d107      	bne.n	100082b4 <__wrap_vprintf+0xa8>
100082a4:	4640      	mov	r0, r8
100082a6:	b023      	add	sp, #140	@ 0x8c
100082a8:	bcc0      	pop	{r6, r7}
100082aa:	46b9      	mov	r9, r7
100082ac:	46b0      	mov	r8, r6
100082ae:	bdf0      	pop	{r4, r5, r6, r7, pc}
100082b0:	6924      	ldr	r4, [r4, #16]
100082b2:	e7ec      	b.n	1000828e <__wrap_vprintf+0x82>
100082b4:	0030      	movs	r0, r6
100082b6:	f002 f95f 	bl	1000a578 <__mutex_exit_veneer>
100082ba:	e7f3      	b.n	100082a4 <__wrap_vprintf+0x98>
100082bc:	9401      	str	r4, [sp, #4]
100082be:	e7ef      	b.n	100082a0 <__wrap_vprintf+0x94>
100082c0:	000f4240 	.word	0x000f4240
100082c4:	7fffffff 	.word	0x7fffffff
100082c8:	20001078 	.word	0x20001078
100082cc:	10007fad 	.word	0x10007fad
100082d0:	200099b8 	.word	0x200099b8
100082d4:	200099c0 	.word	0x200099c0

100082d8 <__wrap_printf>:
100082d8:	b40f      	push	{r0, r1, r2, r3}
100082da:	b500      	push	{lr}
100082dc:	b083      	sub	sp, #12
100082de:	a904      	add	r1, sp, #16
100082e0:	c901      	ldmia	r1!, {r0}
100082e2:	9101      	str	r1, [sp, #4]
100082e4:	f7ff ff92 	bl	1000820c <__wrap_vprintf>
100082e8:	b003      	add	sp, #12
100082ea:	bc08      	pop	{r3}
100082ec:	b004      	add	sp, #16
100082ee:	4718      	bx	r3

100082f0 <stdio_uart_out_chars>:
100082f0:	b5f0      	push	{r4, r5, r6, r7, lr}
100082f2:	2900      	cmp	r1, #0
100082f4:	dd15      	ble.n	10008322 <stdio_uart_out_chars+0x32>
100082f6:	4b0e      	ldr	r3, [pc, #56]	@ (10008330 <stdio_uart_out_chars+0x40>)
100082f8:	270d      	movs	r7, #13
100082fa:	681a      	ldr	r2, [r3, #0]
100082fc:	4b0d      	ldr	r3, [pc, #52]	@ (10008334 <stdio_uart_out_chars+0x44>)
100082fe:	4c0e      	ldr	r4, [pc, #56]	@ (10008338 <stdio_uart_out_chars+0x48>)
10008300:	18d3      	adds	r3, r2, r3
10008302:	425d      	negs	r5, r3
10008304:	416b      	adcs	r3, r5
10008306:	1845      	adds	r5, r0, r1
10008308:	2120      	movs	r1, #32
1000830a:	005b      	lsls	r3, r3, #1
1000830c:	5f1e      	ldrsh	r6, [r3, r4]
1000830e:	7804      	ldrb	r4, [r0, #0]
10008310:	42a6      	cmp	r6, r4
10008312:	d007      	beq.n	10008324 <stdio_uart_out_chars+0x34>
10008314:	6993      	ldr	r3, [r2, #24]
10008316:	4219      	tst	r1, r3
10008318:	d1fc      	bne.n	10008314 <stdio_uart_out_chars+0x24>
1000831a:	3001      	adds	r0, #1
1000831c:	6014      	str	r4, [r2, #0]
1000831e:	42a8      	cmp	r0, r5
10008320:	d1f5      	bne.n	1000830e <stdio_uart_out_chars+0x1e>
10008322:	bdf0      	pop	{r4, r5, r6, r7, pc}
10008324:	6993      	ldr	r3, [r2, #24]
10008326:	4219      	tst	r1, r3
10008328:	d1fc      	bne.n	10008324 <stdio_uart_out_chars+0x34>
1000832a:	6017      	str	r7, [r2, #0]
1000832c:	e7f2      	b.n	10008314 <stdio_uart_out_chars+0x24>
1000832e:	46c0      	nop			@ (mov r8, r8)
10008330:	20011ff4 	.word	0x20011ff4
10008334:	bffc8000 	.word	0xbffc8000
10008338:	20011ff0 	.word	0x20011ff0

1000833c <stdio_uart_in_chars>:
1000833c:	4b20      	ldr	r3, [pc, #128]	@ (100083c0 <stdio_uart_in_chars+0x84>)
1000833e:	b570      	push	{r4, r5, r6, lr}
10008340:	0004      	movs	r4, r0
10008342:	1e0d      	subs	r5, r1, #0
10008344:	681e      	ldr	r6, [r3, #0]
10008346:	dd2a      	ble.n	1000839e <stdio_uart_in_chars+0x62>
10008348:	2000      	movs	r0, #0
1000834a:	2110      	movs	r1, #16
1000834c:	4b1d      	ldr	r3, [pc, #116]	@ (100083c4 <stdio_uart_in_chars+0x88>)
1000834e:	3c01      	subs	r4, #1
10008350:	681a      	ldr	r2, [r3, #0]
10008352:	6993      	ldr	r3, [r2, #24]
10008354:	4219      	tst	r1, r3
10008356:	d114      	bne.n	10008382 <stdio_uart_in_chars+0x46>
10008358:	3001      	adds	r0, #1
1000835a:	6993      	ldr	r3, [r2, #24]
1000835c:	4219      	tst	r1, r3
1000835e:	d1fc      	bne.n	1000835a <stdio_uart_in_chars+0x1e>
10008360:	6813      	ldr	r3, [r2, #0]
10008362:	5423      	strb	r3, [r4, r0]
10008364:	4285      	cmp	r5, r0
10008366:	d1f4      	bne.n	10008352 <stdio_uart_in_chars+0x16>
10008368:	2e00      	cmp	r6, #0
1000836a:	d008      	beq.n	1000837e <stdio_uart_in_chars+0x42>
1000836c:	2350      	movs	r3, #80	@ 0x50
1000836e:	6393      	str	r3, [r2, #56]	@ 0x38
10008370:	6b51      	ldr	r1, [r2, #52]	@ 0x34
10008372:	3b18      	subs	r3, #24
10008374:	400b      	ands	r3, r1
10008376:	4914      	ldr	r1, [pc, #80]	@ (100083c8 <stdio_uart_in_chars+0x8c>)
10008378:	468c      	mov	ip, r1
1000837a:	4462      	add	r2, ip
1000837c:	6013      	str	r3, [r2, #0]
1000837e:	0028      	movs	r0, r5
10008380:	bd70      	pop	{r4, r5, r6, pc}
10008382:	2e00      	cmp	r6, #0
10008384:	d008      	beq.n	10008398 <stdio_uart_in_chars+0x5c>
10008386:	2350      	movs	r3, #80	@ 0x50
10008388:	6393      	str	r3, [r2, #56]	@ 0x38
1000838a:	6b51      	ldr	r1, [r2, #52]	@ 0x34
1000838c:	3b18      	subs	r3, #24
1000838e:	400b      	ands	r3, r1
10008390:	490d      	ldr	r1, [pc, #52]	@ (100083c8 <stdio_uart_in_chars+0x8c>)
10008392:	468c      	mov	ip, r1
10008394:	4462      	add	r2, ip
10008396:	6013      	str	r3, [r2, #0]
10008398:	2800      	cmp	r0, #0
1000839a:	d1f1      	bne.n	10008380 <stdio_uart_in_chars+0x44>
1000839c:	e00c      	b.n	100083b8 <stdio_uart_in_chars+0x7c>
1000839e:	2e00      	cmp	r6, #0
100083a0:	d00a      	beq.n	100083b8 <stdio_uart_in_chars+0x7c>
100083a2:	2250      	movs	r2, #80	@ 0x50
100083a4:	4b07      	ldr	r3, [pc, #28]	@ (100083c4 <stdio_uart_in_chars+0x88>)
100083a6:	681b      	ldr	r3, [r3, #0]
100083a8:	639a      	str	r2, [r3, #56]	@ 0x38
100083aa:	6b59      	ldr	r1, [r3, #52]	@ 0x34
100083ac:	3a18      	subs	r2, #24
100083ae:	400a      	ands	r2, r1
100083b0:	4905      	ldr	r1, [pc, #20]	@ (100083c8 <stdio_uart_in_chars+0x8c>)
100083b2:	468c      	mov	ip, r1
100083b4:	4463      	add	r3, ip
100083b6:	601a      	str	r2, [r3, #0]
100083b8:	2003      	movs	r0, #3
100083ba:	4240      	negs	r0, r0
100083bc:	e7e0      	b.n	10008380 <stdio_uart_in_chars+0x44>
100083be:	46c0      	nop			@ (mov r8, r8)
100083c0:	20009978 	.word	0x20009978
100083c4:	20011ff4 	.word	0x20011ff4
100083c8:	00001034 	.word	0x00001034

100083cc <on_uart_rx>:
100083cc:	4b06      	ldr	r3, [pc, #24]	@ (100083e8 <on_uart_rx+0x1c>)
100083ce:	b510      	push	{r4, lr}
100083d0:	681b      	ldr	r3, [r3, #0]
100083d2:	2b00      	cmp	r3, #0
100083d4:	d006      	beq.n	100083e4 <on_uart_rx+0x18>
100083d6:	2100      	movs	r1, #0
100083d8:	4a04      	ldr	r2, [pc, #16]	@ (100083ec <on_uart_rx+0x20>)
100083da:	6812      	ldr	r2, [r2, #0]
100083dc:	6391      	str	r1, [r2, #56]	@ 0x38
100083de:	4a04      	ldr	r2, [pc, #16]	@ (100083f0 <on_uart_rx+0x24>)
100083e0:	6810      	ldr	r0, [r2, #0]
100083e2:	4798      	blx	r3
100083e4:	bd10      	pop	{r4, pc}
100083e6:	46c0      	nop			@ (mov r8, r8)
100083e8:	20009978 	.word	0x20009978
100083ec:	20011ff4 	.word	0x20011ff4
100083f0:	2000997c 	.word	0x2000997c

100083f4 <stdio_uart_out_flush>:
100083f4:	2208      	movs	r2, #8
100083f6:	4b03      	ldr	r3, [pc, #12]	@ (10008404 <stdio_uart_out_flush+0x10>)
100083f8:	6819      	ldr	r1, [r3, #0]
100083fa:	698b      	ldr	r3, [r1, #24]
100083fc:	421a      	tst	r2, r3
100083fe:	d1fc      	bne.n	100083fa <stdio_uart_out_flush+0x6>
10008400:	4770      	bx	lr
10008402:	46c0      	nop			@ (mov r8, r8)
10008404:	20011ff4 	.word	0x20011ff4

10008408 <stdio_uart_set_chars_available_callback>:
10008408:	b5f8      	push	{r3, r4, r5, r6, r7, lr}
1000840a:	4f1a      	ldr	r7, [pc, #104]	@ (10008474 <stdio_uart_set_chars_available_callback+0x6c>)
1000840c:	4b1a      	ldr	r3, [pc, #104]	@ (10008478 <stdio_uart_set_chars_available_callback+0x70>)
1000840e:	683a      	ldr	r2, [r7, #0]
10008410:	0005      	movs	r5, r0
10008412:	18d3      	adds	r3, r2, r3
10008414:	4258      	negs	r0, r3
10008416:	4143      	adcs	r3, r0
10008418:	4e18      	ldr	r6, [pc, #96]	@ (1000847c <stdio_uart_set_chars_available_callback+0x74>)
1000841a:	3314      	adds	r3, #20
1000841c:	001c      	movs	r4, r3
1000841e:	6833      	ldr	r3, [r6, #0]
10008420:	2d00      	cmp	r5, #0
10008422:	d002      	beq.n	1000842a <stdio_uart_set_chars_available_callback+0x22>
10008424:	2b00      	cmp	r3, #0
10008426:	d00f      	beq.n	10008448 <stdio_uart_set_chars_available_callback+0x40>
10008428:	bdf8      	pop	{r3, r4, r5, r6, r7, pc}
1000842a:	2b00      	cmp	r3, #0
1000842c:	d0fc      	beq.n	10008428 <stdio_uart_set_chars_available_callback+0x20>
1000842e:	2100      	movs	r1, #0
10008430:	0020      	movs	r0, r4
10008432:	6395      	str	r5, [r2, #56]	@ 0x38
10008434:	f7fb ff7c 	bl	10004330 <irq_set_enabled>
10008438:	0020      	movs	r0, r4
1000843a:	4911      	ldr	r1, [pc, #68]	@ (10008480 <stdio_uart_set_chars_available_callback+0x78>)
1000843c:	f7fc f8ae 	bl	1000459c <irq_remove_handler>
10008440:	4b10      	ldr	r3, [pc, #64]	@ (10008484 <stdio_uart_set_chars_available_callback+0x7c>)
10008442:	6035      	str	r5, [r6, #0]
10008444:	601d      	str	r5, [r3, #0]
10008446:	e7ef      	b.n	10008428 <stdio_uart_set_chars_available_callback+0x20>
10008448:	4b0e      	ldr	r3, [pc, #56]	@ (10008484 <stdio_uart_set_chars_available_callback+0x7c>)
1000844a:	0020      	movs	r0, r4
1000844c:	6019      	str	r1, [r3, #0]
1000844e:	490c      	ldr	r1, [pc, #48]	@ (10008480 <stdio_uart_set_chars_available_callback+0x78>)
10008450:	6035      	str	r5, [r6, #0]
10008452:	f7fb ff7f 	bl	10004354 <irq_set_exclusive_handler>
10008456:	2101      	movs	r1, #1
10008458:	0020      	movs	r0, r4
1000845a:	f7fb ff69 	bl	10004330 <irq_set_enabled>
1000845e:	2250      	movs	r2, #80	@ 0x50
10008460:	683b      	ldr	r3, [r7, #0]
10008462:	639a      	str	r2, [r3, #56]	@ 0x38
10008464:	6b59      	ldr	r1, [r3, #52]	@ 0x34
10008466:	3a18      	subs	r2, #24
10008468:	400a      	ands	r2, r1
1000846a:	4907      	ldr	r1, [pc, #28]	@ (10008488 <stdio_uart_set_chars_available_callback+0x80>)
1000846c:	468c      	mov	ip, r1
1000846e:	4463      	add	r3, ip
10008470:	601a      	str	r2, [r3, #0]
10008472:	e7d9      	b.n	10008428 <stdio_uart_set_chars_available_callback+0x20>
10008474:	20011ff4 	.word	0x20011ff4
10008478:	bffc8000 	.word	0xbffc8000
1000847c:	20009978 	.word	0x20009978
10008480:	100083cd 	.word	0x100083cd
10008484:	2000997c 	.word	0x2000997c
10008488:	00001034 	.word	0x00001034

1000848c <stdio_uart_init_full>:
1000848c:	b570      	push	{r4, r5, r6, lr}
1000848e:	4e0c      	ldr	r6, [pc, #48]	@ (100084c0 <stdio_uart_init_full+0x34>)
10008490:	000d      	movs	r5, r1
10008492:	001c      	movs	r4, r3
10008494:	6030      	str	r0, [r6, #0]
10008496:	2a00      	cmp	r2, #0
10008498:	db03      	blt.n	100084a2 <stdio_uart_init_full+0x16>
1000849a:	2102      	movs	r1, #2
1000849c:	0010      	movs	r0, r2
1000849e:	f7fb fe37 	bl	10004110 <gpio_set_function>
100084a2:	2c00      	cmp	r4, #0
100084a4:	db03      	blt.n	100084ae <stdio_uart_init_full+0x22>
100084a6:	2102      	movs	r1, #2
100084a8:	0020      	movs	r0, r4
100084aa:	f7fb fe31 	bl	10004110 <gpio_set_function>
100084ae:	0029      	movs	r1, r5
100084b0:	6830      	ldr	r0, [r6, #0]
100084b2:	f7fc fdff 	bl	100050b4 <uart_init>
100084b6:	2101      	movs	r1, #1
100084b8:	4802      	ldr	r0, [pc, #8]	@ (100084c4 <stdio_uart_init_full+0x38>)
100084ba:	f7ff fe27 	bl	1000810c <stdio_set_driver_enabled>
100084be:	bd70      	pop	{r4, r5, r6, pc}
100084c0:	20011ff4 	.word	0x20011ff4
100084c4:	20001040 	.word	0x20001040

100084c8 <pio_sm_claim>:
100084c8:	4b07      	ldr	r3, [pc, #28]	@ (100084e8 <pio_sm_claim+0x20>)
100084ca:	b510      	push	{r4, lr}
100084cc:	469c      	mov	ip, r3
100084ce:	4460      	add	r0, ip
100084d0:	0d00      	lsrs	r0, r0, #20
100084d2:	2801      	cmp	r0, #1
100084d4:	d006      	beq.n	100084e4 <pio_sm_claim+0x1c>
100084d6:	4a05      	ldr	r2, [pc, #20]	@ (100084ec <pio_sm_claim+0x24>)
100084d8:	0080      	lsls	r0, r0, #2
100084da:	1841      	adds	r1, r0, r1
100084dc:	4804      	ldr	r0, [pc, #16]	@ (100084f0 <pio_sm_claim+0x28>)
100084de:	f7fb fe83 	bl	100041e8 <hw_claim_or_assert>
100084e2:	bd10      	pop	{r4, pc}
100084e4:	4a03      	ldr	r2, [pc, #12]	@ (100084f4 <pio_sm_claim+0x2c>)
100084e6:	e7f7      	b.n	100084d8 <pio_sm_claim+0x10>
100084e8:	afe00000 	.word	0xafe00000
100084ec:	1000b808 	.word	0x1000b808
100084f0:	20009988 	.word	0x20009988
100084f4:	1000b7e4 	.word	0x1000b7e4

100084f8 <pio_sm_set_consecutive_pindirs>:
100084f8:	b5f0      	push	{r4, r5, r6, r7, lr}
100084fa:	464e      	mov	r6, r9
100084fc:	4645      	mov	r5, r8
100084fe:	46de      	mov	lr, fp
10008500:	4657      	mov	r7, sl
10008502:	b5e0      	push	{r5, r6, r7, lr}
10008504:	b083      	sub	sp, #12
10008506:	4689      	mov	r9, r1
10008508:	a90c      	add	r1, sp, #48	@ 0x30
1000850a:	4684      	mov	ip, r0
1000850c:	780d      	ldrb	r5, [r1, #0]
1000850e:	2a1f      	cmp	r2, #31
10008510:	d845      	bhi.n	1000859e <pio_sm_set_consecutive_pindirs+0xa6>
10008512:	4649      	mov	r1, r9
10008514:	0049      	lsls	r1, r1, #1
10008516:	4688      	mov	r8, r1
10008518:	4449      	add	r1, r9
1000851a:	00c9      	lsls	r1, r1, #3
1000851c:	1846      	adds	r6, r0, r1
1000851e:	0037      	movs	r7, r6
10008520:	0034      	movs	r4, r6
10008522:	37dc      	adds	r7, #220	@ 0xdc
10008524:	6838      	ldr	r0, [r7, #0]
10008526:	34cc      	adds	r4, #204	@ 0xcc
10008528:	4683      	mov	fp, r0
1000852a:	6820      	ldr	r0, [r4, #0]
1000852c:	0031      	movs	r1, r6
1000852e:	9001      	str	r0, [sp, #4]
10008530:	481c      	ldr	r0, [pc, #112]	@ (100085a4 <pio_sm_set_consecutive_pindirs+0xac>)
10008532:	2480      	movs	r4, #128	@ 0x80
10008534:	4682      	mov	sl, r0
10008536:	02a4      	lsls	r4, r4, #10
10008538:	4451      	add	r1, sl
1000853a:	600c      	str	r4, [r1, #0]
1000853c:	4269      	negs	r1, r5
1000853e:	414d      	adcs	r5, r1
10008540:	211e      	movs	r1, #30
10008542:	426d      	negs	r5, r5
10008544:	438d      	bics	r5, r1
10008546:	4918      	ldr	r1, [pc, #96]	@ (100085a8 <pio_sm_set_consecutive_pindirs+0xb0>)
10008548:	468a      	mov	sl, r1
1000854a:	4455      	add	r5, sl
1000854c:	2b05      	cmp	r3, #5
1000854e:	d90c      	bls.n	1000856a <pio_sm_set_consecutive_pindirs+0x72>
10008550:	20a0      	movs	r0, #160	@ 0xa0
10008552:	211f      	movs	r1, #31
10008554:	0540      	lsls	r0, r0, #21
10008556:	36d8      	adds	r6, #216	@ 0xd8
10008558:	0154      	lsls	r4, r2, #5
1000855a:	4304      	orrs	r4, r0
1000855c:	3205      	adds	r2, #5
1000855e:	3b05      	subs	r3, #5
10008560:	603c      	str	r4, [r7, #0]
10008562:	400a      	ands	r2, r1
10008564:	6035      	str	r5, [r6, #0]
10008566:	2b05      	cmp	r3, #5
10008568:	d8f6      	bhi.n	10008558 <pio_sm_set_consecutive_pindirs+0x60>
1000856a:	0152      	lsls	r2, r2, #5
1000856c:	069b      	lsls	r3, r3, #26
1000856e:	4313      	orrs	r3, r2
10008570:	4642      	mov	r2, r8
10008572:	444a      	add	r2, r9
10008574:	00d2      	lsls	r2, r2, #3
10008576:	4462      	add	r2, ip
10008578:	0010      	movs	r0, r2
1000857a:	32dc      	adds	r2, #220	@ 0xdc
1000857c:	6013      	str	r3, [r2, #0]
1000857e:	0003      	movs	r3, r0
10008580:	33d8      	adds	r3, #216	@ 0xd8
10008582:	601d      	str	r5, [r3, #0]
10008584:	465b      	mov	r3, fp
10008586:	6013      	str	r3, [r2, #0]
10008588:	9b01      	ldr	r3, [sp, #4]
1000858a:	30cc      	adds	r0, #204	@ 0xcc
1000858c:	6003      	str	r3, [r0, #0]
1000858e:	2000      	movs	r0, #0
10008590:	b003      	add	sp, #12
10008592:	bcf0      	pop	{r4, r5, r6, r7}
10008594:	46bb      	mov	fp, r7
10008596:	46b2      	mov	sl, r6
10008598:	46a9      	mov	r9, r5
1000859a:	46a0      	mov	r8, r4
1000859c:	bdf0      	pop	{r4, r5, r6, r7, pc}
1000859e:	2005      	movs	r0, #5
100085a0:	4240      	negs	r0, r0
100085a2:	e7f5      	b.n	10008590 <pio_sm_set_consecutive_pindirs+0x98>
100085a4:	000030cc 	.word	0x000030cc
100085a8:	0000e09f 	.word	0x0000e09f

100085ac <pio_sm_init>:
100085ac:	b5f0      	push	{r4, r5, r6, r7, lr}
100085ae:	2501      	movs	r5, #1
100085b0:	408d      	lsls	r5, r1
100085b2:	6804      	ldr	r4, [r0, #0]
100085b4:	43ac      	bics	r4, r5
100085b6:	6004      	str	r4, [r0, #0]
100085b8:	2b00      	cmp	r3, #0
100085ba:	d02e      	beq.n	1000861a <pio_sm_init+0x6e>
100085bc:	004d      	lsls	r5, r1, #1
100085be:	186c      	adds	r4, r5, r1
100085c0:	00e4      	lsls	r4, r4, #3
100085c2:	1904      	adds	r4, r0, r4
100085c4:	0026      	movs	r6, r4
100085c6:	681f      	ldr	r7, [r3, #0]
100085c8:	36c8      	adds	r6, #200	@ 0xc8
100085ca:	6037      	str	r7, [r6, #0]
100085cc:	689f      	ldr	r7, [r3, #8]
100085ce:	3604      	adds	r6, #4
100085d0:	6077      	str	r7, [r6, #4]
100085d2:	685f      	ldr	r7, [r3, #4]
100085d4:	68db      	ldr	r3, [r3, #12]
100085d6:	34dc      	adds	r4, #220	@ 0xdc
100085d8:	6037      	str	r7, [r6, #0]
100085da:	6023      	str	r3, [r4, #0]
100085dc:	186b      	adds	r3, r5, r1
100085de:	4d18      	ldr	r5, [pc, #96]	@ (10008640 <pio_sm_init+0x94>)
100085e0:	00db      	lsls	r3, r3, #3
100085e2:	46ac      	mov	ip, r5
100085e4:	2580      	movs	r5, #128	@ 0x80
100085e6:	18c4      	adds	r4, r0, r3
100085e8:	4464      	add	r4, ip
100085ea:	062d      	lsls	r5, r5, #24
100085ec:	6025      	str	r5, [r4, #0]
100085ee:	6025      	str	r5, [r4, #0]
100085f0:	4c14      	ldr	r4, [pc, #80]	@ (10008644 <pio_sm_init+0x98>)
100085f2:	1d0d      	adds	r5, r1, #4
100085f4:	408c      	lsls	r4, r1
100085f6:	6084      	str	r4, [r0, #8]
100085f8:	2401      	movs	r4, #1
100085fa:	0026      	movs	r6, r4
100085fc:	40ae      	lsls	r6, r5
100085fe:	2580      	movs	r5, #128	@ 0x80
10008600:	3108      	adds	r1, #8
10008602:	408c      	lsls	r4, r1
10008604:	211f      	movs	r1, #31
10008606:	01ad      	lsls	r5, r5, #6
10008608:	1945      	adds	r5, r0, r5
1000860a:	18c0      	adds	r0, r0, r3
1000860c:	400a      	ands	r2, r1
1000860e:	30d8      	adds	r0, #216	@ 0xd8
10008610:	602e      	str	r6, [r5, #0]
10008612:	602c      	str	r4, [r5, #0]
10008614:	6002      	str	r2, [r0, #0]
10008616:	2000      	movs	r0, #0
10008618:	bdf0      	pop	{r4, r5, r6, r7, pc}
1000861a:	004d      	lsls	r5, r1, #1
1000861c:	186c      	adds	r4, r5, r1
1000861e:	00e4      	lsls	r4, r4, #3
10008620:	1904      	adds	r4, r0, r4
10008622:	0026      	movs	r6, r4
10008624:	2780      	movs	r7, #128	@ 0x80
10008626:	36c8      	adds	r6, #200	@ 0xc8
10008628:	027f      	lsls	r7, r7, #9
1000862a:	6037      	str	r7, [r6, #0]
1000862c:	27c0      	movs	r7, #192	@ 0xc0
1000862e:	033f      	lsls	r7, r7, #12
10008630:	60b7      	str	r7, [r6, #8]
10008632:	27f8      	movs	r7, #248	@ 0xf8
10008634:	3604      	adds	r6, #4
10008636:	027f      	lsls	r7, r7, #9
10008638:	34dc      	adds	r4, #220	@ 0xdc
1000863a:	6037      	str	r7, [r6, #0]
1000863c:	6023      	str	r3, [r4, #0]
1000863e:	e7cd      	b.n	100085dc <pio_sm_init+0x30>
10008640:	000010d0 	.word	0x000010d0
10008644:	01010101 	.word	0x01010101

10008648 <dma_claim_unused_channel>:
10008648:	b510      	push	{r4, lr}
1000864a:	4b06      	ldr	r3, [pc, #24]	@ (10008664 <dma_claim_unused_channel+0x1c>)
1000864c:	4c06      	ldr	r4, [pc, #24]	@ (10008668 <dma_claim_unused_channel+0x20>)
1000864e:	b082      	sub	sp, #8
10008650:	0001      	movs	r1, r0
10008652:	9300      	str	r3, [sp, #0]
10008654:	2200      	movs	r2, #0
10008656:	230b      	movs	r3, #11
10008658:	0020      	movs	r0, r4
1000865a:	f7fb fde7 	bl	1000422c <hw_claim_unused_from_range>
1000865e:	b002      	add	sp, #8
10008660:	bd10      	pop	{r4, pc}
10008662:	46c0      	nop			@ (mov r8, r8)
10008664:	1000b824 	.word	0x1000b824
10008668:	2001a418 	.word	0x2001a418

1000866c <dcd_init>:
1000866c:	b5f8      	push	{r3, r4, r5, r6, r7, lr}
1000866e:	f000 f947 	bl	10008900 <rp2040_usb_init>
10008672:	230c      	movs	r3, #12
10008674:	4d19      	ldr	r5, [pc, #100]	@ (100086dc <dcd_init+0x70>)
10008676:	22ff      	movs	r2, #255	@ 0xff
10008678:	67ab      	str	r3, [r5, #120]	@ 0x78
1000867a:	2005      	movs	r0, #5
1000867c:	4918      	ldr	r1, [pc, #96]	@ (100086e0 <dcd_init+0x74>)
1000867e:	f7fb fe93 	bl	100043a8 <irq_add_shared_handler>
10008682:	4c18      	ldr	r4, [pc, #96]	@ (100086e4 <dcd_init+0x78>)
10008684:	2240      	movs	r2, #64	@ 0x40
10008686:	2100      	movs	r1, #0
10008688:	0020      	movs	r0, r4
1000868a:	f7fd ff8d 	bl	100065a8 <__wrap_memset>
1000868e:	2740      	movs	r7, #64	@ 0x40
10008690:	2300      	movs	r3, #0
10008692:	2601      	movs	r6, #1
10008694:	2121      	movs	r1, #33	@ 0x21
10008696:	4a14      	ldr	r2, [pc, #80]	@ (100086e8 <dcd_init+0x7c>)
10008698:	7066      	strb	r6, [r4, #1]
1000869a:	8327      	strh	r7, [r4, #24]
1000869c:	60a2      	str	r2, [r4, #8]
1000869e:	6013      	str	r3, [r2, #0]
100086a0:	5463      	strb	r3, [r4, r1]
100086a2:	315f      	adds	r1, #95	@ 0x5f
100086a4:	8461      	strh	r1, [r4, #34]	@ 0x22
100086a6:	3945      	subs	r1, #69	@ 0x45
100086a8:	5463      	strb	r3, [r4, r1]
100086aa:	4a10      	ldr	r2, [pc, #64]	@ (100086ec <dcd_init+0x80>)
100086ac:	4910      	ldr	r1, [pc, #64]	@ (100086f0 <dcd_init+0x84>)
100086ae:	6063      	str	r3, [r4, #4]
100086b0:	60e2      	str	r2, [r4, #12]
100086b2:	8727      	strh	r7, [r4, #56]	@ 0x38
100086b4:	62a1      	str	r1, [r4, #40]	@ 0x28
100086b6:	600b      	str	r3, [r1, #0]
100086b8:	6263      	str	r3, [r4, #36]	@ 0x24
100086ba:	62e2      	str	r2, [r4, #44]	@ 0x2c
100086bc:	f001 ffac 	bl	1000a618 <__reset_non_control_endpoints_veneer>
100086c0:	2380      	movs	r3, #128	@ 0x80
100086c2:	059b      	lsls	r3, r3, #22
100086c4:	642e      	str	r6, [r5, #64]	@ 0x40
100086c6:	64eb      	str	r3, [r5, #76]	@ 0x4c
100086c8:	2390      	movs	r3, #144	@ 0x90
100086ca:	4a0a      	ldr	r2, [pc, #40]	@ (100086f4 <dcd_init+0x88>)
100086cc:	2001      	movs	r0, #1
100086ce:	50ea      	str	r2, [r5, r3]
100086d0:	2280      	movs	r2, #128	@ 0x80
100086d2:	4b09      	ldr	r3, [pc, #36]	@ (100086f8 <dcd_init+0x8c>)
100086d4:	0252      	lsls	r2, r2, #9
100086d6:	64da      	str	r2, [r3, #76]	@ 0x4c
100086d8:	bdf8      	pop	{r3, r4, r5, r6, r7, pc}
100086da:	46c0      	nop			@ (mov r8, r8)
100086dc:	50110000 	.word	0x50110000
100086e0:	20000315 	.word	0x20000315
100086e4:	200099c4 	.word	0x200099c4
100086e8:	50100084 	.word	0x50100084
100086ec:	50100100 	.word	0x50100100
100086f0:	50100080 	.word	0x50100080
100086f4:	0001d010 	.word	0x0001d010
100086f8:	50112000 	.word	0x50112000

100086fc <dcd_int_enable>:
100086fc:	b510      	push	{r4, lr}
100086fe:	2101      	movs	r1, #1
10008700:	2005      	movs	r0, #5
10008702:	f7fb fe15 	bl	10004330 <irq_set_enabled>
10008706:	bd10      	pop	{r4, pc}

10008708 <dcd_set_address>:
10008708:	b510      	push	{r4, lr}
1000870a:	2200      	movs	r2, #0
1000870c:	2100      	movs	r1, #0
1000870e:	4802      	ldr	r0, [pc, #8]	@ (10008718 <dcd_set_address+0x10>)
10008710:	f000 f916 	bl	10008940 <hw_endpoint_xfer_start>
10008714:	bd10      	pop	{r4, pc}
10008716:	46c0      	nop			@ (mov r8, r8)
10008718:	200099e4 	.word	0x200099e4

1000871c <dcd_sof_enable>:
1000871c:	4b04      	ldr	r3, [pc, #16]	@ (10008730 <dcd_sof_enable+0x14>)
1000871e:	7019      	strb	r1, [r3, #0]
10008720:	2900      	cmp	r1, #0
10008722:	d004      	beq.n	1000872e <dcd_sof_enable+0x12>
10008724:	2180      	movs	r1, #128	@ 0x80
10008726:	2390      	movs	r3, #144	@ 0x90
10008728:	4a02      	ldr	r2, [pc, #8]	@ (10008734 <dcd_sof_enable+0x18>)
1000872a:	0289      	lsls	r1, r1, #10
1000872c:	50d1      	str	r1, [r2, r3]
1000872e:	4770      	bx	lr
10008730:	2001a41d 	.word	0x2001a41d
10008734:	50112000 	.word	0x50112000

10008738 <dcd_edpt0_status_complete>:
10008738:	780b      	ldrb	r3, [r1, #0]
1000873a:	065b      	lsls	r3, r3, #25
1000873c:	d102      	bne.n	10008744 <dcd_edpt0_status_complete+0xc>
1000873e:	784b      	ldrb	r3, [r1, #1]
10008740:	2b05      	cmp	r3, #5
10008742:	d000      	beq.n	10008746 <dcd_edpt0_status_complete+0xe>
10008744:	4770      	bx	lr
10008746:	788a      	ldrb	r2, [r1, #2]
10008748:	4b01      	ldr	r3, [pc, #4]	@ (10008750 <dcd_edpt0_status_complete+0x18>)
1000874a:	601a      	str	r2, [r3, #0]
1000874c:	e7fa      	b.n	10008744 <dcd_edpt0_status_complete+0xc>
1000874e:	46c0      	nop			@ (mov r8, r8)
10008750:	50110000 	.word	0x50110000

10008754 <dcd_edpt_open>:
10008754:	b5f0      	push	{r4, r5, r6, r7, lr}
10008756:	46c6      	mov	lr, r8
10008758:	78c8      	ldrb	r0, [r1, #3]
1000875a:	b500      	push	{lr}
1000875c:	0780      	lsls	r0, r0, #30
1000875e:	0f83      	lsrs	r3, r0, #30
10008760:	0018      	movs	r0, r3
10008762:	2b01      	cmp	r3, #1
10008764:	d060      	beq.n	10008828 <dcd_edpt_open+0xd4>
10008766:	788f      	ldrb	r7, [r1, #2]
10008768:	790a      	ldrb	r2, [r1, #4]
1000876a:	794b      	ldrb	r3, [r1, #5]
1000876c:	217f      	movs	r1, #127	@ 0x7f
1000876e:	4039      	ands	r1, r7
10008770:	09fc      	lsrs	r4, r7, #7
10008772:	021b      	lsls	r3, r3, #8
10008774:	004e      	lsls	r6, r1, #1
10008776:	4313      	orrs	r3, r2
10008778:	4d33      	ldr	r5, [pc, #204]	@ (10008848 <dcd_edpt_open+0xf4>)
1000877a:	1932      	adds	r2, r6, r4
1000877c:	0152      	lsls	r2, r2, #5
1000877e:	18aa      	adds	r2, r5, r2
10008780:	7097      	strb	r7, [r2, #2]
10008782:	2701      	movs	r7, #1
10008784:	4067      	eors	r7, r4
10008786:	7057      	strb	r7, [r2, #1]
10008788:	2700      	movs	r7, #0
1000878a:	055b      	lsls	r3, r3, #21
1000878c:	0d5b      	lsrs	r3, r3, #21
1000878e:	70d7      	strb	r7, [r2, #3]
10008790:	8313      	strh	r3, [r2, #24]
10008792:	76d0      	strb	r0, [r2, #27]
10008794:	46b8      	mov	r8, r7
10008796:	00ca      	lsls	r2, r1, #3
10008798:	2c01      	cmp	r4, #1
1000879a:	d032      	beq.n	10008802 <dcd_edpt_open+0xae>
1000879c:	4f2b      	ldr	r7, [pc, #172]	@ (1000884c <dcd_edpt_open+0xf8>)
1000879e:	46bc      	mov	ip, r7
100087a0:	018f      	lsls	r7, r1, #6
100087a2:	4462      	add	r2, ip
100087a4:	46bc      	mov	ip, r7
100087a6:	44ac      	add	ip, r5
100087a8:	4667      	mov	r7, ip
100087aa:	60ba      	str	r2, [r7, #8]
100087ac:	4647      	mov	r7, r8
100087ae:	6017      	str	r7, [r2, #0]
100087b0:	2900      	cmp	r1, #0
100087b2:	d032      	beq.n	1000881a <dcd_edpt_open+0xc6>
100087b4:	4a26      	ldr	r2, [pc, #152]	@ (10008850 <dcd_edpt_open+0xfc>)
100087b6:	00c9      	lsls	r1, r1, #3
100087b8:	4690      	mov	r8, r2
100087ba:	4662      	mov	r2, ip
100087bc:	4441      	add	r1, r8
100087be:	6051      	str	r1, [r2, #4]
100087c0:	223f      	movs	r2, #63	@ 0x3f
100087c2:	333f      	adds	r3, #63	@ 0x3f
100087c4:	4393      	bics	r3, r2
100087c6:	2802      	cmp	r0, #2
100087c8:	d037      	beq.n	1000883a <dcd_edpt_open+0xe6>
100087ca:	4922      	ldr	r1, [pc, #136]	@ (10008854 <dcd_edpt_open+0x100>)
100087cc:	1937      	adds	r7, r6, r4
100087ce:	680a      	ldr	r2, [r1, #0]
100087d0:	017f      	lsls	r7, r7, #5
100087d2:	18d3      	adds	r3, r2, r3
100087d4:	600b      	str	r3, [r1, #0]
100087d6:	4920      	ldr	r1, [pc, #128]	@ (10008858 <dcd_edpt_open+0x104>)
100087d8:	19ef      	adds	r7, r5, r7
100087da:	60fa      	str	r2, [r7, #12]
100087dc:	428b      	cmp	r3, r1
100087de:	d82e      	bhi.n	1000883e <dcd_edpt_open+0xea>
100087e0:	1936      	adds	r6, r6, r4
100087e2:	0176      	lsls	r6, r6, #5
100087e4:	19ad      	adds	r5, r5, r6
100087e6:	7eeb      	ldrb	r3, [r5, #27]
100087e8:	491c      	ldr	r1, [pc, #112]	@ (1000885c <dcd_edpt_open+0x108>)
100087ea:	069b      	lsls	r3, r3, #26
100087ec:	404a      	eors	r2, r1
100087ee:	4313      	orrs	r3, r2
100087f0:	2280      	movs	r2, #128	@ 0x80
100087f2:	0612      	lsls	r2, r2, #24
100087f4:	4313      	orrs	r3, r2
100087f6:	686a      	ldr	r2, [r5, #4]
100087f8:	6013      	str	r3, [r2, #0]
100087fa:	2001      	movs	r0, #1
100087fc:	bc80      	pop	{r7}
100087fe:	46b8      	mov	r8, r7
10008800:	bdf0      	pop	{r4, r5, r6, r7, pc}
10008802:	4f17      	ldr	r7, [pc, #92]	@ (10008860 <dcd_edpt_open+0x10c>)
10008804:	46bc      	mov	ip, r7
10008806:	018f      	lsls	r7, r1, #6
10008808:	4462      	add	r2, ip
1000880a:	46bc      	mov	ip, r7
1000880c:	44ac      	add	ip, r5
1000880e:	4667      	mov	r7, ip
10008810:	62ba      	str	r2, [r7, #40]	@ 0x28
10008812:	4647      	mov	r7, r8
10008814:	6017      	str	r7, [r2, #0]
10008816:	2900      	cmp	r1, #0
10008818:	d108      	bne.n	1000882c <dcd_edpt_open+0xd8>
1000881a:	2300      	movs	r3, #0
1000881c:	0164      	lsls	r4, r4, #5
1000881e:	192c      	adds	r4, r5, r4
10008820:	6063      	str	r3, [r4, #4]
10008822:	4b10      	ldr	r3, [pc, #64]	@ (10008864 <dcd_edpt_open+0x110>)
10008824:	60e3      	str	r3, [r4, #12]
10008826:	e7e8      	b.n	100087fa <dcd_edpt_open+0xa6>
10008828:	2000      	movs	r0, #0
1000882a:	e7e7      	b.n	100087fc <dcd_edpt_open+0xa8>
1000882c:	4a0b      	ldr	r2, [pc, #44]	@ (1000885c <dcd_edpt_open+0x108>)
1000882e:	00c9      	lsls	r1, r1, #3
10008830:	4690      	mov	r8, r2
10008832:	4662      	mov	r2, ip
10008834:	4441      	add	r1, r8
10008836:	6251      	str	r1, [r2, #36]	@ 0x24
10008838:	e7c2      	b.n	100087c0 <dcd_edpt_open+0x6c>
1000883a:	005b      	lsls	r3, r3, #1
1000883c:	e7c5      	b.n	100087ca <dcd_edpt_open+0x76>
1000883e:	f7fc fe5f 	bl	10005500 <hard_assertion_failure>
10008842:	68fa      	ldr	r2, [r7, #12]
10008844:	e7cc      	b.n	100087e0 <dcd_edpt_open+0x8c>
10008846:	46c0      	nop			@ (mov r8, r8)
10008848:	200099c4 	.word	0x200099c4
1000884c:	50100084 	.word	0x50100084
10008850:	50100004 	.word	0x50100004
10008854:	20009fcc 	.word	0x20009fcc
10008858:	50100fff 	.word	0x50100fff
1000885c:	50100000 	.word	0x50100000
10008860:	50100080 	.word	0x50100080
10008864:	50100100 	.word	0x50100100

10008868 <dcd_edpt_close_all>:
10008868:	b510      	push	{r4, lr}
1000886a:	f001 fed5 	bl	1000a618 <__reset_non_control_endpoints_veneer>
1000886e:	bd10      	pop	{r4, pc}

10008870 <dcd_edpt_xfer>:
10008870:	b510      	push	{r4, lr}
10008872:	207f      	movs	r0, #127	@ 0x7f
10008874:	000c      	movs	r4, r1
10008876:	4020      	ands	r0, r4
10008878:	0040      	lsls	r0, r0, #1
1000887a:	09e4      	lsrs	r4, r4, #7
1000887c:	0011      	movs	r1, r2
1000887e:	1900      	adds	r0, r0, r4
10008880:	001a      	movs	r2, r3
10008882:	4b03      	ldr	r3, [pc, #12]	@ (10008890 <dcd_edpt_xfer+0x20>)
10008884:	0140      	lsls	r0, r0, #5
10008886:	18c0      	adds	r0, r0, r3
10008888:	f000 f85a 	bl	10008940 <hw_endpoint_xfer_start>
1000888c:	2001      	movs	r0, #1
1000888e:	bd10      	pop	{r4, pc}
10008890:	200099c4 	.word	0x200099c4

10008894 <dcd_edpt_stall>:
10008894:	237f      	movs	r3, #127	@ 0x7f
10008896:	0018      	movs	r0, r3
10008898:	b500      	push	{lr}
1000889a:	4008      	ands	r0, r1
1000889c:	b083      	sub	sp, #12
1000889e:	420b      	tst	r3, r1
100088a0:	d104      	bne.n	100088ac <dcd_edpt_stall+0x18>
100088a2:	424b      	negs	r3, r1
100088a4:	414b      	adcs	r3, r1
100088a6:	4a08      	ldr	r2, [pc, #32]	@ (100088c8 <dcd_edpt_stall+0x34>)
100088a8:	3301      	adds	r3, #1
100088aa:	6693      	str	r3, [r2, #104]	@ 0x68
100088ac:	2280      	movs	r2, #128	@ 0x80
100088ae:	09c9      	lsrs	r1, r1, #7
100088b0:	0040      	lsls	r0, r0, #1
100088b2:	4b06      	ldr	r3, [pc, #24]	@ (100088cc <dcd_edpt_stall+0x38>)
100088b4:	1840      	adds	r0, r0, r1
100088b6:	0140      	lsls	r0, r0, #5
100088b8:	2100      	movs	r1, #0
100088ba:	18c0      	adds	r0, r0, r3
100088bc:	0112      	lsls	r2, r2, #4
100088be:	f001 fea3 	bl	1000a608 <___hw_endpoint_buffer_control_update32_veneer>
100088c2:	b003      	add	sp, #12
100088c4:	bd00      	pop	{pc}
100088c6:	46c0      	nop			@ (mov r8, r8)
100088c8:	50112000 	.word	0x50112000
100088cc:	200099c4 	.word	0x200099c4

100088d0 <dcd_edpt_clear_stall>:
100088d0:	227f      	movs	r2, #127	@ 0x7f
100088d2:	0013      	movs	r3, r2
100088d4:	b510      	push	{r4, lr}
100088d6:	400b      	ands	r3, r1
100088d8:	420a      	tst	r2, r1
100088da:	d100      	bne.n	100088de <dcd_edpt_clear_stall+0xe>
100088dc:	bd10      	pop	{r4, pc}
100088de:	09c9      	lsrs	r1, r1, #7
100088e0:	005b      	lsls	r3, r3, #1
100088e2:	185b      	adds	r3, r3, r1
100088e4:	4804      	ldr	r0, [pc, #16]	@ (100088f8 <dcd_edpt_clear_stall+0x28>)
100088e6:	015b      	lsls	r3, r3, #5
100088e8:	18c0      	adds	r0, r0, r3
100088ea:	2300      	movs	r3, #0
100088ec:	2200      	movs	r2, #0
100088ee:	4903      	ldr	r1, [pc, #12]	@ (100088fc <dcd_edpt_clear_stall+0x2c>)
100088f0:	70c3      	strb	r3, [r0, #3]
100088f2:	f001 fe89 	bl	1000a608 <___hw_endpoint_buffer_control_update32_veneer>
100088f6:	e7f1      	b.n	100088dc <dcd_edpt_clear_stall+0xc>
100088f8:	200099c4 	.word	0x200099c4
100088fc:	fffff7ff 	.word	0xfffff7ff

10008900 <rp2040_usb_init>:
10008900:	2280      	movs	r2, #128	@ 0x80
10008902:	4b0a      	ldr	r3, [pc, #40]	@ (1000892c <rp2040_usb_init+0x2c>)
10008904:	0452      	lsls	r2, r2, #17
10008906:	b510      	push	{r4, lr}
10008908:	601a      	str	r2, [r3, #0]
1000890a:	4b09      	ldr	r3, [pc, #36]	@ (10008930 <rp2040_usb_init+0x30>)
1000890c:	4909      	ldr	r1, [pc, #36]	@ (10008934 <rp2040_usb_init+0x34>)
1000890e:	601a      	str	r2, [r3, #0]
10008910:	0010      	movs	r0, r2
10008912:	680b      	ldr	r3, [r1, #0]
10008914:	4398      	bics	r0, r3
10008916:	d1fb      	bne.n	10008910 <rp2040_usb_init+0x10>
10008918:	2280      	movs	r2, #128	@ 0x80
1000891a:	2100      	movs	r1, #0
1000891c:	0152      	lsls	r2, r2, #5
1000891e:	4806      	ldr	r0, [pc, #24]	@ (10008938 <rp2040_usb_init+0x38>)
10008920:	f7fd fe42 	bl	100065a8 <__wrap_memset>
10008924:	2209      	movs	r2, #9
10008926:	4b05      	ldr	r3, [pc, #20]	@ (1000893c <rp2040_usb_init+0x3c>)
10008928:	675a      	str	r2, [r3, #116]	@ 0x74
1000892a:	bd10      	pop	{r4, pc}
1000892c:	4000e000 	.word	0x4000e000
10008930:	4000f000 	.word	0x4000f000
10008934:	4000c008 	.word	0x4000c008
10008938:	50100000 	.word	0x50100000
1000893c:	50110000 	.word	0x50110000

10008940 <hw_endpoint_xfer_start>:
10008940:	2300      	movs	r3, #0
10008942:	b510      	push	{r4, lr}
10008944:	82c3      	strh	r3, [r0, #22]
10008946:	3301      	adds	r3, #1
10008948:	8282      	strh	r2, [r0, #20]
1000894a:	7683      	strb	r3, [r0, #26]
1000894c:	6101      	str	r1, [r0, #16]
1000894e:	0004      	movs	r4, r0
10008950:	f001 fe32 	bl	1000a5b8 <__e15_is_bulkin_ep_veneer>
10008954:	2800      	cmp	r0, #0
10008956:	d004      	beq.n	10008962 <hw_endpoint_xfer_start+0x22>
10008958:	2180      	movs	r1, #128	@ 0x80
1000895a:	2390      	movs	r3, #144	@ 0x90
1000895c:	4a07      	ldr	r2, [pc, #28]	@ (1000897c <hw_endpoint_xfer_start+0x3c>)
1000895e:	0289      	lsls	r1, r1, #10
10008960:	50d1      	str	r1, [r2, r3]
10008962:	0020      	movs	r0, r4
10008964:	f001 fe18 	bl	1000a598 <__e15_is_critical_frame_period_veneer>
10008968:	2800      	cmp	r0, #0
1000896a:	d002      	beq.n	10008972 <hw_endpoint_xfer_start+0x32>
1000896c:	2301      	movs	r3, #1
1000896e:	7723      	strb	r3, [r4, #28]
10008970:	bd10      	pop	{r4, pc}
10008972:	0020      	movs	r0, r4
10008974:	f001 fe40 	bl	1000a5f8 <__hw_endpoint_start_next_buffer_veneer>
10008978:	e7fa      	b.n	10008970 <hw_endpoint_xfer_start+0x30>
1000897a:	46c0      	nop			@ (mov r8, r8)
1000897c:	50112000 	.word	0x50112000

10008980 <tud_vendor_control_xfer_cb>:
10008980:	2000      	movs	r0, #0
10008982:	4770      	bx	lr

10008984 <tud_event_hook_cb>:
10008984:	4770      	bx	lr
10008986:	46c0      	nop			@ (mov r8, r8)

10008988 <tud_sof_cb>:
10008988:	4770      	bx	lr
1000898a:	46c0      	nop			@ (mov r8, r8)

1000898c <tud_descriptor_bos_cb>:
1000898c:	2000      	movs	r0, #0
1000898e:	4770      	bx	lr

10008990 <tud_descriptor_device_qualifier_cb>:
10008990:	2000      	movs	r0, #0
10008992:	4770      	bx	lr

10008994 <tud_descriptor_other_speed_configuration_cb>:
10008994:	2000      	movs	r0, #0
10008996:	4770      	bx	lr

10008998 <tud_mount_cb>:
10008998:	4770      	bx	lr
1000899a:	46c0      	nop			@ (mov r8, r8)

1000899c <tud_umount_cb>:
1000899c:	4770      	bx	lr
1000899e:	46c0      	nop			@ (mov r8, r8)

100089a0 <tud_rhport_init>:
100089a0:	b5f0      	push	{r4, r5, r6, r7, lr}
100089a2:	46d6      	mov	lr, sl
100089a4:	464f      	mov	r7, r9
100089a6:	4646      	mov	r6, r8
100089a8:	b5c0      	push	{r6, r7, lr}
100089aa:	4b2d      	ldr	r3, [pc, #180]	@ (10008a60 <tud_rhport_init+0xc0>)
100089ac:	0007      	movs	r7, r0
100089ae:	469a      	mov	sl, r3
100089b0:	781b      	ldrb	r3, [r3, #0]
100089b2:	000e      	movs	r6, r1
100089b4:	2bff      	cmp	r3, #255	@ 0xff
100089b6:	d14d      	bne.n	10008a54 <tud_rhport_init+0xb4>
100089b8:	2900      	cmp	r1, #0
100089ba:	d03e      	beq.n	10008a3a <tud_rhport_init+0x9a>
100089bc:	2100      	movs	r1, #0
100089be:	2254      	movs	r2, #84	@ 0x54
100089c0:	4828      	ldr	r0, [pc, #160]	@ (10008a64 <tud_rhport_init+0xc4>)
100089c2:	f7fd fdf1 	bl	100065a8 <__wrap_memset>
100089c6:	2200      	movs	r2, #0
100089c8:	4c27      	ldr	r4, [pc, #156]	@ (10008a68 <tud_rhport_init+0xc8>)
100089ca:	4b28      	ldr	r3, [pc, #160]	@ (10008a6c <tud_rhport_init+0xcc>)
100089cc:	0020      	movs	r0, r4
100089ce:	701a      	strb	r2, [r3, #0]
100089d0:	f7fb ff58 	bl	10004884 <mutex_init>
100089d4:	4b26      	ldr	r3, [pc, #152]	@ (10008a70 <tud_rhport_init+0xd0>)
100089d6:	601c      	str	r4, [r3, #0]
100089d8:	4c26      	ldr	r4, [pc, #152]	@ (10008a74 <tud_rhport_init+0xd4>)
100089da:	0020      	movs	r0, r4
100089dc:	3c14      	subs	r4, #20
100089de:	f7fb ff5f 	bl	100048a0 <critical_section_init>
100089e2:	0020      	movs	r0, r4
100089e4:	f001 fc8e 	bl	1000a304 <tu_fifo_clear>
100089e8:	4b23      	ldr	r3, [pc, #140]	@ (10008a78 <tud_rhport_init+0xd8>)
100089ea:	4d24      	ldr	r5, [pc, #144]	@ (10008a7c <tud_rhport_init+0xdc>)
100089ec:	601c      	str	r4, [r3, #0]
100089ee:	4b24      	ldr	r3, [pc, #144]	@ (10008a80 <tud_rhport_init+0xe0>)
100089f0:	2b00      	cmp	r3, #0
100089f2:	d004      	beq.n	100089fe <tud_rhport_init+0x5e>
100089f4:	0028      	movs	r0, r5
100089f6:	e000      	b.n	100089fa <tud_rhport_init+0x5a>
100089f8:	bf00      	nop
100089fa:	4b22      	ldr	r3, [pc, #136]	@ (10008a84 <tud_rhport_init+0xe4>)
100089fc:	6018      	str	r0, [r3, #0]
100089fe:	4a22      	ldr	r2, [pc, #136]	@ (10008a88 <tud_rhport_init+0xe8>)
10008a00:	2400      	movs	r4, #0
10008a02:	4691      	mov	r9, r2
10008a04:	4a1f      	ldr	r2, [pc, #124]	@ (10008a84 <tud_rhport_init+0xe4>)
10008a06:	782b      	ldrb	r3, [r5, #0]
10008a08:	4690      	mov	r8, r2
10008a0a:	e00e      	b.n	10008a2a <tud_rhport_init+0x8a>
10008a0c:	4643      	mov	r3, r8
10008a0e:	681b      	ldr	r3, [r3, #0]
10008a10:	0162      	lsls	r2, r4, #5
10008a12:	189b      	adds	r3, r3, r2
10008a14:	2b00      	cmp	r3, #0
10008a16:	d010      	beq.n	10008a3a <tud_rhport_init+0x9a>
10008a18:	685b      	ldr	r3, [r3, #4]
10008a1a:	2b00      	cmp	r3, #0
10008a1c:	d00d      	beq.n	10008a3a <tud_rhport_init+0x9a>
10008a1e:	4798      	blx	r3
10008a20:	3401      	adds	r4, #1
10008a22:	782b      	ldrb	r3, [r5, #0]
10008a24:	b2e4      	uxtb	r4, r4
10008a26:	42a3      	cmp	r3, r4
10008a28:	d309      	bcc.n	10008a3e <tud_rhport_init+0x9e>
10008a2a:	42a3      	cmp	r3, r4
10008a2c:	d8ee      	bhi.n	10008a0c <tud_rhport_init+0x6c>
10008a2e:	1ae3      	subs	r3, r4, r3
10008a30:	015b      	lsls	r3, r3, #5
10008a32:	444b      	add	r3, r9
10008a34:	685b      	ldr	r3, [r3, #4]
10008a36:	2b00      	cmp	r3, #0
10008a38:	d1f1      	bne.n	10008a1e <tud_rhport_init+0x7e>
10008a3a:	2000      	movs	r0, #0
10008a3c:	e00b      	b.n	10008a56 <tud_rhport_init+0xb6>
10008a3e:	4653      	mov	r3, sl
10008a40:	0031      	movs	r1, r6
10008a42:	0038      	movs	r0, r7
10008a44:	701f      	strb	r7, [r3, #0]
10008a46:	f7ff fe11 	bl	1000866c <dcd_init>
10008a4a:	2800      	cmp	r0, #0
10008a4c:	d0f5      	beq.n	10008a3a <tud_rhport_init+0x9a>
10008a4e:	0038      	movs	r0, r7
10008a50:	f7ff fe54 	bl	100086fc <dcd_int_enable>
10008a54:	2001      	movs	r0, #1
10008a56:	bce0      	pop	{r5, r6, r7}
10008a58:	46ba      	mov	sl, r7
10008a5a:	46b1      	mov	r9, r6
10008a5c:	46a8      	mov	r8, r5
10008a5e:	bdf0      	pop	{r4, r5, r6, r7, pc}
10008a60:	20001074 	.word	0x20001074
10008a64:	20009698 	.word	0x20009698
10008a68:	20009690 	.word	0x20009690
10008a6c:	2001a41e 	.word	0x2001a41e
10008a70:	200096ec 	.word	0x200096ec
10008a74:	2000106c 	.word	0x2000106c
10008a78:	200096f0 	.word	0x200096f0
10008a7c:	2001a41c 	.word	0x2001a41c
10008a80:	00000000 	.word	0x00000000
10008a84:	200015b0 	.word	0x200015b0
10008a88:	1000be7c 	.word	0x1000be7c

10008a8c <tud_task_ext>:
10008a8c:	b5f0      	push	{r4, r5, r6, r7, lr}
10008a8e:	46de      	mov	lr, fp
10008a90:	4657      	mov	r7, sl
10008a92:	464e      	mov	r6, r9
10008a94:	4645      	mov	r5, r8
10008a96:	b5e0      	push	{r5, r6, r7, lr}
10008a98:	4bca      	ldr	r3, [pc, #808]	@ (10008dc4 <tud_task_ext+0x338>)
10008a9a:	b08f      	sub	sp, #60	@ 0x3c
10008a9c:	9303      	str	r3, [sp, #12]
10008a9e:	781b      	ldrb	r3, [r3, #0]
10008aa0:	2bff      	cmp	r3, #255	@ 0xff
10008aa2:	d100      	bne.n	10008aa6 <tud_task_ext+0x1a>
10008aa4:	e146      	b.n	10008d34 <tud_task_ext+0x2a8>
10008aa6:	4bc8      	ldr	r3, [pc, #800]	@ (10008dc8 <tud_task_ext+0x33c>)
10008aa8:	4ec8      	ldr	r6, [pc, #800]	@ (10008dcc <tud_task_ext+0x340>)
10008aaa:	469b      	mov	fp, r3
10008aac:	465f      	mov	r7, fp
10008aae:	4bc8      	ldr	r3, [pc, #800]	@ (10008dd0 <tud_task_ext+0x344>)
10008ab0:	ac0b      	add	r4, sp, #44	@ 0x2c
10008ab2:	9302      	str	r3, [sp, #8]
10008ab4:	4bc7      	ldr	r3, [pc, #796]	@ (10008dd4 <tud_task_ext+0x348>)
10008ab6:	9301      	str	r3, [sp, #4]
10008ab8:	6835      	ldr	r5, [r6, #0]
10008aba:	696a      	ldr	r2, [r5, #20]
10008abc:	f3ef 8110 	mrs	r1, PRIMASK
10008ac0:	b672      	cpsid	i
10008ac2:	6813      	ldr	r3, [r2, #0]
10008ac4:	2b00      	cmp	r3, #0
10008ac6:	d0fc      	beq.n	10008ac2 <tud_task_ext+0x36>
10008ac8:	f3bf 8f5f 	dmb	sy
10008acc:	61a9      	str	r1, [r5, #24]
10008ace:	0028      	movs	r0, r5
10008ad0:	0021      	movs	r1, r4
10008ad2:	f001 fb77 	bl	1000a1c4 <tu_fifo_read>
10008ad6:	696a      	ldr	r2, [r5, #20]
10008ad8:	69ab      	ldr	r3, [r5, #24]
10008ada:	f3bf 8f5f 	dmb	sy
10008ade:	2100      	movs	r1, #0
10008ae0:	6011      	str	r1, [r2, #0]
10008ae2:	f383 8810 	msr	PRIMASK, r3
10008ae6:	2800      	cmp	r0, #0
10008ae8:	d100      	bne.n	10008aec <tud_task_ext+0x60>
10008aea:	e123      	b.n	10008d34 <tud_task_ext+0x2a8>
10008aec:	7863      	ldrb	r3, [r4, #1]
10008aee:	2b08      	cmp	r3, #8
10008af0:	d8e2      	bhi.n	10008ab8 <tud_task_ext+0x2c>
10008af2:	009b      	lsls	r3, r3, #2
10008af4:	58fb      	ldr	r3, [r7, r3]
10008af6:	469f      	mov	pc, r3
10008af8:	6863      	ldr	r3, [r4, #4]
10008afa:	2b00      	cmp	r3, #0
10008afc:	d0dc      	beq.n	10008ab8 <tud_task_ext+0x2c>
10008afe:	68a0      	ldr	r0, [r4, #8]
10008b00:	4798      	blx	r3
10008b02:	e7d9      	b.n	10008ab8 <tud_task_ext+0x2c>
10008b04:	227f      	movs	r2, #127	@ 0x7f
10008b06:	7921      	ldrb	r1, [r4, #4]
10008b08:	4db1      	ldr	r5, [pc, #708]	@ (10008dd0 <tud_task_ext+0x344>)
10008b0a:	400a      	ands	r2, r1
10008b0c:	0053      	lsls	r3, r2, #1
10008b0e:	18eb      	adds	r3, r5, r3
10008b10:	4698      	mov	r8, r3
10008b12:	09c8      	lsrs	r0, r1, #7
10008b14:	4480      	add	r8, r0
10008b16:	4640      	mov	r0, r8
10008b18:	2301      	movs	r3, #1
10008b1a:	3030      	adds	r0, #48	@ 0x30
10008b1c:	7905      	ldrb	r5, [r0, #4]
10008b1e:	439d      	bics	r5, r3
10008b20:	7105      	strb	r5, [r0, #4]
10008b22:	7905      	ldrb	r5, [r0, #4]
10008b24:	3303      	adds	r3, #3
10008b26:	439d      	bics	r5, r3
10008b28:	7105      	strb	r5, [r0, #4]
10008b2a:	2a00      	cmp	r2, #0
10008b2c:	d100      	bne.n	10008b30 <tud_task_ext+0xa4>
10008b2e:	e108      	b.n	10008d42 <tud_task_ext+0x2b6>
10008b30:	4643      	mov	r3, r8
10008b32:	4aa9      	ldr	r2, [pc, #676]	@ (10008dd8 <tud_task_ext+0x34c>)
10008b34:	7d1b      	ldrb	r3, [r3, #20]
10008b36:	7812      	ldrb	r2, [r2, #0]
10008b38:	4293      	cmp	r3, r2
10008b3a:	d300      	bcc.n	10008b3e <tud_task_ext+0xb2>
10008b3c:	e0f8      	b.n	10008d30 <tud_task_ext+0x2a4>
10008b3e:	4aa7      	ldr	r2, [pc, #668]	@ (10008ddc <tud_task_ext+0x350>)
10008b40:	015b      	lsls	r3, r3, #5
10008b42:	6815      	ldr	r5, [r2, #0]
10008b44:	18ed      	adds	r5, r5, r3
10008b46:	2d00      	cmp	r5, #0
10008b48:	d100      	bne.n	10008b4c <tud_task_ext+0xc0>
10008b4a:	e0f3      	b.n	10008d34 <tud_task_ext+0x2a8>
10008b4c:	68a3      	ldr	r3, [r4, #8]
10008b4e:	7962      	ldrb	r2, [r4, #5]
10008b50:	7820      	ldrb	r0, [r4, #0]
10008b52:	69ad      	ldr	r5, [r5, #24]
10008b54:	47a8      	blx	r5
10008b56:	e7af      	b.n	10008ab8 <tud_task_ext+0x2c>
10008b58:	4aa1      	ldr	r2, [pc, #644]	@ (10008de0 <tud_task_ext+0x354>)
10008b5a:	7813      	ldrb	r3, [r2, #0]
10008b5c:	2b00      	cmp	r3, #0
10008b5e:	d100      	bne.n	10008b62 <tud_task_ext+0xd6>
10008b60:	e0e8      	b.n	10008d34 <tud_task_ext+0x2a8>
10008b62:	7813      	ldrb	r3, [r2, #0]
10008b64:	3b01      	subs	r3, #1
10008b66:	b2db      	uxtb	r3, r3
10008b68:	7013      	strb	r3, [r2, #0]
10008b6a:	7813      	ldrb	r3, [r2, #0]
10008b6c:	2b00      	cmp	r3, #0
10008b6e:	d1a3      	bne.n	10008ab8 <tud_task_ext+0x2c>
10008b70:	2201      	movs	r2, #1
10008b72:	4d97      	ldr	r5, [pc, #604]	@ (10008dd0 <tud_task_ext+0x344>)
10008b74:	2101      	movs	r1, #1
10008b76:	782b      	ldrb	r3, [r5, #0]
10008b78:	2004      	movs	r0, #4
10008b7a:	4313      	orrs	r3, r2
10008b7c:	702b      	strb	r3, [r5, #0]
10008b7e:	2334      	movs	r3, #52	@ 0x34
10008b80:	5cea      	ldrb	r2, [r5, r3]
10008b82:	438a      	bics	r2, r1
10008b84:	54ea      	strb	r2, [r5, r3]
10008b86:	5cea      	ldrb	r2, [r5, r3]
10008b88:	4382      	bics	r2, r0
10008b8a:	54ea      	strb	r2, [r5, r3]
10008b8c:	3301      	adds	r3, #1
10008b8e:	5cea      	ldrb	r2, [r5, r3]
10008b90:	438a      	bics	r2, r1
10008b92:	54ea      	strb	r2, [r5, r3]
10008b94:	5cea      	ldrb	r2, [r5, r3]
10008b96:	4382      	bics	r2, r0
10008b98:	54ea      	strb	r2, [r5, r3]
10008b9a:	7823      	ldrb	r3, [r4, #0]
10008b9c:	2000      	movs	r0, #0
10008b9e:	4698      	mov	r8, r3
10008ba0:	f000 fc74 	bl	1000948c <usbd_control_set_complete_callback>
10008ba4:	2260      	movs	r2, #96	@ 0x60
10008ba6:	7923      	ldrb	r3, [r4, #4]
10008ba8:	401a      	ands	r2, r3
10008baa:	2a60      	cmp	r2, #96	@ 0x60
10008bac:	d100      	bne.n	10008bb0 <tud_task_ext+0x124>
10008bae:	e0f3      	b.n	10008d98 <tud_task_ext+0x30c>
10008bb0:	2a40      	cmp	r2, #64	@ 0x40
10008bb2:	d100      	bne.n	10008bb6 <tud_task_ext+0x12a>
10008bb4:	e0f9      	b.n	10008daa <tud_task_ext+0x31e>
10008bb6:	06db      	lsls	r3, r3, #27
10008bb8:	0edb      	lsrs	r3, r3, #27
10008bba:	2b01      	cmp	r3, #1
10008bbc:	d100      	bne.n	10008bc0 <tud_task_ext+0x134>
10008bbe:	e117      	b.n	10008df0 <tud_task_ext+0x364>
10008bc0:	2b02      	cmp	r3, #2
10008bc2:	d100      	bne.n	10008bc6 <tud_task_ext+0x13a>
10008bc4:	e0cc      	b.n	10008d60 <tud_task_ext+0x2d4>
10008bc6:	2b00      	cmp	r3, #0
10008bc8:	d000      	beq.n	10008bcc <tud_task_ext+0x140>
10008bca:	e0e5      	b.n	10008d98 <tud_task_ext+0x30c>
10008bcc:	2a20      	cmp	r2, #32
10008bce:	d100      	bne.n	10008bd2 <tud_task_ext+0x146>
10008bd0:	e20f      	b.n	10008ff2 <tud_task_ext+0x566>
10008bd2:	2a00      	cmp	r2, #0
10008bd4:	d000      	beq.n	10008bd8 <tud_task_ext+0x14c>
10008bd6:	e0df      	b.n	10008d98 <tud_task_ext+0x30c>
10008bd8:	7963      	ldrb	r3, [r4, #5]
10008bda:	2b09      	cmp	r3, #9
10008bdc:	d900      	bls.n	10008be0 <tud_task_ext+0x154>
10008bde:	e0db      	b.n	10008d98 <tud_task_ext+0x30c>
10008be0:	4a80      	ldr	r2, [pc, #512]	@ (10008de4 <tud_task_ext+0x358>)
10008be2:	009b      	lsls	r3, r3, #2
10008be4:	58d3      	ldr	r3, [r2, r3]
10008be6:	469f      	mov	pc, r3
10008be8:	4d79      	ldr	r5, [pc, #484]	@ (10008dd0 <tud_task_ext+0x344>)
10008bea:	782b      	ldrb	r3, [r5, #0]
10008bec:	07db      	lsls	r3, r3, #31
10008bee:	d400      	bmi.n	10008bf2 <tud_task_ext+0x166>
10008bf0:	e762      	b.n	10008ab8 <tud_task_ext+0x2c>
10008bf2:	f7f7 fe13 	bl	1000081c <tud_resume_cb>
10008bf6:	e75f      	b.n	10008ab8 <tud_task_ext+0x2c>
10008bf8:	9b02      	ldr	r3, [sp, #8]
10008bfa:	78db      	ldrb	r3, [r3, #3]
10008bfc:	07db      	lsls	r3, r3, #31
10008bfe:	d400      	bmi.n	10008c02 <tud_task_ext+0x176>
10008c00:	e75a      	b.n	10008ab8 <tud_task_ext+0x2c>
10008c02:	6860      	ldr	r0, [r4, #4]
10008c04:	f7ff fec0 	bl	10008988 <tud_sof_cb>
10008c08:	e756      	b.n	10008ab8 <tud_task_ext+0x2c>
10008c0a:	4d71      	ldr	r5, [pc, #452]	@ (10008dd0 <tud_task_ext+0x344>)
10008c0c:	782b      	ldrb	r3, [r5, #0]
10008c0e:	07db      	lsls	r3, r3, #31
10008c10:	d400      	bmi.n	10008c14 <tud_task_ext+0x188>
10008c12:	e751      	b.n	10008ab8 <tud_task_ext+0x2c>
10008c14:	7828      	ldrb	r0, [r5, #0]
10008c16:	0700      	lsls	r0, r0, #28
10008c18:	0fc0      	lsrs	r0, r0, #31
10008c1a:	f7f7 fde7 	bl	100007ec <tud_suspend_cb>
10008c1e:	e74b      	b.n	10008ab8 <tud_task_ext+0x2c>
10008c20:	7823      	ldrb	r3, [r4, #0]
10008c22:	4a6c      	ldr	r2, [pc, #432]	@ (10008dd4 <tud_task_ext+0x348>)
10008c24:	4698      	mov	r8, r3
10008c26:	4693      	mov	fp, r2
10008c28:	4b6b      	ldr	r3, [pc, #428]	@ (10008dd8 <tud_task_ext+0x34c>)
10008c2a:	4a6c      	ldr	r2, [pc, #432]	@ (10008ddc <tud_task_ext+0x350>)
10008c2c:	4699      	mov	r9, r3
10008c2e:	0031      	movs	r1, r6
10008c30:	4692      	mov	sl, r2
10008c32:	003a      	movs	r2, r7
10008c34:	4646      	mov	r6, r8
10008c36:	464f      	mov	r7, r9
10008c38:	2500      	movs	r5, #0
10008c3a:	4691      	mov	r9, r2
10008c3c:	4688      	mov	r8, r1
10008c3e:	781b      	ldrb	r3, [r3, #0]
10008c40:	e00e      	b.n	10008c60 <tud_task_ext+0x1d4>
10008c42:	4653      	mov	r3, sl
10008c44:	681b      	ldr	r3, [r3, #0]
10008c46:	016a      	lsls	r2, r5, #5
10008c48:	189b      	adds	r3, r3, r2
10008c4a:	2b00      	cmp	r3, #0
10008c4c:	d100      	bne.n	10008c50 <tud_task_ext+0x1c4>
10008c4e:	e07e      	b.n	10008d4e <tud_task_ext+0x2c2>
10008c50:	68db      	ldr	r3, [r3, #12]
10008c52:	0030      	movs	r0, r6
10008c54:	4798      	blx	r3
10008c56:	3501      	adds	r5, #1
10008c58:	783b      	ldrb	r3, [r7, #0]
10008c5a:	b2ed      	uxtb	r5, r5
10008c5c:	42ab      	cmp	r3, r5
10008c5e:	d30c      	bcc.n	10008c7a <tud_task_ext+0x1ee>
10008c60:	429d      	cmp	r5, r3
10008c62:	d3ee      	bcc.n	10008c42 <tud_task_ext+0x1b6>
10008c64:	1aeb      	subs	r3, r5, r3
10008c66:	015b      	lsls	r3, r3, #5
10008c68:	445b      	add	r3, fp
10008c6a:	68db      	ldr	r3, [r3, #12]
10008c6c:	0030      	movs	r0, r6
10008c6e:	4798      	blx	r3
10008c70:	3501      	adds	r5, #1
10008c72:	783b      	ldrb	r3, [r7, #0]
10008c74:	b2ed      	uxtb	r5, r5
10008c76:	42ab      	cmp	r3, r5
10008c78:	d2f2      	bcs.n	10008c60 <tud_task_ext+0x1d4>
10008c7a:	4d55      	ldr	r5, [pc, #340]	@ (10008dd0 <tud_task_ext+0x344>)
10008c7c:	2254      	movs	r2, #84	@ 0x54
10008c7e:	2100      	movs	r1, #0
10008c80:	0028      	movs	r0, r5
10008c82:	f7fd fc91 	bl	100065a8 <__wrap_memset>
10008c86:	2210      	movs	r2, #16
10008c88:	21ff      	movs	r1, #255	@ 0xff
10008c8a:	1d28      	adds	r0, r5, #4
10008c8c:	f7fd fc8c 	bl	100065a8 <__wrap_memset>
10008c90:	0028      	movs	r0, r5
10008c92:	2220      	movs	r2, #32
10008c94:	21ff      	movs	r1, #255	@ 0xff
10008c96:	3014      	adds	r0, #20
10008c98:	4646      	mov	r6, r8
10008c9a:	464f      	mov	r7, r9
10008c9c:	f7fd fc84 	bl	100065a8 <__wrap_memset>
10008ca0:	f000 fbea 	bl	10009478 <usbd_control_reset>
10008ca4:	7923      	ldrb	r3, [r4, #4]
10008ca6:	70ab      	strb	r3, [r5, #2]
10008ca8:	e706      	b.n	10008ab8 <tud_task_ext+0x2c>
10008caa:	7823      	ldrb	r3, [r4, #0]
10008cac:	4a4b      	ldr	r2, [pc, #300]	@ (10008ddc <tud_task_ext+0x350>)
10008cae:	4698      	mov	r8, r3
10008cb0:	4b49      	ldr	r3, [pc, #292]	@ (10008dd8 <tud_task_ext+0x34c>)
10008cb2:	4692      	mov	sl, r2
10008cb4:	4699      	mov	r9, r3
10008cb6:	0032      	movs	r2, r6
10008cb8:	46bb      	mov	fp, r7
10008cba:	4646      	mov	r6, r8
10008cbc:	2500      	movs	r5, #0
10008cbe:	464f      	mov	r7, r9
10008cc0:	4690      	mov	r8, r2
10008cc2:	781b      	ldrb	r3, [r3, #0]
10008cc4:	e00d      	b.n	10008ce2 <tud_task_ext+0x256>
10008cc6:	4653      	mov	r3, sl
10008cc8:	681b      	ldr	r3, [r3, #0]
10008cca:	016a      	lsls	r2, r5, #5
10008ccc:	189b      	adds	r3, r3, r2
10008cce:	2b00      	cmp	r3, #0
10008cd0:	d041      	beq.n	10008d56 <tud_task_ext+0x2ca>
10008cd2:	68db      	ldr	r3, [r3, #12]
10008cd4:	0030      	movs	r0, r6
10008cd6:	4798      	blx	r3
10008cd8:	3501      	adds	r5, #1
10008cda:	783b      	ldrb	r3, [r7, #0]
10008cdc:	b2ed      	uxtb	r5, r5
10008cde:	42ab      	cmp	r3, r5
10008ce0:	d30e      	bcc.n	10008d00 <tud_task_ext+0x274>
10008ce2:	42ab      	cmp	r3, r5
10008ce4:	d8ef      	bhi.n	10008cc6 <tud_task_ext+0x23a>
10008ce6:	9a01      	ldr	r2, [sp, #4]
10008ce8:	1aeb      	subs	r3, r5, r3
10008cea:	4694      	mov	ip, r2
10008cec:	015b      	lsls	r3, r3, #5
10008cee:	4463      	add	r3, ip
10008cf0:	68db      	ldr	r3, [r3, #12]
10008cf2:	0030      	movs	r0, r6
10008cf4:	4798      	blx	r3
10008cf6:	3501      	adds	r5, #1
10008cf8:	783b      	ldrb	r3, [r7, #0]
10008cfa:	b2ed      	uxtb	r5, r5
10008cfc:	42ab      	cmp	r3, r5
10008cfe:	d2f0      	bcs.n	10008ce2 <tud_task_ext+0x256>
10008d00:	9d02      	ldr	r5, [sp, #8]
10008d02:	2254      	movs	r2, #84	@ 0x54
10008d04:	2100      	movs	r1, #0
10008d06:	0028      	movs	r0, r5
10008d08:	f7fd fc4e 	bl	100065a8 <__wrap_memset>
10008d0c:	2210      	movs	r2, #16
10008d0e:	21ff      	movs	r1, #255	@ 0xff
10008d10:	4835      	ldr	r0, [pc, #212]	@ (10008de8 <tud_task_ext+0x35c>)
10008d12:	f7fd fc49 	bl	100065a8 <__wrap_memset>
10008d16:	0028      	movs	r0, r5
10008d18:	2220      	movs	r2, #32
10008d1a:	21ff      	movs	r1, #255	@ 0xff
10008d1c:	3014      	adds	r0, #20
10008d1e:	4646      	mov	r6, r8
10008d20:	465f      	mov	r7, fp
10008d22:	f7fd fc41 	bl	100065a8 <__wrap_memset>
10008d26:	f000 fba7 	bl	10009478 <usbd_control_reset>
10008d2a:	f7ff fe37 	bl	1000899c <tud_umount_cb>
10008d2e:	e6c3      	b.n	10008ab8 <tud_task_ext+0x2c>
10008d30:	4293      	cmp	r3, r2
10008d32:	d013      	beq.n	10008d5c <tud_task_ext+0x2d0>
10008d34:	b00f      	add	sp, #60	@ 0x3c
10008d36:	bcf0      	pop	{r4, r5, r6, r7}
10008d38:	46bb      	mov	fp, r7
10008d3a:	46b2      	mov	sl, r6
10008d3c:	46a9      	mov	r9, r5
10008d3e:	46a0      	mov	r8, r4
10008d40:	bdf0      	pop	{r4, r5, r6, r7, pc}
10008d42:	68a3      	ldr	r3, [r4, #8]
10008d44:	7962      	ldrb	r2, [r4, #5]
10008d46:	7820      	ldrb	r0, [r4, #0]
10008d48:	f000 fbb4 	bl	100094b4 <usbd_control_xfer_cb>
10008d4c:	e6b4      	b.n	10008ab8 <tud_task_ext+0x2c>
10008d4e:	4646      	mov	r6, r8
10008d50:	464f      	mov	r7, r9
10008d52:	4d1f      	ldr	r5, [pc, #124]	@ (10008dd0 <tud_task_ext+0x344>)
10008d54:	e7a4      	b.n	10008ca0 <tud_task_ext+0x214>
10008d56:	4646      	mov	r6, r8
10008d58:	465f      	mov	r7, fp
10008d5a:	e7e4      	b.n	10008d26 <tud_task_ext+0x29a>
10008d5c:	4d1d      	ldr	r5, [pc, #116]	@ (10008dd4 <tud_task_ext+0x348>)
10008d5e:	e6f5      	b.n	10008b4c <tud_task_ext+0xc0>
10008d60:	2370      	movs	r3, #112	@ 0x70
10008d62:	7a21      	ldrb	r1, [r4, #8]
10008d64:	420b      	tst	r3, r1
10008d66:	d117      	bne.n	10008d98 <tud_task_ext+0x30c>
10008d68:	09c8      	lsrs	r0, r1, #7
10008d6a:	4683      	mov	fp, r0
10008d6c:	330f      	adds	r3, #15
10008d6e:	400b      	ands	r3, r1
10008d70:	005b      	lsls	r3, r3, #1
10008d72:	4699      	mov	r9, r3
10008d74:	4818      	ldr	r0, [pc, #96]	@ (10008dd8 <tud_task_ext+0x34c>)
10008d76:	18eb      	adds	r3, r5, r3
10008d78:	445b      	add	r3, fp
10008d7a:	7d1b      	ldrb	r3, [r3, #20]
10008d7c:	7800      	ldrb	r0, [r0, #0]
10008d7e:	4283      	cmp	r3, r0
10008d80:	d261      	bcs.n	10008e46 <tud_task_ext+0x3ba>
10008d82:	4816      	ldr	r0, [pc, #88]	@ (10008ddc <tud_task_ext+0x350>)
10008d84:	015b      	lsls	r3, r3, #5
10008d86:	6800      	ldr	r0, [r0, #0]
10008d88:	4682      	mov	sl, r0
10008d8a:	449a      	add	sl, r3
10008d8c:	2a00      	cmp	r2, #0
10008d8e:	d100      	bne.n	10008d92 <tud_task_ext+0x306>
10008d90:	e14e      	b.n	10009030 <tud_task_ext+0x5a4>
10008d92:	4653      	mov	r3, sl
10008d94:	2b00      	cmp	r3, #0
10008d96:	d15e      	bne.n	10008e56 <tud_task_ext+0x3ca>
10008d98:	7820      	ldrb	r0, [r4, #0]
10008d9a:	2100      	movs	r1, #0
10008d9c:	f7ff fd7a 	bl	10008894 <dcd_edpt_stall>
10008da0:	2180      	movs	r1, #128	@ 0x80
10008da2:	7820      	ldrb	r0, [r4, #0]
10008da4:	f7ff fd76 	bl	10008894 <dcd_edpt_stall>
10008da8:	e686      	b.n	10008ab8 <tud_task_ext+0x2c>
10008daa:	4810      	ldr	r0, [pc, #64]	@ (10008dec <tud_task_ext+0x360>)
10008dac:	f000 fb6e 	bl	1000948c <usbd_control_set_complete_callback>
10008db0:	2101      	movs	r1, #1
10008db2:	4640      	mov	r0, r8
10008db4:	aa0c      	add	r2, sp, #48	@ 0x30
10008db6:	f7ff fde3 	bl	10008980 <tud_vendor_control_xfer_cb>
10008dba:	2800      	cmp	r0, #0
10008dbc:	d000      	beq.n	10008dc0 <tud_task_ext+0x334>
10008dbe:	e67b      	b.n	10008ab8 <tud_task_ext+0x2c>
10008dc0:	e7ea      	b.n	10008d98 <tud_task_ext+0x30c>
10008dc2:	46c0      	nop			@ (mov r8, r8)
10008dc4:	20001074 	.word	0x20001074
10008dc8:	1000bdd4 	.word	0x1000bdd4
10008dcc:	200096f0 	.word	0x200096f0
10008dd0:	20009698 	.word	0x20009698
10008dd4:	1000be7c 	.word	0x1000be7c
10008dd8:	2001a41c 	.word	0x2001a41c
10008ddc:	200015b0 	.word	0x200015b0
10008de0:	2001a41e 	.word	0x2001a41e
10008de4:	1000bdf8 	.word	0x1000bdf8
10008de8:	2000969c 	.word	0x2000969c
10008dec:	10008981 	.word	0x10008981
10008df0:	7a23      	ldrb	r3, [r4, #8]
10008df2:	2b0f      	cmp	r3, #15
10008df4:	d8d0      	bhi.n	10008d98 <tud_task_ext+0x30c>
10008df6:	4ad5      	ldr	r2, [pc, #852]	@ (1000914c <tud_task_ext+0x6c0>)
10008df8:	18eb      	adds	r3, r5, r3
10008dfa:	791b      	ldrb	r3, [r3, #4]
10008dfc:	7812      	ldrb	r2, [r2, #0]
10008dfe:	4293      	cmp	r3, r2
10008e00:	d334      	bcc.n	10008e6c <tud_task_ext+0x3e0>
10008e02:	d1c9      	bne.n	10008d98 <tud_task_ext+0x30c>
10008e04:	4dd2      	ldr	r5, [pc, #840]	@ (10009150 <tud_task_ext+0x6c4>)
10008e06:	6968      	ldr	r0, [r5, #20]
10008e08:	f000 fb40 	bl	1000948c <usbd_control_set_complete_callback>
10008e0c:	2101      	movs	r1, #1
10008e0e:	4640      	mov	r0, r8
10008e10:	696b      	ldr	r3, [r5, #20]
10008e12:	aa0c      	add	r2, sp, #48	@ 0x30
10008e14:	4798      	blx	r3
10008e16:	2800      	cmp	r0, #0
10008e18:	d000      	beq.n	10008e1c <tud_task_ext+0x390>
10008e1a:	e64d      	b.n	10008ab8 <tud_task_ext+0x2c>
10008e1c:	2260      	movs	r2, #96	@ 0x60
10008e1e:	0015      	movs	r5, r2
10008e20:	7923      	ldrb	r3, [r4, #4]
10008e22:	401d      	ands	r5, r3
10008e24:	421a      	tst	r2, r3
10008e26:	d1b7      	bne.n	10008d98 <tud_task_ext+0x30c>
10008e28:	7963      	ldrb	r3, [r4, #5]
10008e2a:	3b0a      	subs	r3, #10
10008e2c:	2b01      	cmp	r3, #1
10008e2e:	d8b3      	bhi.n	10008d98 <tud_task_ext+0x30c>
10008e30:	f000 fb2c 	bl	1000948c <usbd_control_set_complete_callback>
10008e34:	7963      	ldrb	r3, [r4, #5]
10008e36:	2b0a      	cmp	r3, #10
10008e38:	d100      	bne.n	10008e3c <tud_task_ext+0x3b0>
10008e3a:	e17d      	b.n	10009138 <tud_task_ext+0x6ac>
10008e3c:	4640      	mov	r0, r8
10008e3e:	a90c      	add	r1, sp, #48	@ 0x30
10008e40:	f000 fab0 	bl	100093a4 <tud_control_status>
10008e44:	e638      	b.n	10008ab8 <tud_task_ext+0x2c>
10008e46:	4283      	cmp	r3, r0
10008e48:	d000      	beq.n	10008e4c <tud_task_ext+0x3c0>
10008e4a:	e0ec      	b.n	10009026 <tud_task_ext+0x59a>
10008e4c:	4bc0      	ldr	r3, [pc, #768]	@ (10009150 <tud_task_ext+0x6c4>)
10008e4e:	469a      	mov	sl, r3
10008e50:	2a00      	cmp	r2, #0
10008e52:	d100      	bne.n	10008e56 <tud_task_ext+0x3ca>
10008e54:	e0ec      	b.n	10009030 <tud_task_ext+0x5a4>
10008e56:	4653      	mov	r3, sl
10008e58:	6958      	ldr	r0, [r3, #20]
10008e5a:	f000 fb17 	bl	1000948c <usbd_control_set_complete_callback>
10008e5e:	4653      	mov	r3, sl
10008e60:	2101      	movs	r1, #1
10008e62:	4640      	mov	r0, r8
10008e64:	695b      	ldr	r3, [r3, #20]
10008e66:	aa0c      	add	r2, sp, #48	@ 0x30
10008e68:	4798      	blx	r3
10008e6a:	e7a6      	b.n	10008dba <tud_task_ext+0x32e>
10008e6c:	4ab9      	ldr	r2, [pc, #740]	@ (10009154 <tud_task_ext+0x6c8>)
10008e6e:	015b      	lsls	r3, r3, #5
10008e70:	6815      	ldr	r5, [r2, #0]
10008e72:	18ed      	adds	r5, r5, r3
10008e74:	2d00      	cmp	r5, #0
10008e76:	d1c6      	bne.n	10008e06 <tud_task_ext+0x37a>
10008e78:	e78e      	b.n	10008d98 <tud_task_ext+0x30c>
10008e7a:	79a3      	ldrb	r3, [r4, #6]
10008e7c:	469a      	mov	sl, r3
10008e7e:	786b      	ldrb	r3, [r5, #1]
10008e80:	459a      	cmp	sl, r3
10008e82:	d0db      	beq.n	10008e3c <tud_task_ext+0x3b0>
10008e84:	786b      	ldrb	r3, [r5, #1]
10008e86:	2b00      	cmp	r3, #0
10008e88:	d000      	beq.n	10008e8c <tud_task_ext+0x400>
10008e8a:	e128      	b.n	100090de <tud_task_ext+0x652>
10008e8c:	4653      	mov	r3, sl
10008e8e:	706b      	strb	r3, [r5, #1]
10008e90:	2b00      	cmp	r3, #0
10008e92:	d100      	bne.n	10008e96 <tud_task_ext+0x40a>
10008e94:	e120      	b.n	100090d8 <tud_task_ext+0x64c>
10008e96:	4650      	mov	r0, sl
10008e98:	3801      	subs	r0, #1
10008e9a:	b2c0      	uxtb	r0, r0
10008e9c:	f7fa fb1e 	bl	100034dc <tud_descriptor_configuration_cb>
10008ea0:	2800      	cmp	r0, #0
10008ea2:	d100      	bne.n	10008ea6 <tud_task_ext+0x41a>
10008ea4:	e171      	b.n	1000918a <tud_task_ext+0x6fe>
10008ea6:	7843      	ldrb	r3, [r0, #1]
10008ea8:	2b02      	cmp	r3, #2
10008eaa:	d000      	beq.n	10008eae <tud_task_ext+0x422>
10008eac:	e16d      	b.n	1000918a <tud_task_ext+0x6fe>
10008eae:	2201      	movs	r2, #1
10008eb0:	79c1      	ldrb	r1, [r0, #7]
10008eb2:	46a9      	mov	r9, r5
10008eb4:	118b      	asrs	r3, r1, #6
10008eb6:	1149      	asrs	r1, r1, #5
10008eb8:	4013      	ands	r3, r2
10008eba:	400a      	ands	r2, r1
10008ebc:	2130      	movs	r1, #48	@ 0x30
10008ebe:	0112      	lsls	r2, r2, #4
10008ec0:	015b      	lsls	r3, r3, #5
10008ec2:	4313      	orrs	r3, r2
10008ec4:	782a      	ldrb	r2, [r5, #0]
10008ec6:	438a      	bics	r2, r1
10008ec8:	4313      	orrs	r3, r2
10008eca:	702b      	strb	r3, [r5, #0]
10008ecc:	2309      	movs	r3, #9
10008ece:	469b      	mov	fp, r3
10008ed0:	4483      	add	fp, r0
10008ed2:	465d      	mov	r5, fp
10008ed4:	46b3      	mov	fp, r6
10008ed6:	78c3      	ldrb	r3, [r0, #3]
10008ed8:	7882      	ldrb	r2, [r0, #2]
10008eda:	021b      	lsls	r3, r3, #8
10008edc:	4313      	orrs	r3, r2
10008ede:	18c3      	adds	r3, r0, r3
10008ee0:	9306      	str	r3, [sp, #24]
10008ee2:	4b9a      	ldr	r3, [pc, #616]	@ (1000914c <tud_task_ext+0x6c0>)
10008ee4:	9704      	str	r7, [sp, #16]
10008ee6:	9305      	str	r3, [sp, #20]
10008ee8:	4b99      	ldr	r3, [pc, #612]	@ (10009150 <tud_task_ext+0x6c4>)
10008eea:	9308      	str	r3, [sp, #32]
10008eec:	4b99      	ldr	r3, [pc, #612]	@ (10009154 <tud_task_ext+0x6c8>)
10008eee:	469a      	mov	sl, r3
10008ef0:	4b99      	ldr	r3, [pc, #612]	@ (10009158 <tud_task_ext+0x6cc>)
10008ef2:	9309      	str	r3, [sp, #36]	@ 0x24
10008ef4:	9b06      	ldr	r3, [sp, #24]
10008ef6:	42ab      	cmp	r3, r5
10008ef8:	d800      	bhi.n	10008efc <tud_task_ext+0x470>
10008efa:	e149      	b.n	10009190 <tud_task_ext+0x704>
10008efc:	786b      	ldrb	r3, [r5, #1]
10008efe:	2201      	movs	r2, #1
10008f00:	2b0b      	cmp	r3, #11
10008f02:	d103      	bne.n	10008f0c <tud_task_ext+0x480>
10008f04:	782b      	ldrb	r3, [r5, #0]
10008f06:	78ea      	ldrb	r2, [r5, #3]
10008f08:	18ed      	adds	r5, r5, r3
10008f0a:	786b      	ldrb	r3, [r5, #1]
10008f0c:	2b04      	cmp	r3, #4
10008f0e:	d000      	beq.n	10008f12 <tud_task_ext+0x486>
10008f10:	e138      	b.n	10009184 <tud_task_ext+0x6f8>
10008f12:	9b06      	ldr	r3, [sp, #24]
10008f14:	2600      	movs	r6, #0
10008f16:	1b5b      	subs	r3, r3, r5
10008f18:	b29b      	uxth	r3, r3
10008f1a:	9307      	str	r3, [sp, #28]
10008f1c:	9b05      	ldr	r3, [sp, #20]
10008f1e:	0017      	movs	r7, r2
10008f20:	781b      	ldrb	r3, [r3, #0]
10008f22:	e018      	b.n	10008f56 <tud_task_ext+0x4ca>
10008f24:	4653      	mov	r3, sl
10008f26:	681b      	ldr	r3, [r3, #0]
10008f28:	0172      	lsls	r2, r6, #5
10008f2a:	189b      	adds	r3, r3, r2
10008f2c:	2b00      	cmp	r3, #0
10008f2e:	d100      	bne.n	10008f32 <tud_task_ext+0x4a6>
10008f30:	e128      	b.n	10009184 <tud_task_ext+0x6f8>
10008f32:	0029      	movs	r1, r5
10008f34:	4640      	mov	r0, r8
10008f36:	691b      	ldr	r3, [r3, #16]
10008f38:	9a07      	ldr	r2, [sp, #28]
10008f3a:	4798      	blx	r3
10008f3c:	2808      	cmp	r0, #8
10008f3e:	d903      	bls.n	10008f48 <tud_task_ext+0x4bc>
10008f40:	9b07      	ldr	r3, [sp, #28]
10008f42:	4283      	cmp	r3, r0
10008f44:	d300      	bcc.n	10008f48 <tud_task_ext+0x4bc>
10008f46:	e10b      	b.n	10009160 <tud_task_ext+0x6d4>
10008f48:	9b05      	ldr	r3, [sp, #20]
10008f4a:	3601      	adds	r6, #1
10008f4c:	781b      	ldrb	r3, [r3, #0]
10008f4e:	b2f6      	uxtb	r6, r6
10008f50:	42b3      	cmp	r3, r6
10008f52:	d200      	bcs.n	10008f56 <tud_task_ext+0x4ca>
10008f54:	e116      	b.n	10009184 <tud_task_ext+0x6f8>
10008f56:	42b3      	cmp	r3, r6
10008f58:	d8e4      	bhi.n	10008f24 <tud_task_ext+0x498>
10008f5a:	9a08      	ldr	r2, [sp, #32]
10008f5c:	1af3      	subs	r3, r6, r3
10008f5e:	4694      	mov	ip, r2
10008f60:	015b      	lsls	r3, r3, #5
10008f62:	4463      	add	r3, ip
10008f64:	e7e5      	b.n	10008f32 <tud_task_ext+0x4a6>
10008f66:	786b      	ldrb	r3, [r5, #1]
10008f68:	aa0a      	add	r2, sp, #40	@ 0x28
10008f6a:	3202      	adds	r2, #2
10008f6c:	7013      	strb	r3, [r2, #0]
10008f6e:	4640      	mov	r0, r8
10008f70:	2301      	movs	r3, #1
10008f72:	a90c      	add	r1, sp, #48	@ 0x30
10008f74:	f000 fa2c 	bl	100093d0 <tud_control_xfer>
10008f78:	e59e      	b.n	10008ab8 <tud_task_ext+0x2c>
10008f7a:	88e3      	ldrh	r3, [r4, #6]
10008f7c:	0a1a      	lsrs	r2, r3, #8
10008f7e:	b2d8      	uxtb	r0, r3
10008f80:	2a0f      	cmp	r2, #15
10008f82:	d900      	bls.n	10008f86 <tud_task_ext+0x4fa>
10008f84:	e708      	b.n	10008d98 <tud_task_ext+0x30c>
10008f86:	4975      	ldr	r1, [pc, #468]	@ (1000915c <tud_task_ext+0x6d0>)
10008f88:	0093      	lsls	r3, r2, #2
10008f8a:	58cb      	ldr	r3, [r1, r3]
10008f8c:	469f      	mov	pc, r3
10008f8e:	a80c      	add	r0, sp, #48	@ 0x30
10008f90:	f000 fa82 	bl	10009498 <usbd_control_set_request>
10008f94:	4640      	mov	r0, r8
10008f96:	79a1      	ldrb	r1, [r4, #6]
10008f98:	f7ff fbb6 	bl	10008708 <dcd_set_address>
10008f9c:	2202      	movs	r2, #2
10008f9e:	782b      	ldrb	r3, [r5, #0]
10008fa0:	4313      	orrs	r3, r2
10008fa2:	702b      	strb	r3, [r5, #0]
10008fa4:	e588      	b.n	10008ab8 <tud_task_ext+0x2c>
10008fa6:	88e3      	ldrh	r3, [r4, #6]
10008fa8:	2b01      	cmp	r3, #1
10008faa:	d000      	beq.n	10008fae <tud_task_ext+0x522>
10008fac:	e6f4      	b.n	10008d98 <tud_task_ext+0x30c>
10008fae:	2208      	movs	r2, #8
10008fb0:	782b      	ldrb	r3, [r5, #0]
10008fb2:	4640      	mov	r0, r8
10008fb4:	4393      	bics	r3, r2
10008fb6:	a90c      	add	r1, sp, #48	@ 0x30
10008fb8:	702b      	strb	r3, [r5, #0]
10008fba:	f000 f9f3 	bl	100093a4 <tud_control_status>
10008fbe:	e57b      	b.n	10008ab8 <tud_task_ext+0x2c>
10008fc0:	2002      	movs	r0, #2
10008fc2:	7829      	ldrb	r1, [r5, #0]
10008fc4:	ab0a      	add	r3, sp, #40	@ 0x28
10008fc6:	1c9a      	adds	r2, r3, #2
10008fc8:	068b      	lsls	r3, r1, #26
10008fca:	0889      	lsrs	r1, r1, #2
10008fcc:	0fdb      	lsrs	r3, r3, #31
10008fce:	4001      	ands	r1, r0
10008fd0:	430b      	orrs	r3, r1
10008fd2:	8013      	strh	r3, [r2, #0]
10008fd4:	4640      	mov	r0, r8
10008fd6:	2302      	movs	r3, #2
10008fd8:	a90c      	add	r1, sp, #48	@ 0x30
10008fda:	f000 f9f9 	bl	100093d0 <tud_control_xfer>
10008fde:	e56b      	b.n	10008ab8 <tud_task_ext+0x2c>
10008fe0:	88e3      	ldrh	r3, [r4, #6]
10008fe2:	2b01      	cmp	r3, #1
10008fe4:	d000      	beq.n	10008fe8 <tud_task_ext+0x55c>
10008fe6:	e6d7      	b.n	10008d98 <tud_task_ext+0x30c>
10008fe8:	2208      	movs	r2, #8
10008fea:	782b      	ldrb	r3, [r5, #0]
10008fec:	4313      	orrs	r3, r2
10008fee:	702b      	strb	r3, [r5, #0]
10008ff0:	e724      	b.n	10008e3c <tud_task_ext+0x3b0>
10008ff2:	7a23      	ldrb	r3, [r4, #8]
10008ff4:	2b0f      	cmp	r3, #15
10008ff6:	d900      	bls.n	10008ffa <tud_task_ext+0x56e>
10008ff8:	e6ce      	b.n	10008d98 <tud_task_ext+0x30c>
10008ffa:	4a54      	ldr	r2, [pc, #336]	@ (1000914c <tud_task_ext+0x6c0>)
10008ffc:	18eb      	adds	r3, r5, r3
10008ffe:	791b      	ldrb	r3, [r3, #4]
10009000:	7812      	ldrb	r2, [r2, #0]
10009002:	4293      	cmp	r3, r2
10009004:	d228      	bcs.n	10009058 <tud_task_ext+0x5cc>
10009006:	4a53      	ldr	r2, [pc, #332]	@ (10009154 <tud_task_ext+0x6c8>)
10009008:	015b      	lsls	r3, r3, #5
1000900a:	6815      	ldr	r5, [r2, #0]
1000900c:	18ed      	adds	r5, r5, r3
1000900e:	2d00      	cmp	r5, #0
10009010:	d100      	bne.n	10009014 <tud_task_ext+0x588>
10009012:	e6c1      	b.n	10008d98 <tud_task_ext+0x30c>
10009014:	6968      	ldr	r0, [r5, #20]
10009016:	f000 fa39 	bl	1000948c <usbd_control_set_complete_callback>
1000901a:	2101      	movs	r1, #1
1000901c:	4640      	mov	r0, r8
1000901e:	696b      	ldr	r3, [r5, #20]
10009020:	aa0c      	add	r2, sp, #48	@ 0x30
10009022:	4798      	blx	r3
10009024:	e6c9      	b.n	10008dba <tud_task_ext+0x32e>
10009026:	2a00      	cmp	r2, #0
10009028:	d000      	beq.n	1000902c <tud_task_ext+0x5a0>
1000902a:	e6b5      	b.n	10008d98 <tud_task_ext+0x30c>
1000902c:	2300      	movs	r3, #0
1000902e:	469a      	mov	sl, r3
10009030:	7962      	ldrb	r2, [r4, #5]
10009032:	2002      	movs	r0, #2
10009034:	0013      	movs	r3, r2
10009036:	9204      	str	r2, [sp, #16]
10009038:	4383      	bics	r3, r0
1000903a:	2b01      	cmp	r3, #1
1000903c:	d011      	beq.n	10009062 <tud_task_ext+0x5d6>
1000903e:	2a00      	cmp	r2, #0
10009040:	d000      	beq.n	10009044 <tud_task_ext+0x5b8>
10009042:	e6a9      	b.n	10008d98 <tud_task_ext+0x30c>
10009044:	002b      	movs	r3, r5
10009046:	444b      	add	r3, r9
10009048:	445b      	add	r3, fp
1000904a:	3330      	adds	r3, #48	@ 0x30
1000904c:	791b      	ldrb	r3, [r3, #4]
1000904e:	aa0a      	add	r2, sp, #40	@ 0x28
10009050:	079b      	lsls	r3, r3, #30
10009052:	0fdb      	lsrs	r3, r3, #31
10009054:	3202      	adds	r2, #2
10009056:	e7bc      	b.n	10008fd2 <tud_task_ext+0x546>
10009058:	4293      	cmp	r3, r2
1000905a:	d000      	beq.n	1000905e <tud_task_ext+0x5d2>
1000905c:	e69c      	b.n	10008d98 <tud_task_ext+0x30c>
1000905e:	4d3c      	ldr	r5, [pc, #240]	@ (10009150 <tud_task_ext+0x6c4>)
10009060:	e7d8      	b.n	10009014 <tud_task_ext+0x588>
10009062:	88e3      	ldrh	r3, [r4, #6]
10009064:	2b00      	cmp	r3, #0
10009066:	d112      	bne.n	1000908e <tud_task_ext+0x602>
10009068:	9b03      	ldr	r3, [sp, #12]
1000906a:	7818      	ldrb	r0, [r3, #0]
1000906c:	9b04      	ldr	r3, [sp, #16]
1000906e:	2b01      	cmp	r3, #1
10009070:	d023      	beq.n	100090ba <tud_task_ext+0x62e>
10009072:	f7ff fc0f 	bl	10008894 <dcd_edpt_stall>
10009076:	464b      	mov	r3, r9
10009078:	2102      	movs	r1, #2
1000907a:	18eb      	adds	r3, r5, r3
1000907c:	445b      	add	r3, fp
1000907e:	3330      	adds	r3, #48	@ 0x30
10009080:	791a      	ldrb	r2, [r3, #4]
10009082:	430a      	orrs	r2, r1
10009084:	2101      	movs	r1, #1
10009086:	711a      	strb	r2, [r3, #4]
10009088:	791a      	ldrb	r2, [r3, #4]
1000908a:	430a      	orrs	r2, r1
1000908c:	711a      	strb	r2, [r3, #4]
1000908e:	4653      	mov	r3, sl
10009090:	2b00      	cmp	r3, #0
10009092:	d100      	bne.n	10009096 <tud_task_ext+0x60a>
10009094:	e510      	b.n	10008ab8 <tud_task_ext+0x2c>
10009096:	6958      	ldr	r0, [r3, #20]
10009098:	f000 f9f8 	bl	1000948c <usbd_control_set_complete_callback>
1000909c:	4653      	mov	r3, sl
1000909e:	2101      	movs	r1, #1
100090a0:	695b      	ldr	r3, [r3, #20]
100090a2:	aa0c      	add	r2, sp, #48	@ 0x30
100090a4:	4640      	mov	r0, r8
100090a6:	4798      	blx	r3
100090a8:	2000      	movs	r0, #0
100090aa:	f000 f9ef 	bl	1000948c <usbd_control_set_complete_callback>
100090ae:	2335      	movs	r3, #53	@ 0x35
100090b0:	5ceb      	ldrb	r3, [r5, r3]
100090b2:	07db      	lsls	r3, r3, #31
100090b4:	d500      	bpl.n	100090b8 <tud_task_ext+0x62c>
100090b6:	e4ff      	b.n	10008ab8 <tud_task_ext+0x2c>
100090b8:	e6c0      	b.n	10008e3c <tud_task_ext+0x3b0>
100090ba:	f7ff fc09 	bl	100088d0 <dcd_edpt_clear_stall>
100090be:	464b      	mov	r3, r9
100090c0:	2102      	movs	r1, #2
100090c2:	18eb      	adds	r3, r5, r3
100090c4:	445b      	add	r3, fp
100090c6:	3330      	adds	r3, #48	@ 0x30
100090c8:	791a      	ldrb	r2, [r3, #4]
100090ca:	438a      	bics	r2, r1
100090cc:	711a      	strb	r2, [r3, #4]
100090ce:	791a      	ldrb	r2, [r3, #4]
100090d0:	9904      	ldr	r1, [sp, #16]
100090d2:	438a      	bics	r2, r1
100090d4:	711a      	strb	r2, [r3, #4]
100090d6:	e7da      	b.n	1000908e <tud_task_ext+0x602>
100090d8:	f7ff fc60 	bl	1000899c <tud_umount_cb>
100090dc:	e6ae      	b.n	10008e3c <tud_task_ext+0x3b0>
100090de:	2100      	movs	r1, #0
100090e0:	4640      	mov	r0, r8
100090e2:	f7ff fb1b 	bl	1000871c <dcd_sof_enable>
100090e6:	4640      	mov	r0, r8
100090e8:	f7ff fbbe 	bl	10008868 <dcd_edpt_close_all>
100090ec:	2200      	movs	r2, #0
100090ee:	4693      	mov	fp, r2
100090f0:	4a17      	ldr	r2, [pc, #92]	@ (10009150 <tud_task_ext+0x6c4>)
100090f2:	78ab      	ldrb	r3, [r5, #2]
100090f4:	9205      	str	r2, [sp, #20]
100090f6:	4a17      	ldr	r2, [pc, #92]	@ (10009154 <tud_task_ext+0x6c8>)
100090f8:	9304      	str	r3, [sp, #16]
100090fa:	9206      	str	r2, [sp, #24]
100090fc:	002a      	movs	r2, r5
100090fe:	4b13      	ldr	r3, [pc, #76]	@ (1000914c <tud_task_ext+0x6c0>)
10009100:	465d      	mov	r5, fp
10009102:	4699      	mov	r9, r3
10009104:	4693      	mov	fp, r2
10009106:	781b      	ldrb	r3, [r3, #0]
10009108:	e00e      	b.n	10009128 <tud_task_ext+0x69c>
1000910a:	9b06      	ldr	r3, [sp, #24]
1000910c:	016a      	lsls	r2, r5, #5
1000910e:	681b      	ldr	r3, [r3, #0]
10009110:	189b      	adds	r3, r3, r2
10009112:	2b00      	cmp	r3, #0
10009114:	d055      	beq.n	100091c2 <tud_task_ext+0x736>
10009116:	68db      	ldr	r3, [r3, #12]
10009118:	4640      	mov	r0, r8
1000911a:	4798      	blx	r3
1000911c:	464b      	mov	r3, r9
1000911e:	3501      	adds	r5, #1
10009120:	781b      	ldrb	r3, [r3, #0]
10009122:	b2ed      	uxtb	r5, r5
10009124:	42ab      	cmp	r3, r5
10009126:	d338      	bcc.n	1000919a <tud_task_ext+0x70e>
10009128:	429d      	cmp	r5, r3
1000912a:	d3ee      	bcc.n	1000910a <tud_task_ext+0x67e>
1000912c:	9a05      	ldr	r2, [sp, #20]
1000912e:	1aeb      	subs	r3, r5, r3
10009130:	4694      	mov	ip, r2
10009132:	015b      	lsls	r3, r3, #5
10009134:	4463      	add	r3, ip
10009136:	e7ee      	b.n	10009116 <tud_task_ext+0x68a>
10009138:	ab0a      	add	r3, sp, #40	@ 0x28
1000913a:	1c9a      	adds	r2, r3, #2
1000913c:	4640      	mov	r0, r8
1000913e:	2301      	movs	r3, #1
10009140:	a90c      	add	r1, sp, #48	@ 0x30
10009142:	7015      	strb	r5, [r2, #0]
10009144:	f000 f944 	bl	100093d0 <tud_control_xfer>
10009148:	e4b6      	b.n	10008ab8 <tud_task_ext+0x2c>
1000914a:	46c0      	nop			@ (mov r8, r8)
1000914c:	2001a41c 	.word	0x2001a41c
10009150:	1000be7c 	.word	0x1000be7c
10009154:	200015b0 	.word	0x200015b0
10009158:	200096ac 	.word	0x200096ac
1000915c:	1000be20 	.word	0x1000be20
10009160:	003a      	movs	r2, r7
10009162:	0007      	movs	r7, r0
10009164:	2a00      	cmp	r2, #0
10009166:	d03c      	beq.n	100091e2 <tud_task_ext+0x756>
10009168:	78ab      	ldrb	r3, [r5, #2]
1000916a:	189a      	adds	r2, r3, r2
1000916c:	b2d2      	uxtb	r2, r2
1000916e:	e004      	b.n	1000917a <tud_task_ext+0x6ee>
10009170:	3301      	adds	r3, #1
10009172:	b2db      	uxtb	r3, r3
10009174:	710e      	strb	r6, [r1, #4]
10009176:	429a      	cmp	r2, r3
10009178:	d033      	beq.n	100091e2 <tud_task_ext+0x756>
1000917a:	4649      	mov	r1, r9
1000917c:	18c9      	adds	r1, r1, r3
1000917e:	7908      	ldrb	r0, [r1, #4]
10009180:	28ff      	cmp	r0, #255	@ 0xff
10009182:	d0f5      	beq.n	10009170 <tud_task_ext+0x6e4>
10009184:	465e      	mov	r6, fp
10009186:	464d      	mov	r5, r9
10009188:	9f04      	ldr	r7, [sp, #16]
1000918a:	2300      	movs	r3, #0
1000918c:	706b      	strb	r3, [r5, #1]
1000918e:	e603      	b.n	10008d98 <tud_task_ext+0x30c>
10009190:	465e      	mov	r6, fp
10009192:	9f04      	ldr	r7, [sp, #16]
10009194:	f7ff fc00 	bl	10008998 <tud_mount_cb>
10009198:	e650      	b.n	10008e3c <tud_task_ext+0x3b0>
1000919a:	465d      	mov	r5, fp
1000919c:	2254      	movs	r2, #84	@ 0x54
1000919e:	2100      	movs	r1, #0
100091a0:	0028      	movs	r0, r5
100091a2:	f7fd fa01 	bl	100065a8 <__wrap_memset>
100091a6:	2210      	movs	r2, #16
100091a8:	21ff      	movs	r1, #255	@ 0xff
100091aa:	1d28      	adds	r0, r5, #4
100091ac:	f7fd f9fc 	bl	100065a8 <__wrap_memset>
100091b0:	0028      	movs	r0, r5
100091b2:	2220      	movs	r2, #32
100091b4:	21ff      	movs	r1, #255	@ 0xff
100091b6:	3014      	adds	r0, #20
100091b8:	f7fd f9f6 	bl	100065a8 <__wrap_memset>
100091bc:	9b04      	ldr	r3, [sp, #16]
100091be:	70ab      	strb	r3, [r5, #2]
100091c0:	e664      	b.n	10008e8c <tud_task_ext+0x400>
100091c2:	465d      	mov	r5, fp
100091c4:	e7fa      	b.n	100091bc <tud_task_ext+0x730>
100091c6:	f7ff fbe1 	bl	1000898c <tud_descriptor_bos_cb>
100091ca:	1e02      	subs	r2, r0, #0
100091cc:	d100      	bne.n	100091d0 <tud_task_ext+0x744>
100091ce:	e5e3      	b.n	10008d98 <tud_task_ext+0x30c>
100091d0:	78d3      	ldrb	r3, [r2, #3]
100091d2:	7891      	ldrb	r1, [r2, #2]
100091d4:	021b      	lsls	r3, r3, #8
100091d6:	430b      	orrs	r3, r1
100091d8:	4640      	mov	r0, r8
100091da:	a90c      	add	r1, sp, #48	@ 0x30
100091dc:	f000 f8f8 	bl	100093d0 <tud_control_xfer>
100091e0:	e5eb      	b.n	10008dba <tud_task_ext+0x32e>
100091e2:	0033      	movs	r3, r6
100091e4:	0029      	movs	r1, r5
100091e6:	003a      	movs	r2, r7
100091e8:	9809      	ldr	r0, [sp, #36]	@ 0x24
100091ea:	f000 ffd1 	bl	1000a190 <tu_edpt_bind_driver>
100091ee:	9b05      	ldr	r3, [sp, #20]
100091f0:	19ed      	adds	r5, r5, r7
100091f2:	781b      	ldrb	r3, [r3, #0]
100091f4:	42b3      	cmp	r3, r6
100091f6:	d300      	bcc.n	100091fa <tud_task_ext+0x76e>
100091f8:	e67c      	b.n	10008ef4 <tud_task_ext+0x468>
100091fa:	e7c3      	b.n	10009184 <tud_task_ext+0x6f8>
100091fc:	f7ff fbc8 	bl	10008990 <tud_descriptor_device_qualifier_cb>
10009200:	1e02      	subs	r2, r0, #0
10009202:	d100      	bne.n	10009206 <tud_task_ext+0x77a>
10009204:	e5c8      	b.n	10008d98 <tud_task_ext+0x30c>
10009206:	4640      	mov	r0, r8
10009208:	7813      	ldrb	r3, [r2, #0]
1000920a:	a90c      	add	r1, sp, #48	@ 0x30
1000920c:	f000 f8e0 	bl	100093d0 <tud_control_xfer>
10009210:	e5d3      	b.n	10008dba <tud_task_ext+0x32e>
10009212:	8921      	ldrh	r1, [r4, #8]
10009214:	f7fa f966 	bl	100034e4 <tud_descriptor_string_cb>
10009218:	1e02      	subs	r2, r0, #0
1000921a:	d1f4      	bne.n	10009206 <tud_task_ext+0x77a>
1000921c:	e5bc      	b.n	10008d98 <tud_task_ext+0x30c>
1000921e:	2a02      	cmp	r2, #2
10009220:	d00f      	beq.n	10009242 <tud_task_ext+0x7b6>
10009222:	f7ff fbb7 	bl	10008994 <tud_descriptor_other_speed_configuration_cb>
10009226:	1e02      	subs	r2, r0, #0
10009228:	d1d2      	bne.n	100091d0 <tud_task_ext+0x744>
1000922a:	e5b5      	b.n	10008d98 <tud_task_ext+0x30c>
1000922c:	f7fa f952 	bl	100034d4 <tud_descriptor_device_cb>
10009230:	1e02      	subs	r2, r0, #0
10009232:	d100      	bne.n	10009236 <tud_task_ext+0x7aa>
10009234:	e5b0      	b.n	10008d98 <tud_task_ext+0x30c>
10009236:	2312      	movs	r3, #18
10009238:	4640      	mov	r0, r8
1000923a:	a90c      	add	r1, sp, #48	@ 0x30
1000923c:	f000 f8c8 	bl	100093d0 <tud_control_xfer>
10009240:	e5bb      	b.n	10008dba <tud_task_ext+0x32e>
10009242:	f7fa f94b 	bl	100034dc <tud_descriptor_configuration_cb>
10009246:	1e02      	subs	r2, r0, #0
10009248:	d1c2      	bne.n	100091d0 <tud_task_ext+0x744>
1000924a:	e5a5      	b.n	10008d98 <tud_task_ext+0x30c>

1000924c <usbd_open_edpt_pair>:
1000924c:	b5f8      	push	{r3, r4, r5, r6, r7, lr}
1000924e:	4657      	mov	r7, sl
10009250:	464e      	mov	r6, r9
10009252:	46de      	mov	lr, fp
10009254:	4645      	mov	r5, r8
10009256:	000c      	movs	r4, r1
10009258:	b5e0      	push	{r5, r6, r7, lr}
1000925a:	0016      	movs	r6, r2
1000925c:	001f      	movs	r7, r3
1000925e:	2a00      	cmp	r2, #0
10009260:	d03c      	beq.n	100092dc <usbd_open_edpt_pair+0x90>
10009262:	2370      	movs	r3, #112	@ 0x70
10009264:	4698      	mov	r8, r3
10009266:	4b1e      	ldr	r3, [pc, #120]	@ (100092e0 <usbd_open_edpt_pair+0x94>)
10009268:	2500      	movs	r5, #0
1000926a:	469b      	mov	fp, r3
1000926c:	4b1d      	ldr	r3, [pc, #116]	@ (100092e4 <usbd_open_edpt_pair+0x98>)
1000926e:	469a      	mov	sl, r3
10009270:	e01a      	b.n	100092a8 <usbd_open_edpt_pair+0x5c>
10009272:	465b      	mov	r3, fp
10009274:	781b      	ldrb	r3, [r3, #0]
10009276:	0020      	movs	r0, r4
10009278:	4699      	mov	r9, r3
1000927a:	4653      	mov	r3, sl
1000927c:	7899      	ldrb	r1, [r3, #2]
1000927e:	f000 ff49 	bl	1000a114 <tu_edpt_validate>
10009282:	2800      	cmp	r0, #0
10009284:	d01c      	beq.n	100092c0 <usbd_open_edpt_pair+0x74>
10009286:	0021      	movs	r1, r4
10009288:	4648      	mov	r0, r9
1000928a:	f7ff fa63 	bl	10008754 <dcd_edpt_open>
1000928e:	2800      	cmp	r0, #0
10009290:	d016      	beq.n	100092c0 <usbd_open_edpt_pair+0x74>
10009292:	78a3      	ldrb	r3, [r4, #2]
10009294:	09da      	lsrs	r2, r3, #7
10009296:	2a01      	cmp	r2, #1
10009298:	d019      	beq.n	100092ce <usbd_open_edpt_pair+0x82>
1000929a:	9a0a      	ldr	r2, [sp, #40]	@ 0x28
1000929c:	3501      	adds	r5, #1
1000929e:	7013      	strb	r3, [r2, #0]
100092a0:	7823      	ldrb	r3, [r4, #0]
100092a2:	18e4      	adds	r4, r4, r3
100092a4:	42b5      	cmp	r5, r6
100092a6:	da19      	bge.n	100092dc <usbd_open_edpt_pair+0x90>
100092a8:	7863      	ldrb	r3, [r4, #1]
100092aa:	2b05      	cmp	r3, #5
100092ac:	d108      	bne.n	100092c0 <usbd_open_edpt_pair+0x74>
100092ae:	78e3      	ldrb	r3, [r4, #3]
100092b0:	079b      	lsls	r3, r3, #30
100092b2:	0f9b      	lsrs	r3, r3, #30
100092b4:	42bb      	cmp	r3, r7
100092b6:	d103      	bne.n	100092c0 <usbd_open_edpt_pair+0x74>
100092b8:	4642      	mov	r2, r8
100092ba:	78a3      	ldrb	r3, [r4, #2]
100092bc:	421a      	tst	r2, r3
100092be:	d0d8      	beq.n	10009272 <usbd_open_edpt_pair+0x26>
100092c0:	2000      	movs	r0, #0
100092c2:	bcf0      	pop	{r4, r5, r6, r7}
100092c4:	46bb      	mov	fp, r7
100092c6:	46b2      	mov	sl, r6
100092c8:	46a9      	mov	r9, r5
100092ca:	46a0      	mov	r8, r4
100092cc:	bdf8      	pop	{r3, r4, r5, r6, r7, pc}
100092ce:	9a0b      	ldr	r2, [sp, #44]	@ 0x2c
100092d0:	3501      	adds	r5, #1
100092d2:	7013      	strb	r3, [r2, #0]
100092d4:	7823      	ldrb	r3, [r4, #0]
100092d6:	18e4      	adds	r4, r4, r3
100092d8:	42b5      	cmp	r5, r6
100092da:	dbe5      	blt.n	100092a8 <usbd_open_edpt_pair+0x5c>
100092dc:	2001      	movs	r0, #1
100092de:	e7f0      	b.n	100092c2 <usbd_open_edpt_pair+0x76>
100092e0:	20001074 	.word	0x20001074
100092e4:	20009698 	.word	0x20009698

100092e8 <usbd_edpt_xfer>:
100092e8:	b570      	push	{r4, r5, r6, lr}
100092ea:	247f      	movs	r4, #127	@ 0x7f
100092ec:	480f      	ldr	r0, [pc, #60]	@ (1000932c <usbd_edpt_xfer+0x44>)
100092ee:	400c      	ands	r4, r1
100092f0:	0064      	lsls	r4, r4, #1
100092f2:	1904      	adds	r4, r0, r4
100092f4:	09cd      	lsrs	r5, r1, #7
100092f6:	1964      	adds	r4, r4, r5
100092f8:	3430      	adds	r4, #48	@ 0x30
100092fa:	7920      	ldrb	r0, [r4, #4]
100092fc:	07c0      	lsls	r0, r0, #31
100092fe:	d501      	bpl.n	10009304 <usbd_edpt_xfer+0x1c>
10009300:	2000      	movs	r0, #0
10009302:	bd70      	pop	{r4, r5, r6, pc}
10009304:	2601      	movs	r6, #1
10009306:	7925      	ldrb	r5, [r4, #4]
10009308:	4809      	ldr	r0, [pc, #36]	@ (10009330 <usbd_edpt_xfer+0x48>)
1000930a:	4335      	orrs	r5, r6
1000930c:	7800      	ldrb	r0, [r0, #0]
1000930e:	7125      	strb	r5, [r4, #4]
10009310:	f7ff faae 	bl	10008870 <dcd_edpt_xfer>
10009314:	2800      	cmp	r0, #0
10009316:	d1f4      	bne.n	10009302 <usbd_edpt_xfer+0x1a>
10009318:	2201      	movs	r2, #1
1000931a:	7923      	ldrb	r3, [r4, #4]
1000931c:	4393      	bics	r3, r2
1000931e:	7123      	strb	r3, [r4, #4]
10009320:	7923      	ldrb	r3, [r4, #4]
10009322:	3203      	adds	r2, #3
10009324:	4393      	bics	r3, r2
10009326:	7123      	strb	r3, [r4, #4]
10009328:	e7ea      	b.n	10009300 <usbd_edpt_xfer+0x18>
1000932a:	46c0      	nop			@ (mov r8, r8)
1000932c:	20009698 	.word	0x20009698
10009330:	20001074 	.word	0x20001074

10009334 <usbd_edpt_busy>:
10009334:	227f      	movs	r2, #127	@ 0x7f
10009336:	4b05      	ldr	r3, [pc, #20]	@ (1000934c <usbd_edpt_busy+0x18>)
10009338:	400a      	ands	r2, r1
1000933a:	0052      	lsls	r2, r2, #1
1000933c:	09c9      	lsrs	r1, r1, #7
1000933e:	189b      	adds	r3, r3, r2
10009340:	185b      	adds	r3, r3, r1
10009342:	3330      	adds	r3, #48	@ 0x30
10009344:	7918      	ldrb	r0, [r3, #4]
10009346:	07c0      	lsls	r0, r0, #31
10009348:	0fc0      	lsrs	r0, r0, #31
1000934a:	4770      	bx	lr
1000934c:	20009698 	.word	0x20009698

10009350 <usbd_edpt_stall>:
10009350:	b510      	push	{r4, lr}
10009352:	4b0b      	ldr	r3, [pc, #44]	@ (10009380 <usbd_edpt_stall+0x30>)
10009354:	000c      	movs	r4, r1
10009356:	7818      	ldrb	r0, [r3, #0]
10009358:	f7ff fa9c 	bl	10008894 <dcd_edpt_stall>
1000935c:	237f      	movs	r3, #127	@ 0x7f
1000935e:	2102      	movs	r1, #2
10009360:	4a08      	ldr	r2, [pc, #32]	@ (10009384 <usbd_edpt_stall+0x34>)
10009362:	4023      	ands	r3, r4
10009364:	005b      	lsls	r3, r3, #1
10009366:	09e4      	lsrs	r4, r4, #7
10009368:	18d3      	adds	r3, r2, r3
1000936a:	191b      	adds	r3, r3, r4
1000936c:	3330      	adds	r3, #48	@ 0x30
1000936e:	791a      	ldrb	r2, [r3, #4]
10009370:	430a      	orrs	r2, r1
10009372:	2101      	movs	r1, #1
10009374:	711a      	strb	r2, [r3, #4]
10009376:	791a      	ldrb	r2, [r3, #4]
10009378:	430a      	orrs	r2, r1
1000937a:	711a      	strb	r2, [r3, #4]
1000937c:	bd10      	pop	{r4, pc}
1000937e:	46c0      	nop			@ (mov r8, r8)
10009380:	20001074 	.word	0x20001074
10009384:	20009698 	.word	0x20009698

10009388 <usbd_edpt_stalled>:
10009388:	227f      	movs	r2, #127	@ 0x7f
1000938a:	4b05      	ldr	r3, [pc, #20]	@ (100093a0 <usbd_edpt_stalled+0x18>)
1000938c:	400a      	ands	r2, r1
1000938e:	0052      	lsls	r2, r2, #1
10009390:	09c9      	lsrs	r1, r1, #7
10009392:	189b      	adds	r3, r3, r2
10009394:	185b      	adds	r3, r3, r1
10009396:	3330      	adds	r3, #48	@ 0x30
10009398:	7918      	ldrb	r0, [r3, #4]
1000939a:	0780      	lsls	r0, r0, #30
1000939c:	0fc0      	lsrs	r0, r0, #31
1000939e:	4770      	bx	lr
100093a0:	20009698 	.word	0x20009698

100093a4 <tud_control_status>:
100093a4:	b570      	push	{r4, r5, r6, lr}
100093a6:	4c09      	ldr	r4, [pc, #36]	@ (100093cc <tud_control_status+0x28>)
100093a8:	0006      	movs	r6, r0
100093aa:	2208      	movs	r2, #8
100093ac:	0020      	movs	r0, r4
100093ae:	000d      	movs	r5, r1
100093b0:	f7fd f900 	bl	100065b4 <__wrap___aeabi_memcpy>
100093b4:	2300      	movs	r3, #0
100093b6:	2180      	movs	r1, #128	@ 0x80
100093b8:	60e3      	str	r3, [r4, #12]
100093ba:	60a3      	str	r3, [r4, #8]
100093bc:	782b      	ldrb	r3, [r5, #0]
100093be:	0030      	movs	r0, r6
100093c0:	4399      	bics	r1, r3
100093c2:	2200      	movs	r2, #0
100093c4:	2300      	movs	r3, #0
100093c6:	f7ff ff8f 	bl	100092e8 <usbd_edpt_xfer>
100093ca:	bd70      	pop	{r4, r5, r6, pc}
100093cc:	200015f4 	.word	0x200015f4

100093d0 <tud_control_xfer>:
100093d0:	b5f8      	push	{r3, r4, r5, r6, r7, lr}
100093d2:	46ce      	mov	lr, r9
100093d4:	4647      	mov	r7, r8
100093d6:	4690      	mov	r8, r2
100093d8:	4e25      	ldr	r6, [pc, #148]	@ (10009470 <tud_control_xfer+0xa0>)
100093da:	b580      	push	{r7, lr}
100093dc:	4681      	mov	r9, r0
100093de:	2208      	movs	r2, #8
100093e0:	0030      	movs	r0, r6
100093e2:	000d      	movs	r5, r1
100093e4:	001f      	movs	r7, r3
100093e6:	f7fd f8e5 	bl	100065b4 <__wrap___aeabi_memcpy>
100093ea:	4643      	mov	r3, r8
100093ec:	60b3      	str	r3, [r6, #8]
100093ee:	2300      	movs	r3, #0
100093f0:	81f3      	strh	r3, [r6, #14]
100093f2:	79ec      	ldrb	r4, [r5, #7]
100093f4:	79ab      	ldrb	r3, [r5, #6]
100093f6:	0224      	lsls	r4, r4, #8
100093f8:	431c      	orrs	r4, r3
100093fa:	1c23      	adds	r3, r4, #0
100093fc:	42bc      	cmp	r4, r7
100093fe:	d900      	bls.n	10009402 <tud_control_xfer+0x32>
10009400:	1c3b      	adds	r3, r7, #0
10009402:	b29f      	uxth	r7, r3
10009404:	81b3      	strh	r3, [r6, #12]
10009406:	2c00      	cmp	r4, #0
10009408:	d00d      	beq.n	10009426 <tud_control_xfer+0x56>
1000940a:	2f00      	cmp	r7, #0
1000940c:	d017      	beq.n	1000943e <tud_control_xfer+0x6e>
1000940e:	4642      	mov	r2, r8
10009410:	2a00      	cmp	r2, #0
10009412:	d02b      	beq.n	1000946c <tud_control_xfer+0x9c>
10009414:	2f40      	cmp	r7, #64	@ 0x40
10009416:	d81b      	bhi.n	10009450 <tud_control_xfer+0x80>
10009418:	b29f      	uxth	r7, r3
1000941a:	7833      	ldrb	r3, [r6, #0]
1000941c:	2b7f      	cmp	r3, #127	@ 0x7f
1000941e:	d81c      	bhi.n	1000945a <tud_control_xfer+0x8a>
10009420:	2100      	movs	r1, #0
10009422:	4a14      	ldr	r2, [pc, #80]	@ (10009474 <tud_control_xfer+0xa4>)
10009424:	e00f      	b.n	10009446 <tud_control_xfer+0x76>
10009426:	2180      	movs	r1, #128	@ 0x80
10009428:	782b      	ldrb	r3, [r5, #0]
1000942a:	2200      	movs	r2, #0
1000942c:	4399      	bics	r1, r3
1000942e:	4648      	mov	r0, r9
10009430:	2300      	movs	r3, #0
10009432:	f7ff ff59 	bl	100092e8 <usbd_edpt_xfer>
10009436:	bcc0      	pop	{r6, r7}
10009438:	46b9      	mov	r9, r7
1000943a:	46b0      	mov	r8, r6
1000943c:	bdf8      	pop	{r3, r4, r5, r6, r7, pc}
1000943e:	237f      	movs	r3, #127	@ 0x7f
10009440:	2200      	movs	r2, #0
10009442:	7831      	ldrb	r1, [r6, #0]
10009444:	4399      	bics	r1, r3
10009446:	003b      	movs	r3, r7
10009448:	4648      	mov	r0, r9
1000944a:	f7ff ff4d 	bl	100092e8 <usbd_edpt_xfer>
1000944e:	e7f2      	b.n	10009436 <tud_control_xfer+0x66>
10009450:	2340      	movs	r3, #64	@ 0x40
10009452:	b29f      	uxth	r7, r3
10009454:	7833      	ldrb	r3, [r6, #0]
10009456:	2b7f      	cmp	r3, #127	@ 0x7f
10009458:	d9e2      	bls.n	10009420 <tud_control_xfer+0x50>
1000945a:	4c06      	ldr	r4, [pc, #24]	@ (10009474 <tud_control_xfer+0xa4>)
1000945c:	003a      	movs	r2, r7
1000945e:	4641      	mov	r1, r8
10009460:	0020      	movs	r0, r4
10009462:	f7fd f8a7 	bl	100065b4 <__wrap___aeabi_memcpy>
10009466:	2180      	movs	r1, #128	@ 0x80
10009468:	0022      	movs	r2, r4
1000946a:	e7ec      	b.n	10009446 <tud_control_xfer+0x76>
1000946c:	2000      	movs	r0, #0
1000946e:	e7e2      	b.n	10009436 <tud_control_xfer+0x66>
10009470:	200015f4 	.word	0x200015f4
10009474:	200015b4 	.word	0x200015b4

10009478 <usbd_control_reset>:
10009478:	b510      	push	{r4, lr}
1000947a:	2214      	movs	r2, #20
1000947c:	2100      	movs	r1, #0
1000947e:	4802      	ldr	r0, [pc, #8]	@ (10009488 <usbd_control_reset+0x10>)
10009480:	f7fd f892 	bl	100065a8 <__wrap_memset>
10009484:	bd10      	pop	{r4, pc}
10009486:	46c0      	nop			@ (mov r8, r8)
10009488:	200015f4 	.word	0x200015f4

1000948c <usbd_control_set_complete_callback>:
1000948c:	4b01      	ldr	r3, [pc, #4]	@ (10009494 <usbd_control_set_complete_callback+0x8>)
1000948e:	6118      	str	r0, [r3, #16]
10009490:	4770      	bx	lr
10009492:	46c0      	nop			@ (mov r8, r8)
10009494:	200015f4 	.word	0x200015f4

10009498 <usbd_control_set_request>:
10009498:	b510      	push	{r4, lr}
1000949a:	4c05      	ldr	r4, [pc, #20]	@ (100094b0 <usbd_control_set_request+0x18>)
1000949c:	0001      	movs	r1, r0
1000949e:	2208      	movs	r2, #8
100094a0:	0020      	movs	r0, r4
100094a2:	f7fd f887 	bl	100065b4 <__wrap___aeabi_memcpy>
100094a6:	2300      	movs	r3, #0
100094a8:	60a3      	str	r3, [r4, #8]
100094aa:	60e3      	str	r3, [r4, #12]
100094ac:	bd10      	pop	{r4, pc}
100094ae:	46c0      	nop			@ (mov r8, r8)
100094b0:	200015f4 	.word	0x200015f4

100094b4 <usbd_control_xfer_cb>:
100094b4:	b570      	push	{r4, r5, r6, lr}
100094b6:	4c38      	ldr	r4, [pc, #224]	@ (10009598 <usbd_control_xfer_cb+0xe4>)
100094b8:	001d      	movs	r5, r3
100094ba:	7823      	ldrb	r3, [r4, #0]
100094bc:	0006      	movs	r6, r0
100094be:	09da      	lsrs	r2, r3, #7
100094c0:	09c9      	lsrs	r1, r1, #7
100094c2:	428a      	cmp	r2, r1
100094c4:	d010      	beq.n	100094e8 <usbd_control_xfer_cb+0x34>
100094c6:	2000      	movs	r0, #0
100094c8:	2d00      	cmp	r5, #0
100094ca:	d000      	beq.n	100094ce <usbd_control_xfer_cb+0x1a>
100094cc:	bd70      	pop	{r4, r5, r6, pc}
100094ce:	0021      	movs	r1, r4
100094d0:	0030      	movs	r0, r6
100094d2:	f7ff f931 	bl	10008738 <dcd_edpt0_status_complete>
100094d6:	6923      	ldr	r3, [r4, #16]
100094d8:	2b00      	cmp	r3, #0
100094da:	d003      	beq.n	100094e4 <usbd_control_xfer_cb+0x30>
100094dc:	0022      	movs	r2, r4
100094de:	2103      	movs	r1, #3
100094e0:	0030      	movs	r0, r6
100094e2:	4798      	blx	r3
100094e4:	2001      	movs	r0, #1
100094e6:	e7f1      	b.n	100094cc <usbd_control_xfer_cb+0x18>
100094e8:	2b7f      	cmp	r3, #127	@ 0x7f
100094ea:	d806      	bhi.n	100094fa <usbd_control_xfer_cb+0x46>
100094ec:	68a0      	ldr	r0, [r4, #8]
100094ee:	2800      	cmp	r0, #0
100094f0:	d034      	beq.n	1000955c <usbd_control_xfer_cb+0xa8>
100094f2:	002a      	movs	r2, r5
100094f4:	4929      	ldr	r1, [pc, #164]	@ (1000959c <usbd_control_xfer_cb+0xe8>)
100094f6:	f7fd f85d 	bl	100065b4 <__wrap___aeabi_memcpy>
100094fa:	89e2      	ldrh	r2, [r4, #14]
100094fc:	68a1      	ldr	r1, [r4, #8]
100094fe:	1952      	adds	r2, r2, r5
10009500:	88e3      	ldrh	r3, [r4, #6]
10009502:	b292      	uxth	r2, r2
10009504:	1949      	adds	r1, r1, r5
10009506:	81e2      	strh	r2, [r4, #14]
10009508:	60a1      	str	r1, [r4, #8]
1000950a:	4293      	cmp	r3, r2
1000950c:	d014      	beq.n	10009538 <usbd_control_xfer_cb+0x84>
1000950e:	2d3f      	cmp	r5, #63	@ 0x3f
10009510:	d912      	bls.n	10009538 <usbd_control_xfer_cb+0x84>
10009512:	89a3      	ldrh	r3, [r4, #12]
10009514:	1a98      	subs	r0, r3, r2
10009516:	1c05      	adds	r5, r0, #0
10009518:	b280      	uxth	r0, r0
1000951a:	2840      	cmp	r0, #64	@ 0x40
1000951c:	d82a      	bhi.n	10009574 <usbd_control_xfer_cb+0xc0>
1000951e:	7820      	ldrb	r0, [r4, #0]
10009520:	b2ad      	uxth	r5, r5
10009522:	287f      	cmp	r0, #127	@ 0x7f
10009524:	d828      	bhi.n	10009578 <usbd_control_xfer_cb+0xc4>
10009526:	2100      	movs	r1, #0
10009528:	429a      	cmp	r2, r3
1000952a:	d032      	beq.n	10009592 <usbd_control_xfer_cb+0xde>
1000952c:	4a1b      	ldr	r2, [pc, #108]	@ (1000959c <usbd_control_xfer_cb+0xe8>)
1000952e:	002b      	movs	r3, r5
10009530:	0030      	movs	r0, r6
10009532:	f7ff fed9 	bl	100092e8 <usbd_edpt_xfer>
10009536:	e7c9      	b.n	100094cc <usbd_control_xfer_cb+0x18>
10009538:	6923      	ldr	r3, [r4, #16]
1000953a:	2b00      	cmp	r3, #0
1000953c:	d005      	beq.n	1000954a <usbd_control_xfer_cb+0x96>
1000953e:	0022      	movs	r2, r4
10009540:	2102      	movs	r1, #2
10009542:	0030      	movs	r0, r6
10009544:	4798      	blx	r3
10009546:	2800      	cmp	r0, #0
10009548:	d00a      	beq.n	10009560 <usbd_control_xfer_cb+0xac>
1000954a:	2180      	movs	r1, #128	@ 0x80
1000954c:	7823      	ldrb	r3, [r4, #0]
1000954e:	2200      	movs	r2, #0
10009550:	4399      	bics	r1, r3
10009552:	0030      	movs	r0, r6
10009554:	2300      	movs	r3, #0
10009556:	f7ff fec7 	bl	100092e8 <usbd_edpt_xfer>
1000955a:	e7b7      	b.n	100094cc <usbd_control_xfer_cb+0x18>
1000955c:	2000      	movs	r0, #0
1000955e:	e7b5      	b.n	100094cc <usbd_control_xfer_cb+0x18>
10009560:	2100      	movs	r1, #0
10009562:	0030      	movs	r0, r6
10009564:	f7ff f996 	bl	10008894 <dcd_edpt_stall>
10009568:	0030      	movs	r0, r6
1000956a:	2180      	movs	r1, #128	@ 0x80
1000956c:	f7ff f992 	bl	10008894 <dcd_edpt_stall>
10009570:	2001      	movs	r0, #1
10009572:	e7ab      	b.n	100094cc <usbd_control_xfer_cb+0x18>
10009574:	2540      	movs	r5, #64	@ 0x40
10009576:	e7d2      	b.n	1000951e <usbd_control_xfer_cb+0x6a>
10009578:	429a      	cmp	r2, r3
1000957a:	d007      	beq.n	1000958c <usbd_control_xfer_cb+0xd8>
1000957c:	4c07      	ldr	r4, [pc, #28]	@ (1000959c <usbd_control_xfer_cb+0xe8>)
1000957e:	002a      	movs	r2, r5
10009580:	0020      	movs	r0, r4
10009582:	f7fd f817 	bl	100065b4 <__wrap___aeabi_memcpy>
10009586:	2180      	movs	r1, #128	@ 0x80
10009588:	0022      	movs	r2, r4
1000958a:	e7d0      	b.n	1000952e <usbd_control_xfer_cb+0x7a>
1000958c:	2180      	movs	r1, #128	@ 0x80
1000958e:	2200      	movs	r2, #0
10009590:	e7cd      	b.n	1000952e <usbd_control_xfer_cb+0x7a>
10009592:	2200      	movs	r2, #0
10009594:	e7cb      	b.n	1000952e <usbd_control_xfer_cb+0x7a>
10009596:	46c0      	nop			@ (mov r8, r8)
10009598:	200015f4 	.word	0x200015f4
1000959c:	200015b4 	.word	0x200015b4

100095a0 <fail_scsi_op.constprop.0>:
100095a0:	222c      	movs	r2, #44	@ 0x2c
100095a2:	b570      	push	{r4, r5, r6, lr}
100095a4:	2430      	movs	r4, #48	@ 0x30
100095a6:	2502      	movs	r5, #2
100095a8:	4b0f      	ldr	r3, [pc, #60]	@ (100095e8 <fail_scsi_op.constprop.0+0x48>)
100095aa:	5499      	strb	r1, [r3, r2]
100095ac:	6899      	ldr	r1, [r3, #8]
100095ae:	6b9a      	ldr	r2, [r3, #56]	@ 0x38
100095b0:	551d      	strb	r5, [r3, r4]
100095b2:	1a8a      	subs	r2, r1, r2
100095b4:	629a      	str	r2, [r3, #40]	@ 0x28
100095b6:	340c      	adds	r4, #12
100095b8:	5d1c      	ldrb	r4, [r3, r4]
100095ba:	2c00      	cmp	r4, #0
100095bc:	d103      	bne.n	100095c6 <fail_scsi_op.constprop.0+0x26>
100095be:	4d0b      	ldr	r5, [pc, #44]	@ (100095ec <fail_scsi_op.constprop.0+0x4c>)
100095c0:	879d      	strh	r5, [r3, #60]	@ 0x3c
100095c2:	253e      	movs	r5, #62	@ 0x3e
100095c4:	555c      	strb	r4, [r3, r5]
100095c6:	2900      	cmp	r1, #0
100095c8:	d008      	beq.n	100095dc <fail_scsi_op.constprop.0+0x3c>
100095ca:	2a00      	cmp	r2, #0
100095cc:	d006      	beq.n	100095dc <fail_scsi_op.constprop.0+0x3c>
100095ce:	7b1a      	ldrb	r2, [r3, #12]
100095d0:	09d2      	lsrs	r2, r2, #7
100095d2:	d004      	beq.n	100095de <fail_scsi_op.constprop.0+0x3e>
100095d4:	222e      	movs	r2, #46	@ 0x2e
100095d6:	5c99      	ldrb	r1, [r3, r2]
100095d8:	f7ff feba 	bl	10009350 <usbd_edpt_stall>
100095dc:	bd70      	pop	{r4, r5, r6, pc}
100095de:	222f      	movs	r2, #47	@ 0x2f
100095e0:	5c99      	ldrb	r1, [r3, r2]
100095e2:	f7ff feb5 	bl	10009350 <usbd_edpt_stall>
100095e6:	e7f9      	b.n	100095dc <fail_scsi_op.constprop.0+0x3c>
100095e8:	2000964c 	.word	0x2000964c
100095ec:	00002005 	.word	0x00002005

100095f0 <proc_read10_cmd.constprop.0>:
100095f0:	b5f0      	push	{r4, r5, r6, r7, lr}
100095f2:	4647      	mov	r7, r8
100095f4:	46ce      	mov	lr, r9
100095f6:	b580      	push	{r7, lr}
100095f8:	4c39      	ldr	r4, [pc, #228]	@ (100096e0 <proc_read10_cmd.constprop.0+0xf0>)
100095fa:	0006      	movs	r6, r0
100095fc:	68a3      	ldr	r3, [r4, #8]
100095fe:	8ae1      	ldrh	r1, [r4, #22]
10009600:	4698      	mov	r8, r3
10009602:	b087      	sub	sp, #28
10009604:	2900      	cmp	r1, #0
10009606:	d057      	beq.n	100096b8 <proc_read10_cmd.constprop.0+0xc8>
10009608:	ba49      	rev16	r1, r1
1000960a:	b289      	uxth	r1, r1
1000960c:	0018      	movs	r0, r3
1000960e:	f7fc f8c9 	bl	100057a4 <__wrap___aeabi_uidiv>
10009612:	0401      	lsls	r1, r0, #16
10009614:	0c09      	lsrs	r1, r1, #16
10009616:	6923      	ldr	r3, [r4, #16]
10009618:	7d25      	ldrb	r5, [r4, #20]
1000961a:	0a1b      	lsrs	r3, r3, #8
1000961c:	062d      	lsls	r5, r5, #24
1000961e:	431d      	orrs	r5, r3
10009620:	6ba3      	ldr	r3, [r4, #56]	@ 0x38
10009622:	ba2d      	rev	r5, r5
10009624:	0018      	movs	r0, r3
10009626:	4699      	mov	r9, r3
10009628:	f7fc f8bc 	bl	100057a4 <__wrap___aeabi_uidiv>
1000962c:	4643      	mov	r3, r8
1000962e:	000a      	movs	r2, r1
10009630:	1941      	adds	r1, r0, r5
10009632:	464d      	mov	r5, r9
10009634:	1b5b      	subs	r3, r3, r5
10009636:	2580      	movs	r5, #128	@ 0x80
10009638:	4f2a      	ldr	r7, [pc, #168]	@ (100096e4 <proc_read10_cmd.constprop.0+0xf4>)
1000963a:	7b60      	ldrb	r0, [r4, #13]
1000963c:	022d      	lsls	r5, r5, #8
1000963e:	42ab      	cmp	r3, r5
10009640:	d900      	bls.n	10009644 <proc_read10_cmd.constprop.0+0x54>
10009642:	002b      	movs	r3, r5
10009644:	9300      	str	r3, [sp, #0]
10009646:	003b      	movs	r3, r7
10009648:	f7fa fc08 	bl	10003e5c <tud_msc_read10_cb>
1000964c:	1e03      	subs	r3, r0, #0
1000964e:	db18      	blt.n	10009682 <proc_read10_cmd.constprop.0+0x92>
10009650:	222e      	movs	r2, #46	@ 0x2e
10009652:	5ca1      	ldrb	r1, [r4, r2]
10009654:	2800      	cmp	r0, #0
10009656:	d009      	beq.n	1000966c <proc_read10_cmd.constprop.0+0x7c>
10009658:	b283      	uxth	r3, r0
1000965a:	003a      	movs	r2, r7
1000965c:	0030      	movs	r0, r6
1000965e:	f7ff fe43 	bl	100092e8 <usbd_edpt_xfer>
10009662:	b007      	add	sp, #28
10009664:	bcc0      	pop	{r6, r7}
10009666:	46b9      	mov	r9, r7
10009668:	46b0      	mov	r8, r6
1000966a:	bdf0      	pop	{r4, r5, r6, r7, pc}
1000966c:	a803      	add	r0, sp, #12
1000966e:	3a27      	subs	r2, #39	@ 0x27
10009670:	7101      	strb	r1, [r0, #4]
10009672:	2100      	movs	r1, #0
10009674:	7006      	strb	r6, [r0, #0]
10009676:	7042      	strb	r2, [r0, #1]
10009678:	7143      	strb	r3, [r0, #5]
1000967a:	6083      	str	r3, [r0, #8]
1000967c:	f000 ffac 	bl	1000a5d8 <__dcd_event_handler_veneer>
10009680:	e7ef      	b.n	10009662 <proc_read10_cmd.constprop.0+0x72>
10009682:	233c      	movs	r3, #60	@ 0x3c
10009684:	5ce3      	ldrb	r3, [r4, r3]
10009686:	2b00      	cmp	r3, #0
10009688:	d018      	beq.n	100096bc <proc_read10_cmd.constprop.0+0xcc>
1000968a:	232c      	movs	r3, #44	@ 0x2c
1000968c:	2201      	movs	r2, #1
1000968e:	54e2      	strb	r2, [r4, r3]
10009690:	68a2      	ldr	r2, [r4, #8]
10009692:	6ba3      	ldr	r3, [r4, #56]	@ 0x38
10009694:	1ad3      	subs	r3, r2, r3
10009696:	2130      	movs	r1, #48	@ 0x30
10009698:	2002      	movs	r0, #2
1000969a:	62a3      	str	r3, [r4, #40]	@ 0x28
1000969c:	5460      	strb	r0, [r4, r1]
1000969e:	2a00      	cmp	r2, #0
100096a0:	d0df      	beq.n	10009662 <proc_read10_cmd.constprop.0+0x72>
100096a2:	2b00      	cmp	r3, #0
100096a4:	d0dd      	beq.n	10009662 <proc_read10_cmd.constprop.0+0x72>
100096a6:	7b23      	ldrb	r3, [r4, #12]
100096a8:	09db      	lsrs	r3, r3, #7
100096aa:	d012      	beq.n	100096d2 <proc_read10_cmd.constprop.0+0xe2>
100096ac:	232e      	movs	r3, #46	@ 0x2e
100096ae:	0030      	movs	r0, r6
100096b0:	5ce1      	ldrb	r1, [r4, r3]
100096b2:	f7ff fe4d 	bl	10009350 <usbd_edpt_stall>
100096b6:	e7d4      	b.n	10009662 <proc_read10_cmd.constprop.0+0x72>
100096b8:	2100      	movs	r1, #0
100096ba:	e7ac      	b.n	10009616 <proc_read10_cmd.constprop.0+0x26>
100096bc:	4a0a      	ldr	r2, [pc, #40]	@ (100096e8 <proc_read10_cmd.constprop.0+0xf8>)
100096be:	87a2      	strh	r2, [r4, #60]	@ 0x3c
100096c0:	223e      	movs	r2, #62	@ 0x3e
100096c2:	54a3      	strb	r3, [r4, r2]
100096c4:	232c      	movs	r3, #44	@ 0x2c
100096c6:	3a3d      	subs	r2, #61	@ 0x3d
100096c8:	54e2      	strb	r2, [r4, r3]
100096ca:	68a2      	ldr	r2, [r4, #8]
100096cc:	6ba3      	ldr	r3, [r4, #56]	@ 0x38
100096ce:	1ad3      	subs	r3, r2, r3
100096d0:	e7e1      	b.n	10009696 <proc_read10_cmd.constprop.0+0xa6>
100096d2:	232f      	movs	r3, #47	@ 0x2f
100096d4:	0030      	movs	r0, r6
100096d6:	5ce1      	ldrb	r1, [r4, r3]
100096d8:	f7ff fe3a 	bl	10009350 <usbd_edpt_stall>
100096dc:	e7c1      	b.n	10009662 <proc_read10_cmd.constprop.0+0x72>
100096de:	46c0      	nop			@ (mov r8, r8)
100096e0:	2000964c 	.word	0x2000964c
100096e4:	2000164c 	.word	0x2000164c
100096e8:	00003a02 	.word	0x00003a02

100096ec <tud_msc_set_sense>:
100096ec:	b510      	push	{r4, lr}
100096ee:	243c      	movs	r4, #60	@ 0x3c
100096f0:	4803      	ldr	r0, [pc, #12]	@ (10009700 <tud_msc_set_sense+0x14>)
100096f2:	5501      	strb	r1, [r0, r4]
100096f4:	213d      	movs	r1, #61	@ 0x3d
100096f6:	5442      	strb	r2, [r0, r1]
100096f8:	223e      	movs	r2, #62	@ 0x3e
100096fa:	5483      	strb	r3, [r0, r2]
100096fc:	2001      	movs	r0, #1
100096fe:	bd10      	pop	{r4, pc}
10009700:	2000964c 	.word	0x2000964c

10009704 <mscd_init>:
10009704:	b510      	push	{r4, lr}
10009706:	2240      	movs	r2, #64	@ 0x40
10009708:	2100      	movs	r1, #0
1000970a:	4802      	ldr	r0, [pc, #8]	@ (10009714 <mscd_init+0x10>)
1000970c:	f7fc ff4c 	bl	100065a8 <__wrap_memset>
10009710:	bd10      	pop	{r4, pc}
10009712:	46c0      	nop			@ (mov r8, r8)
10009714:	2000964c 	.word	0x2000964c

10009718 <mscd_reset>:
10009718:	b510      	push	{r4, lr}
1000971a:	2240      	movs	r2, #64	@ 0x40
1000971c:	2100      	movs	r1, #0
1000971e:	4802      	ldr	r0, [pc, #8]	@ (10009728 <mscd_reset+0x10>)
10009720:	f7fc ff42 	bl	100065a8 <__wrap_memset>
10009724:	bd10      	pop	{r4, pc}
10009726:	46c0      	nop			@ (mov r8, r8)
10009728:	2000964c 	.word	0x2000964c

1000972c <mscd_open>:
1000972c:	b530      	push	{r4, r5, lr}
1000972e:	794b      	ldrb	r3, [r1, #5]
10009730:	0004      	movs	r4, r0
10009732:	b083      	sub	sp, #12
10009734:	2b08      	cmp	r3, #8
10009736:	d102      	bne.n	1000973e <mscd_open+0x12>
10009738:	798b      	ldrb	r3, [r1, #6]
1000973a:	2b06      	cmp	r3, #6
1000973c:	d002      	beq.n	10009744 <mscd_open+0x18>
1000973e:	2000      	movs	r0, #0
10009740:	b003      	add	sp, #12
10009742:	bd30      	pop	{r4, r5, pc}
10009744:	79cb      	ldrb	r3, [r1, #7]
10009746:	2b50      	cmp	r3, #80	@ 0x50
10009748:	d1f9      	bne.n	1000973e <mscd_open+0x12>
1000974a:	2a16      	cmp	r2, #22
1000974c:	d9f7      	bls.n	1000973e <mscd_open+0x12>
1000974e:	788a      	ldrb	r2, [r1, #2]
10009750:	4d0e      	ldr	r5, [pc, #56]	@ (1000978c <mscd_open+0x60>)
10009752:	3b23      	subs	r3, #35	@ 0x23
10009754:	54ea      	strb	r2, [r5, r3]
10009756:	780b      	ldrb	r3, [r1, #0]
10009758:	2202      	movs	r2, #2
1000975a:	18c9      	adds	r1, r1, r3
1000975c:	002b      	movs	r3, r5
1000975e:	332e      	adds	r3, #46	@ 0x2e
10009760:	9301      	str	r3, [sp, #4]
10009762:	002b      	movs	r3, r5
10009764:	332f      	adds	r3, #47	@ 0x2f
10009766:	9300      	str	r3, [sp, #0]
10009768:	2302      	movs	r3, #2
1000976a:	f7ff fd6f 	bl	1000924c <usbd_open_edpt_pair>
1000976e:	2800      	cmp	r0, #0
10009770:	d0e5      	beq.n	1000973e <mscd_open+0x12>
10009772:	2330      	movs	r3, #48	@ 0x30
10009774:	2200      	movs	r2, #0
10009776:	54ea      	strb	r2, [r5, r3]
10009778:	3b01      	subs	r3, #1
1000977a:	5ce9      	ldrb	r1, [r5, r3]
1000977c:	0020      	movs	r0, r4
1000977e:	4a04      	ldr	r2, [pc, #16]	@ (10009790 <mscd_open+0x64>)
10009780:	3b10      	subs	r3, #16
10009782:	f7ff fdb1 	bl	100092e8 <usbd_edpt_xfer>
10009786:	2017      	movs	r0, #23
10009788:	e7da      	b.n	10009740 <mscd_open+0x14>
1000978a:	46c0      	nop			@ (mov r8, r8)
1000978c:	2000964c 	.word	0x2000964c
10009790:	2000164c 	.word	0x2000164c

10009794 <mscd_control_xfer_cb>:
10009794:	b5f0      	push	{r4, r5, r6, r7, lr}
10009796:	0005      	movs	r5, r0
10009798:	0014      	movs	r4, r2
1000979a:	b083      	sub	sp, #12
1000979c:	2901      	cmp	r1, #1
1000979e:	d001      	beq.n	100097a4 <mscd_control_xfer_cb+0x10>
100097a0:	2001      	movs	r0, #1
100097a2:	e018      	b.n	100097d6 <mscd_control_xfer_cb+0x42>
100097a4:	237f      	movs	r3, #127	@ 0x7f
100097a6:	7812      	ldrb	r2, [r2, #0]
100097a8:	4013      	ands	r3, r2
100097aa:	2b02      	cmp	r3, #2
100097ac:	d015      	beq.n	100097da <mscd_control_xfer_cb+0x46>
100097ae:	2360      	movs	r3, #96	@ 0x60
100097b0:	4013      	ands	r3, r2
100097b2:	2b20      	cmp	r3, #32
100097b4:	d10e      	bne.n	100097d4 <mscd_control_xfer_cb+0x40>
100097b6:	7863      	ldrb	r3, [r4, #1]
100097b8:	2bfe      	cmp	r3, #254	@ 0xfe
100097ba:	d03d      	beq.n	10009838 <mscd_control_xfer_cb+0xa4>
100097bc:	2bff      	cmp	r3, #255	@ 0xff
100097be:	d109      	bne.n	100097d4 <mscd_control_xfer_cb+0x40>
100097c0:	78e3      	ldrb	r3, [r4, #3]
100097c2:	78a2      	ldrb	r2, [r4, #2]
100097c4:	021b      	lsls	r3, r3, #8
100097c6:	4313      	orrs	r3, r2
100097c8:	d104      	bne.n	100097d4 <mscd_control_xfer_cb+0x40>
100097ca:	79e3      	ldrb	r3, [r4, #7]
100097cc:	79a2      	ldrb	r2, [r4, #6]
100097ce:	021b      	lsls	r3, r3, #8
100097d0:	4313      	orrs	r3, r2
100097d2:	d051      	beq.n	10009878 <mscd_control_xfer_cb+0xe4>
100097d4:	2000      	movs	r0, #0
100097d6:	b003      	add	sp, #12
100097d8:	bdf0      	pop	{r4, r5, r6, r7, pc}
100097da:	7863      	ldrb	r3, [r4, #1]
100097dc:	2b01      	cmp	r3, #1
100097de:	d1e6      	bne.n	100097ae <mscd_control_xfer_cb+0x1a>
100097e0:	78e3      	ldrb	r3, [r4, #3]
100097e2:	78a2      	ldrb	r2, [r4, #2]
100097e4:	021b      	lsls	r3, r3, #8
100097e6:	4313      	orrs	r3, r2
100097e8:	d1f4      	bne.n	100097d4 <mscd_control_xfer_cb+0x40>
100097ea:	2230      	movs	r2, #48	@ 0x30
100097ec:	7921      	ldrb	r1, [r4, #4]
100097ee:	4c38      	ldr	r4, [pc, #224]	@ (100098d0 <mscd_control_xfer_cb+0x13c>)
100097f0:	5ca3      	ldrb	r3, [r4, r2]
100097f2:	2b04      	cmp	r3, #4
100097f4:	d067      	beq.n	100098c6 <mscd_control_xfer_cb+0x132>
100097f6:	202e      	movs	r0, #46	@ 0x2e
100097f8:	5c20      	ldrb	r0, [r4, r0]
100097fa:	4288      	cmp	r0, r1
100097fc:	d04d      	beq.n	1000989a <mscd_control_xfer_cb+0x106>
100097fe:	222f      	movs	r2, #47	@ 0x2f
10009800:	5ca6      	ldrb	r6, [r4, r2]
10009802:	428e      	cmp	r6, r1
10009804:	d1cc      	bne.n	100097a0 <mscd_control_xfer_cb+0xc>
10009806:	2b00      	cmp	r3, #0
10009808:	d1ca      	bne.n	100097a0 <mscd_control_xfer_cb+0xc>
1000980a:	0031      	movs	r1, r6
1000980c:	0028      	movs	r0, r5
1000980e:	f7ff fd91 	bl	10009334 <usbd_edpt_busy>
10009812:	2800      	cmp	r0, #0
10009814:	d1c4      	bne.n	100097a0 <mscd_control_xfer_cb+0xc>
10009816:	0031      	movs	r1, r6
10009818:	0028      	movs	r0, r5
1000981a:	f7ff fdb5 	bl	10009388 <usbd_edpt_stalled>
1000981e:	2800      	cmp	r0, #0
10009820:	d1be      	bne.n	100097a0 <mscd_control_xfer_cb+0xc>
10009822:	2330      	movs	r3, #48	@ 0x30
10009824:	2200      	movs	r2, #0
10009826:	54e2      	strb	r2, [r4, r3]
10009828:	3b01      	subs	r3, #1
1000982a:	5ce1      	ldrb	r1, [r4, r3]
1000982c:	0028      	movs	r0, r5
1000982e:	4a29      	ldr	r2, [pc, #164]	@ (100098d4 <mscd_control_xfer_cb+0x140>)
10009830:	3b10      	subs	r3, #16
10009832:	f7ff fd59 	bl	100092e8 <usbd_edpt_xfer>
10009836:	e7ce      	b.n	100097d6 <mscd_control_xfer_cb+0x42>
10009838:	78e3      	ldrb	r3, [r4, #3]
1000983a:	78a2      	ldrb	r2, [r4, #2]
1000983c:	021b      	lsls	r3, r3, #8
1000983e:	4313      	orrs	r3, r2
10009840:	d1c8      	bne.n	100097d4 <mscd_control_xfer_cb+0x40>
10009842:	79e3      	ldrb	r3, [r4, #7]
10009844:	79a2      	ldrb	r2, [r4, #6]
10009846:	021b      	lsls	r3, r3, #8
10009848:	4313      	orrs	r3, r2
1000984a:	2b01      	cmp	r3, #1
1000984c:	d1c2      	bne.n	100097d4 <mscd_control_xfer_cb+0x40>
1000984e:	466a      	mov	r2, sp
10009850:	71d3      	strb	r3, [r2, #7]
10009852:	4b21      	ldr	r3, [pc, #132]	@ (100098d8 <mscd_control_xfer_cb+0x144>)
10009854:	1dd6      	adds	r6, r2, #7
10009856:	2b00      	cmp	r3, #0
10009858:	d01d      	beq.n	10009896 <mscd_control_xfer_cb+0x102>
1000985a:	e000      	b.n	1000985e <mscd_control_xfer_cb+0xca>
1000985c:	bf00      	nop
1000985e:	2800      	cmp	r0, #0
10009860:	d0b8      	beq.n	100097d4 <mscd_control_xfer_cb+0x40>
10009862:	3801      	subs	r0, #1
10009864:	b2c0      	uxtb	r0, r0
10009866:	7030      	strb	r0, [r6, #0]
10009868:	2301      	movs	r3, #1
1000986a:	0032      	movs	r2, r6
1000986c:	0021      	movs	r1, r4
1000986e:	0028      	movs	r0, r5
10009870:	f7ff fdae 	bl	100093d0 <tud_control_xfer>
10009874:	2001      	movs	r0, #1
10009876:	e7ae      	b.n	100097d6 <mscd_control_xfer_cb+0x42>
10009878:	2130      	movs	r1, #48	@ 0x30
1000987a:	4a15      	ldr	r2, [pc, #84]	@ (100098d0 <mscd_control_xfer_cb+0x13c>)
1000987c:	0028      	movs	r0, r5
1000987e:	5453      	strb	r3, [r2, r1]
10009880:	2100      	movs	r1, #0
10009882:	6353      	str	r3, [r2, #52]	@ 0x34
10009884:	6393      	str	r3, [r2, #56]	@ 0x38
10009886:	8793      	strh	r3, [r2, #60]	@ 0x3c
10009888:	333e      	adds	r3, #62	@ 0x3e
1000988a:	54d1      	strb	r1, [r2, r3]
1000988c:	0021      	movs	r1, r4
1000988e:	f7ff fd89 	bl	100093a4 <tud_control_status>
10009892:	2001      	movs	r0, #1
10009894:	e79f      	b.n	100097d6 <mscd_control_xfer_cb+0x42>
10009896:	2000      	movs	r0, #0
10009898:	e7e5      	b.n	10009866 <mscd_control_xfer_cb+0xd2>
1000989a:	2b02      	cmp	r3, #2
1000989c:	d000      	beq.n	100098a0 <mscd_control_xfer_cb+0x10c>
1000989e:	e77f      	b.n	100097a0 <mscd_control_xfer_cb+0xc>
100098a0:	6ba1      	ldr	r1, [r4, #56]	@ 0x38
100098a2:	68a3      	ldr	r3, [r4, #8]
100098a4:	1a5b      	subs	r3, r3, r1
100098a6:	62a3      	str	r3, [r4, #40]	@ 0x28
100098a8:	2303      	movs	r3, #3
100098aa:	54a3      	strb	r3, [r4, r2]
100098ac:	4a09      	ldr	r2, [pc, #36]	@ (100098d4 <mscd_control_xfer_cb+0x140>)
100098ae:	3420      	adds	r4, #32
100098b0:	0013      	movs	r3, r2
100098b2:	ccc2      	ldmia	r4!, {r1, r6, r7}
100098b4:	c3c2      	stmia	r3!, {r1, r6, r7}
100098b6:	7821      	ldrb	r1, [r4, #0]
100098b8:	7019      	strb	r1, [r3, #0]
100098ba:	0001      	movs	r1, r0
100098bc:	230d      	movs	r3, #13
100098be:	0028      	movs	r0, r5
100098c0:	f7ff fd12 	bl	100092e8 <usbd_edpt_xfer>
100098c4:	e787      	b.n	100097d6 <mscd_control_xfer_cb+0x42>
100098c6:	f7ff fd43 	bl	10009350 <usbd_edpt_stall>
100098ca:	2001      	movs	r0, #1
100098cc:	e783      	b.n	100097d6 <mscd_control_xfer_cb+0x42>
100098ce:	46c0      	nop			@ (mov r8, r8)
100098d0:	2000964c 	.word	0x2000964c
100098d4:	2000164c 	.word	0x2000164c
100098d8:	00000000 	.word	0x00000000

100098dc <mscd_xfer_cb>:
100098dc:	b5f0      	push	{r4, r5, r6, r7, lr}
100098de:	464e      	mov	r6, r9
100098e0:	46de      	mov	lr, fp
100098e2:	4657      	mov	r7, sl
100098e4:	4645      	mov	r5, r8
100098e6:	b5e0      	push	{r5, r6, r7, lr}
100098e8:	001f      	movs	r7, r3
100098ea:	2330      	movs	r3, #48	@ 0x30
100098ec:	4cb6      	ldr	r4, [pc, #728]	@ (10009bc8 <mscd_xfer_cb+0x2ec>)
100098ee:	4683      	mov	fp, r0
100098f0:	5ce6      	ldrb	r6, [r4, r3]
100098f2:	4699      	mov	r9, r3
100098f4:	b091      	sub	sp, #68	@ 0x44
100098f6:	2e01      	cmp	r6, #1
100098f8:	d079      	beq.n	100099ee <mscd_xfer_cb+0x112>
100098fa:	2e03      	cmp	r6, #3
100098fc:	d054      	beq.n	100099a8 <mscd_xfer_cb+0xcc>
100098fe:	2e00      	cmp	r6, #0
10009900:	d14e      	bne.n	100099a0 <mscd_xfer_cb+0xc4>
10009902:	3b01      	subs	r3, #1
10009904:	5ce3      	ldrb	r3, [r4, r3]
10009906:	428b      	cmp	r3, r1
10009908:	d14c      	bne.n	100099a4 <mscd_xfer_cb+0xc8>
1000990a:	2f1f      	cmp	r7, #31
1000990c:	d000      	beq.n	10009910 <mscd_xfer_cb+0x34>
1000990e:	e0af      	b.n	10009a70 <mscd_xfer_cb+0x194>
10009910:	4bae      	ldr	r3, [pc, #696]	@ (10009bcc <mscd_xfer_cb+0x2f0>)
10009912:	469a      	mov	sl, r3
10009914:	4652      	mov	r2, sl
10009916:	4bae      	ldr	r3, [pc, #696]	@ (10009bd0 <mscd_xfer_cb+0x2f4>)
10009918:	6812      	ldr	r2, [r2, #0]
1000991a:	429a      	cmp	r2, r3
1000991c:	d000      	beq.n	10009920 <mscd_xfer_cb+0x44>
1000991e:	e0a7      	b.n	10009a70 <mscd_xfer_cb+0x194>
10009920:	0023      	movs	r3, r4
10009922:	4652      	mov	r2, sl
10009924:	caa1      	ldmia	r2!, {r0, r5, r7}
10009926:	c3a1      	stmia	r3!, {r0, r5, r7}
10009928:	caa1      	ldmia	r2!, {r0, r5, r7}
1000992a:	c3a1      	stmia	r3!, {r0, r5, r7}
1000992c:	6810      	ldr	r0, [r2, #0]
1000992e:	6018      	str	r0, [r3, #0]
10009930:	8890      	ldrh	r0, [r2, #4]
10009932:	8098      	strh	r0, [r3, #4]
10009934:	7992      	ldrb	r2, [r2, #6]
10009936:	202c      	movs	r0, #44	@ 0x2c
10009938:	719a      	strb	r2, [r3, #6]
1000993a:	4ba6      	ldr	r3, [pc, #664]	@ (10009bd4 <mscd_xfer_cb+0x2f8>)
1000993c:	464a      	mov	r2, r9
1000993e:	6223      	str	r3, [r4, #32]
10009940:	6863      	ldr	r3, [r4, #4]
10009942:	5426      	strb	r6, [r4, r0]
10009944:	6263      	str	r3, [r4, #36]	@ 0x24
10009946:	2301      	movs	r3, #1
10009948:	54a3      	strb	r3, [r4, r2]
1000994a:	7be2      	ldrb	r2, [r4, #15]
1000994c:	68a3      	ldr	r3, [r4, #8]
1000994e:	62a6      	str	r6, [r4, #40]	@ 0x28
10009950:	6363      	str	r3, [r4, #52]	@ 0x34
10009952:	63a6      	str	r6, [r4, #56]	@ 0x38
10009954:	2a28      	cmp	r2, #40	@ 0x28
10009956:	d100      	bne.n	1000995a <mscd_xfer_cb+0x7e>
10009958:	e0e9      	b.n	10009b2e <mscd_xfer_cb+0x252>
1000995a:	2a2a      	cmp	r2, #42	@ 0x2a
1000995c:	d100      	bne.n	10009960 <mscd_xfer_cb+0x84>
1000995e:	e2d4      	b.n	10009f0a <mscd_xfer_cb+0x62e>
10009960:	2b00      	cmp	r3, #0
10009962:	d100      	bne.n	10009966 <mscd_xfer_cb+0x8a>
10009964:	e129      	b.n	10009bba <mscd_xfer_cb+0x2de>
10009966:	7b20      	ldrb	r0, [r4, #12]
10009968:	09c0      	lsrs	r0, r0, #7
1000996a:	d000      	beq.n	1000996e <mscd_xfer_cb+0x92>
1000996c:	e125      	b.n	10009bba <mscd_xfer_cb+0x2de>
1000996e:	2280      	movs	r2, #128	@ 0x80
10009970:	0212      	lsls	r2, r2, #8
10009972:	4293      	cmp	r3, r2
10009974:	d800      	bhi.n	10009978 <mscd_xfer_cb+0x9c>
10009976:	e31b      	b.n	10009fb0 <mscd_xfer_cb+0x6d4>
10009978:	222c      	movs	r2, #44	@ 0x2c
1000997a:	62a3      	str	r3, [r4, #40]	@ 0x28
1000997c:	2330      	movs	r3, #48	@ 0x30
1000997e:	3001      	adds	r0, #1
10009980:	54a0      	strb	r0, [r4, r2]
10009982:	3a2a      	subs	r2, #42	@ 0x2a
10009984:	54e2      	strb	r2, [r4, r3]
10009986:	330c      	adds	r3, #12
10009988:	5ce3      	ldrb	r3, [r4, r3]
1000998a:	2b00      	cmp	r3, #0
1000998c:	d103      	bne.n	10009996 <mscd_xfer_cb+0xba>
1000998e:	4a92      	ldr	r2, [pc, #584]	@ (10009bd8 <mscd_xfer_cb+0x2fc>)
10009990:	87a2      	strh	r2, [r4, #60]	@ 0x3c
10009992:	223e      	movs	r2, #62	@ 0x3e
10009994:	54a3      	strb	r3, [r4, r2]
10009996:	4658      	mov	r0, fp
10009998:	f7ff fcda 	bl	10009350 <usbd_edpt_stall>
1000999c:	2330      	movs	r3, #48	@ 0x30
1000999e:	5ce6      	ldrb	r6, [r4, r3]
100099a0:	2e02      	cmp	r6, #2
100099a2:	d03f      	beq.n	10009a24 <mscd_xfer_cb+0x148>
100099a4:	2001      	movs	r0, #1
100099a6:	e05c      	b.n	10009a62 <mscd_xfer_cb+0x186>
100099a8:	232e      	movs	r3, #46	@ 0x2e
100099aa:	5ce3      	ldrb	r3, [r4, r3]
100099ac:	428b      	cmp	r3, r1
100099ae:	d1f9      	bne.n	100099a4 <mscd_xfer_cb+0xc8>
100099b0:	2f0d      	cmp	r7, #13
100099b2:	d1f7      	bne.n	100099a4 <mscd_xfer_cb+0xc8>
100099b4:	7be3      	ldrb	r3, [r4, #15]
100099b6:	2b28      	cmp	r3, #40	@ 0x28
100099b8:	d100      	bne.n	100099bc <mscd_xfer_cb+0xe0>
100099ba:	e29e      	b.n	10009efa <mscd_xfer_cb+0x61e>
100099bc:	2b2a      	cmp	r3, #42	@ 0x2a
100099be:	d100      	bne.n	100099c2 <mscd_xfer_cb+0xe6>
100099c0:	e293      	b.n	10009eea <mscd_xfer_cb+0x60e>
100099c2:	4b86      	ldr	r3, [pc, #536]	@ (10009bdc <mscd_xfer_cb+0x300>)
100099c4:	2b00      	cmp	r3, #0
100099c6:	d004      	beq.n	100099d2 <mscd_xfer_cb+0xf6>
100099c8:	0021      	movs	r1, r4
100099ca:	7b60      	ldrb	r0, [r4, #13]
100099cc:	310f      	adds	r1, #15
100099ce:	e000      	b.n	100099d2 <mscd_xfer_cb+0xf6>
100099d0:	bf00      	nop
100099d2:	2300      	movs	r3, #0
100099d4:	2630      	movs	r6, #48	@ 0x30
100099d6:	55a3      	strb	r3, [r4, r6]
100099d8:	332f      	adds	r3, #47	@ 0x2f
100099da:	5ce1      	ldrb	r1, [r4, r3]
100099dc:	4658      	mov	r0, fp
100099de:	4a7b      	ldr	r2, [pc, #492]	@ (10009bcc <mscd_xfer_cb+0x2f0>)
100099e0:	3b10      	subs	r3, #16
100099e2:	f7ff fc81 	bl	100092e8 <usbd_edpt_xfer>
100099e6:	2800      	cmp	r0, #0
100099e8:	d04f      	beq.n	10009a8a <mscd_xfer_cb+0x1ae>
100099ea:	5da6      	ldrb	r6, [r4, r6]
100099ec:	e7d8      	b.n	100099a0 <mscd_xfer_cb+0xc4>
100099ee:	6ba2      	ldr	r2, [r4, #56]	@ 0x38
100099f0:	7be3      	ldrb	r3, [r4, #15]
100099f2:	4690      	mov	r8, r2
100099f4:	2b28      	cmp	r3, #40	@ 0x28
100099f6:	d00c      	beq.n	10009a12 <mscd_xfer_cb+0x136>
100099f8:	2b2a      	cmp	r3, #42	@ 0x2a
100099fa:	d05d      	beq.n	10009ab8 <mscd_xfer_cb+0x1dc>
100099fc:	003b      	movs	r3, r7
100099fe:	7b22      	ldrb	r2, [r4, #12]
10009a00:	4443      	add	r3, r8
10009a02:	6b61      	ldr	r1, [r4, #52]	@ 0x34
10009a04:	63a3      	str	r3, [r4, #56]	@ 0x38
10009a06:	09d2      	lsrs	r2, r2, #7
10009a08:	d046      	beq.n	10009a98 <mscd_xfer_cb+0x1bc>
10009a0a:	428b      	cmp	r3, r1
10009a0c:	d207      	bcs.n	10009a1e <mscd_xfer_cb+0x142>
10009a0e:	2001      	movs	r0, #1
10009a10:	e027      	b.n	10009a62 <mscd_xfer_cb+0x186>
10009a12:	6b63      	ldr	r3, [r4, #52]	@ 0x34
10009a14:	4447      	add	r7, r8
10009a16:	63a7      	str	r7, [r4, #56]	@ 0x38
10009a18:	429f      	cmp	r7, r3
10009a1a:	d200      	bcs.n	10009a1e <mscd_xfer_cb+0x142>
10009a1c:	e082      	b.n	10009b24 <mscd_xfer_cb+0x248>
10009a1e:	2330      	movs	r3, #48	@ 0x30
10009a20:	2202      	movs	r2, #2
10009a22:	54e2      	strb	r2, [r4, r3]
10009a24:	262e      	movs	r6, #46	@ 0x2e
10009a26:	4658      	mov	r0, fp
10009a28:	5da1      	ldrb	r1, [r4, r6]
10009a2a:	f7ff fcad 	bl	10009388 <usbd_edpt_stalled>
10009a2e:	2800      	cmp	r0, #0
10009a30:	d1b8      	bne.n	100099a4 <mscd_xfer_cb+0xc8>
10009a32:	68a3      	ldr	r3, [r4, #8]
10009a34:	6ba2      	ldr	r2, [r4, #56]	@ 0x38
10009a36:	5da1      	ldrb	r1, [r4, r6]
10009a38:	4293      	cmp	r3, r2
10009a3a:	d902      	bls.n	10009a42 <mscd_xfer_cb+0x166>
10009a3c:	7b20      	ldrb	r0, [r4, #12]
10009a3e:	09c0      	lsrs	r0, r0, #7
10009a40:	d125      	bne.n	10009a8e <mscd_xfer_cb+0x1b2>
10009a42:	1a9b      	subs	r3, r3, r2
10009a44:	62a3      	str	r3, [r4, #40]	@ 0x28
10009a46:	2203      	movs	r2, #3
10009a48:	2330      	movs	r3, #48	@ 0x30
10009a4a:	54e2      	strb	r2, [r4, r3]
10009a4c:	4a5f      	ldr	r2, [pc, #380]	@ (10009bcc <mscd_xfer_cb+0x2f0>)
10009a4e:	3420      	adds	r4, #32
10009a50:	0013      	movs	r3, r2
10009a52:	ccc1      	ldmia	r4!, {r0, r6, r7}
10009a54:	c3c1      	stmia	r3!, {r0, r6, r7}
10009a56:	7820      	ldrb	r0, [r4, #0]
10009a58:	7018      	strb	r0, [r3, #0]
10009a5a:	230d      	movs	r3, #13
10009a5c:	4658      	mov	r0, fp
10009a5e:	f7ff fc43 	bl	100092e8 <usbd_edpt_xfer>
10009a62:	b011      	add	sp, #68	@ 0x44
10009a64:	bcf0      	pop	{r4, r5, r6, r7}
10009a66:	46bb      	mov	fp, r7
10009a68:	46b2      	mov	sl, r6
10009a6a:	46a9      	mov	r9, r5
10009a6c:	46a0      	mov	r8, r4
10009a6e:	bdf0      	pop	{r4, r5, r6, r7, pc}
10009a70:	2330      	movs	r3, #48	@ 0x30
10009a72:	2204      	movs	r2, #4
10009a74:	54e2      	strb	r2, [r4, r3]
10009a76:	3b02      	subs	r3, #2
10009a78:	5ce1      	ldrb	r1, [r4, r3]
10009a7a:	4658      	mov	r0, fp
10009a7c:	f7ff fc68 	bl	10009350 <usbd_edpt_stall>
10009a80:	232f      	movs	r3, #47	@ 0x2f
10009a82:	4658      	mov	r0, fp
10009a84:	5ce1      	ldrb	r1, [r4, r3]
10009a86:	f7ff fc63 	bl	10009350 <usbd_edpt_stall>
10009a8a:	2000      	movs	r0, #0
10009a8c:	e7e9      	b.n	10009a62 <mscd_xfer_cb+0x186>
10009a8e:	4658      	mov	r0, fp
10009a90:	f7ff fc5e 	bl	10009350 <usbd_edpt_stall>
10009a94:	2001      	movs	r0, #1
10009a96:	e7e4      	b.n	10009a62 <mscd_xfer_cb+0x186>
10009a98:	b28b      	uxth	r3, r1
10009a9a:	0021      	movs	r1, r4
10009a9c:	4a4b      	ldr	r2, [pc, #300]	@ (10009bcc <mscd_xfer_cb+0x2f0>)
10009a9e:	7b60      	ldrb	r0, [r4, #13]
10009aa0:	310f      	adds	r1, #15
10009aa2:	f7fa faab 	bl	10003ffc <tud_msc_scsi_cb>
10009aa6:	2800      	cmp	r0, #0
10009aa8:	da00      	bge.n	10009aac <mscd_xfer_cb+0x1d0>
10009aaa:	e1df      	b.n	10009e6c <mscd_xfer_cb+0x590>
10009aac:	6ba2      	ldr	r2, [r4, #56]	@ 0x38
10009aae:	6b63      	ldr	r3, [r4, #52]	@ 0x34
10009ab0:	429a      	cmp	r2, r3
10009ab2:	d200      	bcs.n	10009ab6 <mscd_xfer_cb+0x1da>
10009ab4:	e772      	b.n	1000999c <mscd_xfer_cb+0xc0>
10009ab6:	e7b2      	b.n	10009a1e <mscd_xfer_cb+0x142>
10009ab8:	8ae3      	ldrh	r3, [r4, #22]
10009aba:	2b00      	cmp	r3, #0
10009abc:	d100      	bne.n	10009ac0 <mscd_xfer_cb+0x1e4>
10009abe:	e1d3      	b.n	10009e68 <mscd_xfer_cb+0x58c>
10009ac0:	ba5b      	rev16	r3, r3
10009ac2:	b299      	uxth	r1, r3
10009ac4:	68a0      	ldr	r0, [r4, #8]
10009ac6:	f7fb fe6d 	bl	100057a4 <__wrap___aeabi_uidiv>
10009aca:	0401      	lsls	r1, r0, #16
10009acc:	0c09      	lsrs	r1, r1, #16
10009ace:	6922      	ldr	r2, [r4, #16]
10009ad0:	7d23      	ldrb	r3, [r4, #20]
10009ad2:	0a12      	lsrs	r2, r2, #8
10009ad4:	061b      	lsls	r3, r3, #24
10009ad6:	4313      	orrs	r3, r2
10009ad8:	4640      	mov	r0, r8
10009ada:	ba1e      	rev	r6, r3
10009adc:	f7fb fe62 	bl	100057a4 <__wrap___aeabi_uidiv>
10009ae0:	4b3a      	ldr	r3, [pc, #232]	@ (10009bcc <mscd_xfer_cb+0x2f0>)
10009ae2:	000a      	movs	r2, r1
10009ae4:	1981      	adds	r1, r0, r6
10009ae6:	7b60      	ldrb	r0, [r4, #13]
10009ae8:	9700      	str	r7, [sp, #0]
10009aea:	469a      	mov	sl, r3
10009aec:	f7fa f9d6 	bl	10003e9c <tud_msc_write10_cb>
10009af0:	2800      	cmp	r0, #0
10009af2:	db3d      	blt.n	10009b70 <mscd_xfer_cb+0x294>
10009af4:	4287      	cmp	r7, r0
10009af6:	d800      	bhi.n	10009afa <mscd_xfer_cb+0x21e>
10009af8:	e1d7      	b.n	10009eaa <mscd_xfer_cb+0x5ce>
10009afa:	1a3f      	subs	r7, r7, r0
10009afc:	2800      	cmp	r0, #0
10009afe:	d000      	beq.n	10009b02 <mscd_xfer_cb+0x226>
10009b00:	e24a      	b.n	10009f98 <mscd_xfer_cb+0x6bc>
10009b02:	232f      	movs	r3, #47	@ 0x2f
10009b04:	465a      	mov	r2, fp
10009b06:	5ce3      	ldrb	r3, [r4, r3]
10009b08:	a807      	add	r0, sp, #28
10009b0a:	7002      	strb	r2, [r0, #0]
10009b0c:	7103      	strb	r3, [r0, #4]
10009b0e:	2207      	movs	r2, #7
10009b10:	2300      	movs	r3, #0
10009b12:	2100      	movs	r1, #0
10009b14:	7143      	strb	r3, [r0, #5]
10009b16:	7042      	strb	r2, [r0, #1]
10009b18:	6087      	str	r7, [r0, #8]
10009b1a:	f000 fd5d 	bl	1000a5d8 <__dcd_event_handler_veneer>
10009b1e:	2330      	movs	r3, #48	@ 0x30
10009b20:	5ce6      	ldrb	r6, [r4, r3]
10009b22:	e73d      	b.n	100099a0 <mscd_xfer_cb+0xc4>
10009b24:	f7ff fd64 	bl	100095f0 <proc_read10_cmd.constprop.0>
10009b28:	464b      	mov	r3, r9
10009b2a:	5ce6      	ldrb	r6, [r4, r3]
10009b2c:	e738      	b.n	100099a0 <mscd_xfer_cb+0xc4>
10009b2e:	8ae2      	ldrh	r2, [r4, #22]
10009b30:	2b00      	cmp	r3, #0
10009b32:	d100      	bne.n	10009b36 <mscd_xfer_cb+0x25a>
10009b34:	e188      	b.n	10009e48 <mscd_xfer_cb+0x56c>
10009b36:	7b26      	ldrb	r6, [r4, #12]
10009b38:	09f6      	lsrs	r6, r6, #7
10009b3a:	d100      	bne.n	10009b3e <mscd_xfer_cb+0x262>
10009b3c:	e26f      	b.n	1000a01e <mscd_xfer_cb+0x742>
10009b3e:	2a00      	cmp	r2, #0
10009b40:	d000      	beq.n	10009b44 <mscd_xfer_cb+0x268>
10009b42:	e219      	b.n	10009f78 <mscd_xfer_cb+0x69c>
10009b44:	222c      	movs	r2, #44	@ 0x2c
10009b46:	2001      	movs	r0, #1
10009b48:	62a3      	str	r3, [r4, #40]	@ 0x28
10009b4a:	2330      	movs	r3, #48	@ 0x30
10009b4c:	54a0      	strb	r0, [r4, r2]
10009b4e:	3a2a      	subs	r2, #42	@ 0x2a
10009b50:	54e2      	strb	r2, [r4, r3]
10009b52:	330c      	adds	r3, #12
10009b54:	5ce3      	ldrb	r3, [r4, r3]
10009b56:	2b00      	cmp	r3, #0
10009b58:	d107      	bne.n	10009b6a <mscd_xfer_cb+0x28e>
10009b5a:	4a1f      	ldr	r2, [pc, #124]	@ (10009bd8 <mscd_xfer_cb+0x2fc>)
10009b5c:	87a2      	strh	r2, [r4, #60]	@ 0x3c
10009b5e:	223e      	movs	r2, #62	@ 0x3e
10009b60:	54a3      	strb	r3, [r4, r2]
10009b62:	7b23      	ldrb	r3, [r4, #12]
10009b64:	09db      	lsrs	r3, r3, #7
10009b66:	d100      	bne.n	10009b6a <mscd_xfer_cb+0x28e>
10009b68:	e715      	b.n	10009996 <mscd_xfer_cb+0xba>
10009b6a:	232e      	movs	r3, #46	@ 0x2e
10009b6c:	5ce1      	ldrb	r1, [r4, r3]
10009b6e:	e712      	b.n	10009996 <mscd_xfer_cb+0xba>
10009b70:	223c      	movs	r2, #60	@ 0x3c
10009b72:	6ba3      	ldr	r3, [r4, #56]	@ 0x38
10009b74:	18fb      	adds	r3, r7, r3
10009b76:	63a3      	str	r3, [r4, #56]	@ 0x38
10009b78:	5ca2      	ldrb	r2, [r4, r2]
10009b7a:	2a00      	cmp	r2, #0
10009b7c:	d103      	bne.n	10009b86 <mscd_xfer_cb+0x2aa>
10009b7e:	4918      	ldr	r1, [pc, #96]	@ (10009be0 <mscd_xfer_cb+0x304>)
10009b80:	87a1      	strh	r1, [r4, #60]	@ 0x3c
10009b82:	213e      	movs	r1, #62	@ 0x3e
10009b84:	5462      	strb	r2, [r4, r1]
10009b86:	222c      	movs	r2, #44	@ 0x2c
10009b88:	2101      	movs	r1, #1
10009b8a:	2630      	movs	r6, #48	@ 0x30
10009b8c:	54a1      	strb	r1, [r4, r2]
10009b8e:	2102      	movs	r1, #2
10009b90:	68a2      	ldr	r2, [r4, #8]
10009b92:	55a1      	strb	r1, [r4, r6]
10009b94:	1ad3      	subs	r3, r2, r3
10009b96:	62a3      	str	r3, [r4, #40]	@ 0x28
10009b98:	2a00      	cmp	r2, #0
10009b9a:	d100      	bne.n	10009b9e <mscd_xfer_cb+0x2c2>
10009b9c:	e742      	b.n	10009a24 <mscd_xfer_cb+0x148>
10009b9e:	2b00      	cmp	r3, #0
10009ba0:	d100      	bne.n	10009ba4 <mscd_xfer_cb+0x2c8>
10009ba2:	e73f      	b.n	10009a24 <mscd_xfer_cb+0x148>
10009ba4:	7b23      	ldrb	r3, [r4, #12]
10009ba6:	09db      	lsrs	r3, r3, #7
10009ba8:	d100      	bne.n	10009bac <mscd_xfer_cb+0x2d0>
10009baa:	e22b      	b.n	1000a004 <mscd_xfer_cb+0x728>
10009bac:	232e      	movs	r3, #46	@ 0x2e
10009bae:	4658      	mov	r0, fp
10009bb0:	5ce1      	ldrb	r1, [r4, r3]
10009bb2:	f7ff fbcd 	bl	10009350 <usbd_edpt_stall>
10009bb6:	5da6      	ldrb	r6, [r4, r6]
10009bb8:	e6f2      	b.n	100099a0 <mscd_xfer_cb+0xc4>
10009bba:	7b67      	ldrb	r7, [r4, #13]
10009bbc:	2a25      	cmp	r2, #37	@ 0x25
10009bbe:	d813      	bhi.n	10009be8 <mscd_xfer_cb+0x30c>
10009bc0:	4908      	ldr	r1, [pc, #32]	@ (10009be4 <mscd_xfer_cb+0x308>)
10009bc2:	0092      	lsls	r2, r2, #2
10009bc4:	588a      	ldr	r2, [r1, r2]
10009bc6:	4697      	mov	pc, r2
10009bc8:	2000964c 	.word	0x2000964c
10009bcc:	2000164c 	.word	0x2000164c
10009bd0:	43425355 	.word	0x43425355
10009bd4:	53425355 	.word	0x53425355
10009bd8:	00002005 	.word	0x00002005
10009bdc:	00000000 	.word	0x00000000
10009be0:	00003a02 	.word	0x00003a02
10009be4:	1000be9c 	.word	0x1000be9c
10009be8:	223c      	movs	r2, #60	@ 0x3c
10009bea:	5ca2      	ldrb	r2, [r4, r2]
10009bec:	2a00      	cmp	r2, #0
10009bee:	d000      	beq.n	10009bf2 <mscd_xfer_cb+0x316>
10009bf0:	e225      	b.n	1000a03e <mscd_xfer_cb+0x762>
10009bf2:	4652      	mov	r2, sl
10009bf4:	0038      	movs	r0, r7
10009bf6:	49d5      	ldr	r1, [pc, #852]	@ (10009f4c <mscd_xfer_cb+0x670>)
10009bf8:	b29b      	uxth	r3, r3
10009bfa:	f7fa f9ff 	bl	10003ffc <tud_msc_scsi_cb>
10009bfe:	2800      	cmp	r0, #0
10009c00:	da00      	bge.n	10009c04 <mscd_xfer_cb+0x328>
10009c02:	e084      	b.n	10009d0e <mscd_xfer_cb+0x432>
10009c04:	2800      	cmp	r0, #0
10009c06:	d132      	bne.n	10009c6e <mscd_xfer_cb+0x392>
10009c08:	68a3      	ldr	r3, [r4, #8]
10009c0a:	2b00      	cmp	r3, #0
10009c0c:	d100      	bne.n	10009c10 <mscd_xfer_cb+0x334>
10009c0e:	e706      	b.n	10009a1e <mscd_xfer_cb+0x142>
10009c10:	222c      	movs	r2, #44	@ 0x2c
10009c12:	2101      	movs	r1, #1
10009c14:	54a1      	strb	r1, [r4, r2]
10009c16:	6ba2      	ldr	r2, [r4, #56]	@ 0x38
10009c18:	3101      	adds	r1, #1
10009c1a:	1a9b      	subs	r3, r3, r2
10009c1c:	2230      	movs	r2, #48	@ 0x30
10009c1e:	62a3      	str	r3, [r4, #40]	@ 0x28
10009c20:	54a1      	strb	r1, [r4, r2]
10009c22:	320c      	adds	r2, #12
10009c24:	5ca2      	ldrb	r2, [r4, r2]
10009c26:	2a00      	cmp	r2, #0
10009c28:	d103      	bne.n	10009c32 <mscd_xfer_cb+0x356>
10009c2a:	49c9      	ldr	r1, [pc, #804]	@ (10009f50 <mscd_xfer_cb+0x674>)
10009c2c:	87a1      	strh	r1, [r4, #60]	@ 0x3c
10009c2e:	213e      	movs	r1, #62	@ 0x3e
10009c30:	5462      	strb	r2, [r4, r1]
10009c32:	2b00      	cmp	r3, #0
10009c34:	d100      	bne.n	10009c38 <mscd_xfer_cb+0x35c>
10009c36:	e6f5      	b.n	10009a24 <mscd_xfer_cb+0x148>
10009c38:	7b23      	ldrb	r3, [r4, #12]
10009c3a:	09db      	lsrs	r3, r3, #7
10009c3c:	d195      	bne.n	10009b6a <mscd_xfer_cb+0x28e>
10009c3e:	232f      	movs	r3, #47	@ 0x2f
10009c40:	5ce1      	ldrb	r1, [r4, r3]
10009c42:	e6a8      	b.n	10009996 <mscd_xfer_cb+0xba>
10009c44:	ae06      	add	r6, sp, #24
10009c46:	0032      	movs	r2, r6
10009c48:	0038      	movs	r0, r7
10009c4a:	a907      	add	r1, sp, #28
10009c4c:	f7fa f8be 	bl	10003dcc <tud_msc_capacity_cb>
10009c50:	9b07      	ldr	r3, [sp, #28]
10009c52:	2b00      	cmp	r3, #0
10009c54:	d100      	bne.n	10009c58 <mscd_xfer_cb+0x37c>
10009c56:	e1cb      	b.n	10009ff0 <mscd_xfer_cb+0x714>
10009c58:	8832      	ldrh	r2, [r6, #0]
10009c5a:	2a00      	cmp	r2, #0
10009c5c:	d100      	bne.n	10009c60 <mscd_xfer_cb+0x384>
10009c5e:	e1c7      	b.n	10009ff0 <mscd_xfer_cb+0x714>
10009c60:	4651      	mov	r1, sl
10009c62:	2008      	movs	r0, #8
10009c64:	3b01      	subs	r3, #1
10009c66:	ba1b      	rev	r3, r3
10009c68:	ba12      	rev	r2, r2
10009c6a:	600b      	str	r3, [r1, #0]
10009c6c:	604a      	str	r2, [r1, #4]
10009c6e:	68a3      	ldr	r3, [r4, #8]
10009c70:	2b00      	cmp	r3, #0
10009c72:	d000      	beq.n	10009c76 <mscd_xfer_cb+0x39a>
10009c74:	e1ac      	b.n	10009fd0 <mscd_xfer_cb+0x6f4>
10009c76:	2201      	movs	r2, #1
10009c78:	332c      	adds	r3, #44	@ 0x2c
10009c7a:	54e2      	strb	r2, [r4, r3]
10009c7c:	6ba3      	ldr	r3, [r4, #56]	@ 0x38
10009c7e:	3201      	adds	r2, #1
10009c80:	425b      	negs	r3, r3
10009c82:	62a3      	str	r3, [r4, #40]	@ 0x28
10009c84:	2330      	movs	r3, #48	@ 0x30
10009c86:	54e2      	strb	r2, [r4, r3]
10009c88:	330c      	adds	r3, #12
10009c8a:	5ce3      	ldrb	r3, [r4, r3]
10009c8c:	2b00      	cmp	r3, #0
10009c8e:	d000      	beq.n	10009c92 <mscd_xfer_cb+0x3b6>
10009c90:	e6c8      	b.n	10009a24 <mscd_xfer_cb+0x148>
10009c92:	4aaf      	ldr	r2, [pc, #700]	@ (10009f50 <mscd_xfer_cb+0x674>)
10009c94:	87a2      	strh	r2, [r4, #60]	@ 0x3c
10009c96:	223e      	movs	r2, #62	@ 0x3e
10009c98:	54a3      	strb	r3, [r4, r2]
10009c9a:	e6c3      	b.n	10009a24 <mscd_xfer_cb+0x148>
10009c9c:	ae07      	add	r6, sp, #28
10009c9e:	220c      	movs	r2, #12
10009ca0:	2100      	movs	r1, #0
10009ca2:	0030      	movs	r0, r6
10009ca4:	f7fc fc80 	bl	100065a8 <__wrap_memset>
10009ca8:	aa02      	add	r2, sp, #8
10009caa:	4694      	mov	ip, r2
10009cac:	230e      	movs	r3, #14
10009cae:	4463      	add	r3, ip
10009cb0:	001a      	movs	r2, r3
10009cb2:	0038      	movs	r0, r7
10009cb4:	a906      	add	r1, sp, #24
10009cb6:	4699      	mov	r9, r3
10009cb8:	f7fa f888 	bl	10003dcc <tud_msc_capacity_cb>
10009cbc:	9a06      	ldr	r2, [sp, #24]
10009cbe:	2a00      	cmp	r2, #0
10009cc0:	d100      	bne.n	10009cc4 <mscd_xfer_cb+0x3e8>
10009cc2:	e195      	b.n	10009ff0 <mscd_xfer_cb+0x714>
10009cc4:	464b      	mov	r3, r9
10009cc6:	881b      	ldrh	r3, [r3, #0]
10009cc8:	2b00      	cmp	r3, #0
10009cca:	d100      	bne.n	10009cce <mscd_xfer_cb+0x3f2>
10009ccc:	e190      	b.n	10009ff0 <mscd_xfer_cb+0x714>
10009cce:	2108      	movs	r1, #8
10009cd0:	ba12      	rev	r2, r2
10009cd2:	ba5b      	rev16	r3, r3
10009cd4:	70f1      	strb	r1, [r6, #3]
10009cd6:	9208      	str	r2, [sp, #32]
10009cd8:	2202      	movs	r2, #2
10009cda:	8173      	strh	r3, [r6, #10]
10009cdc:	4653      	mov	r3, sl
10009cde:	7232      	strb	r2, [r6, #8]
10009ce0:	ce83      	ldmia	r6!, {r0, r1, r7}
10009ce2:	c383      	stmia	r3!, {r0, r1, r7}
10009ce4:	200c      	movs	r0, #12
10009ce6:	e7c2      	b.n	10009c6e <mscd_xfer_cb+0x392>
10009ce8:	4b9a      	ldr	r3, [pc, #616]	@ (10009f54 <mscd_xfer_cb+0x678>)
10009cea:	2b00      	cmp	r3, #0
10009cec:	d08c      	beq.n	10009c08 <mscd_xfer_cb+0x32c>
10009cee:	0038      	movs	r0, r7
10009cf0:	7d22      	ldrb	r2, [r4, #20]
10009cf2:	7ce1      	ldrb	r1, [r4, #19]
10009cf4:	e000      	b.n	10009cf8 <mscd_xfer_cb+0x41c>
10009cf6:	bf00      	nop
10009cf8:	2800      	cmp	r0, #0
10009cfa:	d185      	bne.n	10009c08 <mscd_xfer_cb+0x32c>
10009cfc:	233c      	movs	r3, #60	@ 0x3c
10009cfe:	5ce3      	ldrb	r3, [r4, r3]
10009d00:	2b00      	cmp	r3, #0
10009d02:	d104      	bne.n	10009d0e <mscd_xfer_cb+0x432>
10009d04:	4b94      	ldr	r3, [pc, #592]	@ (10009f58 <mscd_xfer_cb+0x67c>)
10009d06:	2200      	movs	r2, #0
10009d08:	87a3      	strh	r3, [r4, #60]	@ 0x3c
10009d0a:	233e      	movs	r3, #62	@ 0x3e
10009d0c:	54e2      	strb	r2, [r4, r3]
10009d0e:	213c      	movs	r1, #60	@ 0x3c
10009d10:	202c      	movs	r0, #44	@ 0x2c
10009d12:	2601      	movs	r6, #1
10009d14:	68a3      	ldr	r3, [r4, #8]
10009d16:	6ba2      	ldr	r2, [r4, #56]	@ 0x38
10009d18:	5c61      	ldrb	r1, [r4, r1]
10009d1a:	1a9a      	subs	r2, r3, r2
10009d1c:	5426      	strb	r6, [r4, r0]
10009d1e:	3004      	adds	r0, #4
10009d20:	19b6      	adds	r6, r6, r6
10009d22:	62a2      	str	r2, [r4, #40]	@ 0x28
10009d24:	5426      	strb	r6, [r4, r0]
10009d26:	2900      	cmp	r1, #0
10009d28:	d103      	bne.n	10009d32 <mscd_xfer_cb+0x456>
10009d2a:	4889      	ldr	r0, [pc, #548]	@ (10009f50 <mscd_xfer_cb+0x674>)
10009d2c:	87a0      	strh	r0, [r4, #60]	@ 0x3c
10009d2e:	203e      	movs	r0, #62	@ 0x3e
10009d30:	5421      	strb	r1, [r4, r0]
10009d32:	2b00      	cmp	r3, #0
10009d34:	d100      	bne.n	10009d38 <mscd_xfer_cb+0x45c>
10009d36:	e675      	b.n	10009a24 <mscd_xfer_cb+0x148>
10009d38:	2a00      	cmp	r2, #0
10009d3a:	d100      	bne.n	10009d3e <mscd_xfer_cb+0x462>
10009d3c:	e672      	b.n	10009a24 <mscd_xfer_cb+0x148>
10009d3e:	e77b      	b.n	10009c38 <mscd_xfer_cb+0x35c>
10009d40:	4b86      	ldr	r3, [pc, #536]	@ (10009f5c <mscd_xfer_cb+0x680>)
10009d42:	2b00      	cmp	r3, #0
10009d44:	d100      	bne.n	10009d48 <mscd_xfer_cb+0x46c>
10009d46:	e75f      	b.n	10009c08 <mscd_xfer_cb+0x32c>
10009d48:	7ce1      	ldrb	r1, [r4, #19]
10009d4a:	0038      	movs	r0, r7
10009d4c:	078b      	lsls	r3, r1, #30
10009d4e:	07ca      	lsls	r2, r1, #31
10009d50:	0fdb      	lsrs	r3, r3, #31
10009d52:	0fd2      	lsrs	r2, r2, #31
10009d54:	0909      	lsrs	r1, r1, #4
10009d56:	f7fa f843 	bl	10003de0 <tud_msc_start_stop_cb>
10009d5a:	2800      	cmp	r0, #0
10009d5c:	d000      	beq.n	10009d60 <mscd_xfer_cb+0x484>
10009d5e:	e753      	b.n	10009c08 <mscd_xfer_cb+0x32c>
10009d60:	e7cc      	b.n	10009cfc <mscd_xfer_cb+0x420>
10009d62:	4b7f      	ldr	r3, [pc, #508]	@ (10009f60 <mscd_xfer_cb+0x684>)
10009d64:	2001      	movs	r0, #1
10009d66:	2b00      	cmp	r3, #0
10009d68:	d002      	beq.n	10009d70 <mscd_xfer_cb+0x494>
10009d6a:	0038      	movs	r0, r7
10009d6c:	f7fa f9ce 	bl	1000410c <tud_msc_is_writable_cb>
10009d70:	2301      	movs	r3, #1
10009d72:	2203      	movs	r2, #3
10009d74:	4043      	eors	r3, r0
10009d76:	b2db      	uxtb	r3, r3
10009d78:	05db      	lsls	r3, r3, #23
10009d7a:	4313      	orrs	r3, r2
10009d7c:	4652      	mov	r2, sl
10009d7e:	2004      	movs	r0, #4
10009d80:	6013      	str	r3, [r2, #0]
10009d82:	e774      	b.n	10009c6e <mscd_xfer_cb+0x392>
10009d84:	4b77      	ldr	r3, [pc, #476]	@ (10009f64 <mscd_xfer_cb+0x688>)
10009d86:	2208      	movs	r2, #8
10009d88:	9307      	str	r3, [sp, #28]
10009d8a:	231f      	movs	r3, #31
10009d8c:	2120      	movs	r1, #32
10009d8e:	a809      	add	r0, sp, #36	@ 0x24
10009d90:	9308      	str	r3, [sp, #32]
10009d92:	f7fc fc09 	bl	100065a8 <__wrap_memset>
10009d96:	2210      	movs	r2, #16
10009d98:	2120      	movs	r1, #32
10009d9a:	a80b      	add	r0, sp, #44	@ 0x2c
10009d9c:	f7fc fc04 	bl	100065a8 <__wrap_memset>
10009da0:	4b71      	ldr	r3, [pc, #452]	@ (10009f68 <mscd_xfer_cb+0x68c>)
10009da2:	0038      	movs	r0, r7
10009da4:	a909      	add	r1, sp, #36	@ 0x24
10009da6:	930f      	str	r3, [sp, #60]	@ 0x3c
10009da8:	aa0b      	add	r2, sp, #44	@ 0x2c
10009daa:	ab0f      	add	r3, sp, #60	@ 0x3c
10009dac:	ae07      	add	r6, sp, #28
10009dae:	f7f9 ff3b 	bl	10003c28 <tud_msc_inquiry_cb>
10009db2:	4652      	mov	r2, sl
10009db4:	0033      	movs	r3, r6
10009db6:	cb83      	ldmia	r3!, {r0, r1, r7}
10009db8:	c283      	stmia	r2!, {r0, r1, r7}
10009dba:	cb83      	ldmia	r3!, {r0, r1, r7}
10009dbc:	c283      	stmia	r2!, {r0, r1, r7}
10009dbe:	cb83      	ldmia	r3!, {r0, r1, r7}
10009dc0:	c283      	stmia	r2!, {r0, r1, r7}
10009dc2:	2024      	movs	r0, #36	@ 0x24
10009dc4:	e753      	b.n	10009c6e <mscd_xfer_cb+0x392>
10009dc6:	230f      	movs	r3, #15
10009dc8:	4699      	mov	r9, r3
10009dca:	464d      	mov	r5, r9
10009dcc:	332d      	adds	r3, #45	@ 0x2d
10009dce:	5ce3      	ldrb	r3, [r4, r3]
10009dd0:	263e      	movs	r6, #62	@ 0x3e
10009dd2:	401d      	ands	r5, r3
10009dd4:	233d      	movs	r3, #61	@ 0x3d
10009dd6:	a907      	add	r1, sp, #28
10009dd8:	4688      	mov	r8, r1
10009dda:	5ce3      	ldrb	r3, [r4, r3]
10009ddc:	2100      	movs	r1, #0
10009dde:	9302      	str	r3, [sp, #8]
10009de0:	5da2      	ldrb	r2, [r4, r6]
10009de2:	4640      	mov	r0, r8
10009de4:	9203      	str	r2, [sp, #12]
10009de6:	2212      	movs	r2, #18
10009de8:	f7fc fbde 	bl	100065a8 <__wrap_memset>
10009dec:	4641      	mov	r1, r8
10009dee:	23f0      	movs	r3, #240	@ 0xf0
10009df0:	700b      	strb	r3, [r1, #0]
10009df2:	464b      	mov	r3, r9
10009df4:	402b      	ands	r3, r5
10009df6:	708b      	strb	r3, [r1, #2]
10009df8:	230a      	movs	r3, #10
10009dfa:	9a03      	ldr	r2, [sp, #12]
10009dfc:	71cb      	strb	r3, [r1, #7]
10009dfe:	9b02      	ldr	r3, [sp, #8]
10009e00:	734a      	strb	r2, [r1, #13]
10009e02:	730b      	strb	r3, [r1, #12]
10009e04:	4652      	mov	r2, sl
10009e06:	4643      	mov	r3, r8
10009e08:	cb23      	ldmia	r3!, {r0, r1, r5}
10009e0a:	c223      	stmia	r2!, {r0, r1, r5}
10009e0c:	6819      	ldr	r1, [r3, #0]
10009e0e:	6011      	str	r1, [r2, #0]
10009e10:	889b      	ldrh	r3, [r3, #4]
10009e12:	8093      	strh	r3, [r2, #4]
10009e14:	4b55      	ldr	r3, [pc, #340]	@ (10009f6c <mscd_xfer_cb+0x690>)
10009e16:	2b00      	cmp	r3, #0
10009e18:	d100      	bne.n	10009e1c <mscd_xfer_cb+0x540>
10009e1a:	e149      	b.n	1000a0b0 <mscd_xfer_cb+0x7d4>
10009e1c:	2280      	movs	r2, #128	@ 0x80
10009e1e:	4651      	mov	r1, sl
10009e20:	0038      	movs	r0, r7
10009e22:	0212      	lsls	r2, r2, #8
10009e24:	e000      	b.n	10009e28 <mscd_xfer_cb+0x54c>
10009e26:	bf00      	nop
10009e28:	2300      	movs	r3, #0
10009e2a:	87a3      	strh	r3, [r4, #60]	@ 0x3c
10009e2c:	55a3      	strb	r3, [r4, r6]
10009e2e:	4298      	cmp	r0, r3
10009e30:	db00      	blt.n	10009e34 <mscd_xfer_cb+0x558>
10009e32:	e6e7      	b.n	10009c04 <mscd_xfer_cb+0x328>
10009e34:	7b67      	ldrb	r7, [r4, #13]
10009e36:	6b63      	ldr	r3, [r4, #52]	@ 0x34
10009e38:	e6db      	b.n	10009bf2 <mscd_xfer_cb+0x316>
10009e3a:	0038      	movs	r0, r7
10009e3c:	f7f9 ffc0 	bl	10003dc0 <tud_msc_test_unit_ready_cb>
10009e40:	2800      	cmp	r0, #0
10009e42:	d000      	beq.n	10009e46 <mscd_xfer_cb+0x56a>
10009e44:	e6e0      	b.n	10009c08 <mscd_xfer_cb+0x32c>
10009e46:	e759      	b.n	10009cfc <mscd_xfer_cb+0x420>
10009e48:	2a00      	cmp	r2, #0
10009e4a:	d100      	bne.n	10009e4e <mscd_xfer_cb+0x572>
10009e4c:	e5e7      	b.n	10009a1e <mscd_xfer_cb+0x142>
10009e4e:	2302      	movs	r3, #2
10009e50:	222c      	movs	r2, #44	@ 0x2c
10009e52:	54a3      	strb	r3, [r4, r2]
10009e54:	2200      	movs	r2, #0
10009e56:	62a2      	str	r2, [r4, #40]	@ 0x28
10009e58:	3230      	adds	r2, #48	@ 0x30
10009e5a:	54a3      	strb	r3, [r4, r2]
10009e5c:	333a      	adds	r3, #58	@ 0x3a
10009e5e:	5ce3      	ldrb	r3, [r4, r3]
10009e60:	2b00      	cmp	r3, #0
10009e62:	d000      	beq.n	10009e66 <mscd_xfer_cb+0x58a>
10009e64:	e5de      	b.n	10009a24 <mscd_xfer_cb+0x148>
10009e66:	e714      	b.n	10009c92 <mscd_xfer_cb+0x3b6>
10009e68:	2100      	movs	r1, #0
10009e6a:	e630      	b.n	10009ace <mscd_xfer_cb+0x1f2>
10009e6c:	232c      	movs	r3, #44	@ 0x2c
10009e6e:	2102      	movs	r1, #2
10009e70:	464d      	mov	r5, r9
10009e72:	54e6      	strb	r6, [r4, r3]
10009e74:	6ba0      	ldr	r0, [r4, #56]	@ 0x38
10009e76:	68a3      	ldr	r3, [r4, #8]
10009e78:	5561      	strb	r1, [r4, r5]
10009e7a:	1a1a      	subs	r2, r3, r0
10009e7c:	62a2      	str	r2, [r4, #40]	@ 0x28
10009e7e:	313a      	adds	r1, #58	@ 0x3a
10009e80:	5c61      	ldrb	r1, [r4, r1]
10009e82:	2900      	cmp	r1, #0
10009e84:	d103      	bne.n	10009e8e <mscd_xfer_cb+0x5b2>
10009e86:	4e32      	ldr	r6, [pc, #200]	@ (10009f50 <mscd_xfer_cb+0x674>)
10009e88:	87a6      	strh	r6, [r4, #60]	@ 0x3c
10009e8a:	263e      	movs	r6, #62	@ 0x3e
10009e8c:	55a1      	strb	r1, [r4, r6]
10009e8e:	2b00      	cmp	r3, #0
10009e90:	d056      	beq.n	10009f40 <mscd_xfer_cb+0x664>
10009e92:	2a00      	cmp	r2, #0
10009e94:	d054      	beq.n	10009f40 <mscd_xfer_cb+0x664>
10009e96:	7b23      	ldrb	r3, [r4, #12]
10009e98:	09db      	lsrs	r3, r3, #7
10009e9a:	d100      	bne.n	10009e9e <mscd_xfer_cb+0x5c2>
10009e9c:	e0b9      	b.n	1000a012 <mscd_xfer_cb+0x736>
10009e9e:	232e      	movs	r3, #46	@ 0x2e
10009ea0:	4658      	mov	r0, fp
10009ea2:	5ce1      	ldrb	r1, [r4, r3]
10009ea4:	f7ff fa54 	bl	10009350 <usbd_edpt_stall>
10009ea8:	e600      	b.n	10009aac <mscd_xfer_cb+0x1d0>
10009eaa:	6ba3      	ldr	r3, [r4, #56]	@ 0x38
10009eac:	6b62      	ldr	r2, [r4, #52]	@ 0x34
10009eae:	18fb      	adds	r3, r7, r3
10009eb0:	63a3      	str	r3, [r4, #56]	@ 0x38
10009eb2:	4293      	cmp	r3, r2
10009eb4:	d300      	bcc.n	10009eb8 <mscd_xfer_cb+0x5dc>
10009eb6:	e5b2      	b.n	10009a1e <mscd_xfer_cb+0x142>
10009eb8:	4b29      	ldr	r3, [pc, #164]	@ (10009f60 <mscd_xfer_cb+0x684>)
10009eba:	2b00      	cmp	r3, #0
10009ebc:	d005      	beq.n	10009eca <mscd_xfer_cb+0x5ee>
10009ebe:	7b60      	ldrb	r0, [r4, #13]
10009ec0:	f7fa f924 	bl	1000410c <tud_msc_is_writable_cb>
10009ec4:	2800      	cmp	r0, #0
10009ec6:	d100      	bne.n	10009eca <mscd_xfer_cb+0x5ee>
10009ec8:	e0c2      	b.n	1000a050 <mscd_xfer_cb+0x774>
10009eca:	6ba2      	ldr	r2, [r4, #56]	@ 0x38
10009ecc:	68a3      	ldr	r3, [r4, #8]
10009ece:	1a9b      	subs	r3, r3, r2
10009ed0:	2280      	movs	r2, #128	@ 0x80
10009ed2:	0212      	lsls	r2, r2, #8
10009ed4:	4293      	cmp	r3, r2
10009ed6:	d900      	bls.n	10009eda <mscd_xfer_cb+0x5fe>
10009ed8:	0013      	movs	r3, r2
10009eda:	222f      	movs	r2, #47	@ 0x2f
10009edc:	5ca1      	ldrb	r1, [r4, r2]
10009ede:	b29b      	uxth	r3, r3
10009ee0:	4652      	mov	r2, sl
10009ee2:	4658      	mov	r0, fp
10009ee4:	f7ff fa00 	bl	100092e8 <usbd_edpt_xfer>
10009ee8:	e558      	b.n	1000999c <mscd_xfer_cb+0xc0>
10009eea:	4b21      	ldr	r3, [pc, #132]	@ (10009f70 <mscd_xfer_cb+0x694>)
10009eec:	2b00      	cmp	r3, #0
10009eee:	d100      	bne.n	10009ef2 <mscd_xfer_cb+0x616>
10009ef0:	e56f      	b.n	100099d2 <mscd_xfer_cb+0xf6>
10009ef2:	7b60      	ldrb	r0, [r4, #13]
10009ef4:	e000      	b.n	10009ef8 <mscd_xfer_cb+0x61c>
10009ef6:	bf00      	nop
10009ef8:	e56b      	b.n	100099d2 <mscd_xfer_cb+0xf6>
10009efa:	4b1e      	ldr	r3, [pc, #120]	@ (10009f74 <mscd_xfer_cb+0x698>)
10009efc:	2b00      	cmp	r3, #0
10009efe:	d100      	bne.n	10009f02 <mscd_xfer_cb+0x626>
10009f00:	e567      	b.n	100099d2 <mscd_xfer_cb+0xf6>
10009f02:	7b60      	ldrb	r0, [r4, #13]
10009f04:	e000      	b.n	10009f08 <mscd_xfer_cb+0x62c>
10009f06:	bf00      	nop
10009f08:	e563      	b.n	100099d2 <mscd_xfer_cb+0xf6>
10009f0a:	8ae2      	ldrh	r2, [r4, #22]
10009f0c:	2b00      	cmp	r3, #0
10009f0e:	d09b      	beq.n	10009e48 <mscd_xfer_cb+0x56c>
10009f10:	7b20      	ldrb	r0, [r4, #12]
10009f12:	09c0      	lsrs	r0, r0, #7
10009f14:	d000      	beq.n	10009f18 <mscd_xfer_cb+0x63c>
10009f16:	e0be      	b.n	1000a096 <mscd_xfer_cb+0x7ba>
10009f18:	2a00      	cmp	r2, #0
10009f1a:	d000      	beq.n	10009f1e <mscd_xfer_cb+0x642>
10009f1c:	e0a3      	b.n	1000a066 <mscd_xfer_cb+0x78a>
10009f1e:	202c      	movs	r0, #44	@ 0x2c
10009f20:	2601      	movs	r6, #1
10009f22:	62a3      	str	r3, [r4, #40]	@ 0x28
10009f24:	2330      	movs	r3, #48	@ 0x30
10009f26:	5426      	strb	r6, [r4, r0]
10009f28:	382a      	subs	r0, #42	@ 0x2a
10009f2a:	54e0      	strb	r0, [r4, r3]
10009f2c:	330c      	adds	r3, #12
10009f2e:	5ce3      	ldrb	r3, [r4, r3]
10009f30:	2b00      	cmp	r3, #0
10009f32:	d000      	beq.n	10009f36 <mscd_xfer_cb+0x65a>
10009f34:	e52f      	b.n	10009996 <mscd_xfer_cb+0xba>
10009f36:	4b06      	ldr	r3, [pc, #24]	@ (10009f50 <mscd_xfer_cb+0x674>)
10009f38:	87a3      	strh	r3, [r4, #60]	@ 0x3c
10009f3a:	233e      	movs	r3, #62	@ 0x3e
10009f3c:	54e2      	strb	r2, [r4, r3]
10009f3e:	e610      	b.n	10009b62 <mscd_xfer_cb+0x286>
10009f40:	6b63      	ldr	r3, [r4, #52]	@ 0x34
10009f42:	4283      	cmp	r3, r0
10009f44:	d800      	bhi.n	10009f48 <mscd_xfer_cb+0x66c>
10009f46:	e56a      	b.n	10009a1e <mscd_xfer_cb+0x142>
10009f48:	e56c      	b.n	10009a24 <mscd_xfer_cb+0x148>
10009f4a:	46c0      	nop			@ (mov r8, r8)
10009f4c:	2000965b 	.word	0x2000965b
10009f50:	00002005 	.word	0x00002005
10009f54:	00000000 	.word	0x00000000
10009f58:	00003a02 	.word	0x00003a02
10009f5c:	10003de1 	.word	0x10003de1
10009f60:	1000410d 	.word	0x1000410d
10009f64:	02028000 	.word	0x02028000
10009f68:	20202020 	.word	0x20202020
	...
10009f78:	ba52      	rev16	r2, r2
10009f7a:	b292      	uxth	r2, r2
10009f7c:	4293      	cmp	r3, r2
10009f7e:	d221      	bcs.n	10009fc4 <mscd_xfer_cb+0x6e8>
10009f80:	2202      	movs	r2, #2
10009f82:	62a3      	str	r3, [r4, #40]	@ 0x28
10009f84:	202c      	movs	r0, #44	@ 0x2c
10009f86:	2330      	movs	r3, #48	@ 0x30
10009f88:	5422      	strb	r2, [r4, r0]
10009f8a:	54e2      	strb	r2, [r4, r3]
10009f8c:	330c      	adds	r3, #12
10009f8e:	5ce3      	ldrb	r3, [r4, r3]
10009f90:	2b00      	cmp	r3, #0
10009f92:	d000      	beq.n	10009f96 <mscd_xfer_cb+0x6ba>
10009f94:	e5e5      	b.n	10009b62 <mscd_xfer_cb+0x286>
10009f96:	e5e0      	b.n	10009b5a <mscd_xfer_cb+0x27e>
10009f98:	0001      	movs	r1, r0
10009f9a:	6ba3      	ldr	r3, [r4, #56]	@ 0x38
10009f9c:	0402      	lsls	r2, r0, #16
10009f9e:	0c12      	lsrs	r2, r2, #16
10009fa0:	189b      	adds	r3, r3, r2
10009fa2:	4650      	mov	r0, sl
10009fa4:	003a      	movs	r2, r7
10009fa6:	4451      	add	r1, sl
10009fa8:	63a3      	str	r3, [r4, #56]	@ 0x38
10009faa:	f000 fa33 	bl	1000a414 <memmove>
10009fae:	e5a8      	b.n	10009b02 <mscd_xfer_cb+0x226>
10009fb0:	4652      	mov	r2, sl
10009fb2:	4658      	mov	r0, fp
10009fb4:	b29b      	uxth	r3, r3
10009fb6:	f7ff f997 	bl	100092e8 <usbd_edpt_xfer>
10009fba:	2800      	cmp	r0, #0
10009fbc:	d000      	beq.n	10009fc0 <mscd_xfer_cb+0x6e4>
10009fbe:	e4ed      	b.n	1000999c <mscd_xfer_cb+0xc0>
10009fc0:	2000      	movs	r0, #0
10009fc2:	e54e      	b.n	10009a62 <mscd_xfer_cb+0x186>
10009fc4:	4658      	mov	r0, fp
10009fc6:	f7ff fb13 	bl	100095f0 <proc_read10_cmd.constprop.0>
10009fca:	2330      	movs	r3, #48	@ 0x30
10009fcc:	5ce6      	ldrb	r6, [r4, r3]
10009fce:	e4e7      	b.n	100099a0 <mscd_xfer_cb+0xc4>
10009fd0:	222e      	movs	r2, #46	@ 0x2e
10009fd2:	5ca1      	ldrb	r1, [r4, r2]
10009fd4:	4298      	cmp	r0, r3
10009fd6:	d900      	bls.n	10009fda <mscd_xfer_cb+0x6fe>
10009fd8:	0018      	movs	r0, r3
10009fda:	6360      	str	r0, [r4, #52]	@ 0x34
10009fdc:	b283      	uxth	r3, r0
10009fde:	4652      	mov	r2, sl
10009fe0:	4658      	mov	r0, fp
10009fe2:	f7ff f981 	bl	100092e8 <usbd_edpt_xfer>
10009fe6:	2800      	cmp	r0, #0
10009fe8:	d000      	beq.n	10009fec <mscd_xfer_cb+0x710>
10009fea:	e4d7      	b.n	1000999c <mscd_xfer_cb+0xc0>
10009fec:	2000      	movs	r0, #0
10009fee:	e538      	b.n	10009a62 <mscd_xfer_cb+0x186>
10009ff0:	233c      	movs	r3, #60	@ 0x3c
10009ff2:	5ce3      	ldrb	r3, [r4, r3]
10009ff4:	2b00      	cmp	r3, #0
10009ff6:	d000      	beq.n	10009ffa <mscd_xfer_cb+0x71e>
10009ff8:	e689      	b.n	10009d0e <mscd_xfer_cb+0x432>
10009ffa:	4a2f      	ldr	r2, [pc, #188]	@ (1000a0b8 <mscd_xfer_cb+0x7dc>)
10009ffc:	87a2      	strh	r2, [r4, #60]	@ 0x3c
10009ffe:	223e      	movs	r2, #62	@ 0x3e
1000a000:	54a3      	strb	r3, [r4, r2]
1000a002:	e684      	b.n	10009d0e <mscd_xfer_cb+0x432>
1000a004:	232f      	movs	r3, #47	@ 0x2f
1000a006:	4658      	mov	r0, fp
1000a008:	5ce1      	ldrb	r1, [r4, r3]
1000a00a:	f7ff f9a1 	bl	10009350 <usbd_edpt_stall>
1000a00e:	5da6      	ldrb	r6, [r4, r6]
1000a010:	e4c6      	b.n	100099a0 <mscd_xfer_cb+0xc4>
1000a012:	232f      	movs	r3, #47	@ 0x2f
1000a014:	4658      	mov	r0, fp
1000a016:	5ce1      	ldrb	r1, [r4, r3]
1000a018:	f7ff f99a 	bl	10009350 <usbd_edpt_stall>
1000a01c:	e546      	b.n	10009aac <mscd_xfer_cb+0x1d0>
1000a01e:	2202      	movs	r2, #2
1000a020:	62a3      	str	r3, [r4, #40]	@ 0x28
1000a022:	464b      	mov	r3, r9
1000a024:	54e2      	strb	r2, [r4, r3]
1000a026:	233c      	movs	r3, #60	@ 0x3c
1000a028:	5422      	strb	r2, [r4, r0]
1000a02a:	5ce3      	ldrb	r3, [r4, r3]
1000a02c:	2b00      	cmp	r3, #0
1000a02e:	d000      	beq.n	1000a032 <mscd_xfer_cb+0x756>
1000a030:	e4b1      	b.n	10009996 <mscd_xfer_cb+0xba>
1000a032:	4b22      	ldr	r3, [pc, #136]	@ (1000a0bc <mscd_xfer_cb+0x7e0>)
1000a034:	2200      	movs	r2, #0
1000a036:	87a3      	strh	r3, [r4, #60]	@ 0x3c
1000a038:	233e      	movs	r3, #62	@ 0x3e
1000a03a:	54e2      	strb	r2, [r4, r3]
1000a03c:	e591      	b.n	10009b62 <mscd_xfer_cb+0x286>
1000a03e:	222c      	movs	r2, #44	@ 0x2c
1000a040:	2101      	movs	r1, #1
1000a042:	54a1      	strb	r1, [r4, r2]
1000a044:	3204      	adds	r2, #4
1000a046:	3101      	adds	r1, #1
1000a048:	54a1      	strb	r1, [r4, r2]
1000a04a:	62a3      	str	r3, [r4, #40]	@ 0x28
1000a04c:	001a      	movs	r2, r3
1000a04e:	e670      	b.n	10009d32 <mscd_xfer_cb+0x456>
1000a050:	4b1b      	ldr	r3, [pc, #108]	@ (1000a0c0 <mscd_xfer_cb+0x7e4>)
1000a052:	2101      	movs	r1, #1
1000a054:	87a3      	strh	r3, [r4, #60]	@ 0x3c
1000a056:	233e      	movs	r3, #62	@ 0x3e
1000a058:	54e0      	strb	r0, [r4, r3]
1000a05a:	4658      	mov	r0, fp
1000a05c:	f7ff faa0 	bl	100095a0 <fail_scsi_op.constprop.0>
1000a060:	2330      	movs	r3, #48	@ 0x30
1000a062:	5ce6      	ldrb	r6, [r4, r3]
1000a064:	e49c      	b.n	100099a0 <mscd_xfer_cb+0xc4>
1000a066:	ba52      	rev16	r2, r2
1000a068:	b292      	uxth	r2, r2
1000a06a:	4293      	cmp	r3, r2
1000a06c:	d388      	bcc.n	10009f80 <mscd_xfer_cb+0x6a4>
1000a06e:	4a15      	ldr	r2, [pc, #84]	@ (1000a0c4 <mscd_xfer_cb+0x7e8>)
1000a070:	2a00      	cmp	r2, #0
1000a072:	d009      	beq.n	1000a088 <mscd_xfer_cb+0x7ac>
1000a074:	7b60      	ldrb	r0, [r4, #13]
1000a076:	f7fa f849 	bl	1000410c <tud_msc_is_writable_cb>
1000a07a:	2800      	cmp	r0, #0
1000a07c:	d0e8      	beq.n	1000a050 <mscd_xfer_cb+0x774>
1000a07e:	6ba2      	ldr	r2, [r4, #56]	@ 0x38
1000a080:	68a3      	ldr	r3, [r4, #8]
1000a082:	1a9b      	subs	r3, r3, r2
1000a084:	222f      	movs	r2, #47	@ 0x2f
1000a086:	5ca1      	ldrb	r1, [r4, r2]
1000a088:	2280      	movs	r2, #128	@ 0x80
1000a08a:	0212      	lsls	r2, r2, #8
1000a08c:	4293      	cmp	r3, r2
1000a08e:	d900      	bls.n	1000a092 <mscd_xfer_cb+0x7b6>
1000a090:	0013      	movs	r3, r2
1000a092:	b29b      	uxth	r3, r3
1000a094:	e724      	b.n	10009ee0 <mscd_xfer_cb+0x604>
1000a096:	2202      	movs	r2, #2
1000a098:	62a3      	str	r3, [r4, #40]	@ 0x28
1000a09a:	202c      	movs	r0, #44	@ 0x2c
1000a09c:	2330      	movs	r3, #48	@ 0x30
1000a09e:	5422      	strb	r2, [r4, r0]
1000a0a0:	54e2      	strb	r2, [r4, r3]
1000a0a2:	330c      	adds	r3, #12
1000a0a4:	5ce3      	ldrb	r3, [r4, r3]
1000a0a6:	2b00      	cmp	r3, #0
1000a0a8:	d100      	bne.n	1000a0ac <mscd_xfer_cb+0x7d0>
1000a0aa:	e556      	b.n	10009b5a <mscd_xfer_cb+0x27e>
1000a0ac:	232e      	movs	r3, #46	@ 0x2e
1000a0ae:	e55d      	b.n	10009b6c <mscd_xfer_cb+0x290>
1000a0b0:	2012      	movs	r0, #18
1000a0b2:	87a3      	strh	r3, [r4, #60]	@ 0x3c
1000a0b4:	55a3      	strb	r3, [r4, r6]
1000a0b6:	e5da      	b.n	10009c6e <mscd_xfer_cb+0x392>
1000a0b8:	00003a02 	.word	0x00003a02
1000a0bc:	00002005 	.word	0x00002005
1000a0c0:	00002707 	.word	0x00002707
1000a0c4:	1000410d 	.word	0x1000410d

1000a0c8 <tusb_rhport_init>:
1000a0c8:	b500      	push	{lr}
1000a0ca:	0003      	movs	r3, r0
1000a0cc:	b083      	sub	sp, #12
1000a0ce:	2900      	cmp	r1, #0
1000a0d0:	d010      	beq.n	1000a0f4 <tusb_rhport_init+0x2c>
1000a0d2:	2000      	movs	r0, #0
1000a0d4:	2b01      	cmp	r3, #1
1000a0d6:	d807      	bhi.n	1000a0e8 <tusb_rhport_init+0x20>
1000a0d8:	780a      	ldrb	r2, [r1, #0]
1000a0da:	2a00      	cmp	r2, #0
1000a0dc:	d004      	beq.n	1000a0e8 <tusb_rhport_init+0x20>
1000a0de:	480c      	ldr	r0, [pc, #48]	@ (1000a110 <tusb_rhport_init+0x48>)
1000a0e0:	54c2      	strb	r2, [r0, r3]
1000a0e2:	2001      	movs	r0, #1
1000a0e4:	2a01      	cmp	r2, #1
1000a0e6:	d001      	beq.n	1000a0ec <tusb_rhport_init+0x24>
1000a0e8:	b003      	add	sp, #12
1000a0ea:	bd00      	pop	{pc}
1000a0ec:	0018      	movs	r0, r3
1000a0ee:	f7fe fc57 	bl	100089a0 <tud_rhport_init>
1000a0f2:	e7f9      	b.n	1000a0e8 <tusb_rhport_init+0x20>
1000a0f4:	2301      	movs	r3, #1
1000a0f6:	466a      	mov	r2, sp
1000a0f8:	2000      	movs	r0, #0
1000a0fa:	a901      	add	r1, sp, #4
1000a0fc:	8093      	strh	r3, [r2, #4]
1000a0fe:	f7fe fc4f 	bl	100089a0 <tud_rhport_init>
1000a102:	2800      	cmp	r0, #0
1000a104:	d0f0      	beq.n	1000a0e8 <tusb_rhport_init+0x20>
1000a106:	2201      	movs	r2, #1
1000a108:	4b01      	ldr	r3, [pc, #4]	@ (1000a110 <tusb_rhport_init+0x48>)
1000a10a:	701a      	strb	r2, [r3, #0]
1000a10c:	e7ec      	b.n	1000a0e8 <tusb_rhport_init+0x20>
1000a10e:	46c0      	nop			@ (mov r8, r8)
1000a110:	2000968c 	.word	0x2000968c

1000a114 <tu_edpt_validate>:
1000a114:	7943      	ldrb	r3, [r0, #5]
1000a116:	7902      	ldrb	r2, [r0, #4]
1000a118:	021b      	lsls	r3, r3, #8
1000a11a:	4313      	orrs	r3, r2
1000a11c:	78c2      	ldrb	r2, [r0, #3]
1000a11e:	055b      	lsls	r3, r3, #21
1000a120:	0792      	lsls	r2, r2, #30
1000a122:	0d5b      	lsrs	r3, r3, #21
1000a124:	0f92      	lsrs	r2, r2, #30
1000a126:	2a02      	cmp	r2, #2
1000a128:	d01d      	beq.n	1000a166 <tu_edpt_validate+0x52>
1000a12a:	2a03      	cmp	r2, #3
1000a12c:	d00c      	beq.n	1000a148 <tu_edpt_validate+0x34>
1000a12e:	2000      	movs	r0, #0
1000a130:	2a01      	cmp	r2, #1
1000a132:	d108      	bne.n	1000a146 <tu_edpt_validate+0x32>
1000a134:	3902      	subs	r1, #2
1000a136:	424a      	negs	r2, r1
1000a138:	4151      	adcs	r1, r2
1000a13a:	4a12      	ldr	r2, [pc, #72]	@ (1000a184 <tu_edpt_validate+0x70>)
1000a13c:	4694      	mov	ip, r2
1000a13e:	4461      	add	r1, ip
1000a140:	4299      	cmp	r1, r3
1000a142:	4140      	adcs	r0, r0
1000a144:	b2c0      	uxtb	r0, r0
1000a146:	4770      	bx	lr
1000a148:	3902      	subs	r1, #2
1000a14a:	1e4a      	subs	r2, r1, #1
1000a14c:	4191      	sbcs	r1, r2
1000a14e:	4a0e      	ldr	r2, [pc, #56]	@ (1000a188 <tu_edpt_validate+0x74>)
1000a150:	4249      	negs	r1, r1
1000a152:	4011      	ands	r1, r2
1000a154:	2280      	movs	r2, #128	@ 0x80
1000a156:	00d2      	lsls	r2, r2, #3
1000a158:	4694      	mov	ip, r2
1000a15a:	2000      	movs	r0, #0
1000a15c:	4461      	add	r1, ip
1000a15e:	4299      	cmp	r1, r3
1000a160:	4140      	adcs	r0, r0
1000a162:	b2c0      	uxtb	r0, r0
1000a164:	e7ef      	b.n	1000a146 <tu_edpt_validate+0x32>
1000a166:	2902      	cmp	r1, #2
1000a168:	d005      	beq.n	1000a176 <tu_edpt_validate+0x62>
1000a16a:	2000      	movs	r0, #0
1000a16c:	2240      	movs	r2, #64	@ 0x40
1000a16e:	429a      	cmp	r2, r3
1000a170:	4140      	adcs	r0, r0
1000a172:	b2c0      	uxtb	r0, r0
1000a174:	e7e7      	b.n	1000a146 <tu_edpt_validate+0x32>
1000a176:	4a05      	ldr	r2, [pc, #20]	@ (1000a18c <tu_edpt_validate+0x78>)
1000a178:	1898      	adds	r0, r3, r2
1000a17a:	4243      	negs	r3, r0
1000a17c:	4158      	adcs	r0, r3
1000a17e:	b2c0      	uxtb	r0, r0
1000a180:	e7e1      	b.n	1000a146 <tu_edpt_validate+0x32>
1000a182:	46c0      	nop			@ (mov r8, r8)
1000a184:	000003ff 	.word	0x000003ff
1000a188:	fffffc40 	.word	0xfffffc40
1000a18c:	fffffe00 	.word	0xfffffe00

1000a190 <tu_edpt_bind_driver>:
1000a190:	188a      	adds	r2, r1, r2
1000a192:	b570      	push	{r4, r5, r6, lr}
1000a194:	4291      	cmp	r1, r2
1000a196:	d207      	bcs.n	1000a1a8 <tu_edpt_bind_driver+0x18>
1000a198:	267f      	movs	r6, #127	@ 0x7f
1000a19a:	784c      	ldrb	r4, [r1, #1]
1000a19c:	2c05      	cmp	r4, #5
1000a19e:	d004      	beq.n	1000a1aa <tu_edpt_bind_driver+0x1a>
1000a1a0:	780c      	ldrb	r4, [r1, #0]
1000a1a2:	1909      	adds	r1, r1, r4
1000a1a4:	428a      	cmp	r2, r1
1000a1a6:	d8f8      	bhi.n	1000a19a <tu_edpt_bind_driver+0xa>
1000a1a8:	bd70      	pop	{r4, r5, r6, pc}
1000a1aa:	0034      	movs	r4, r6
1000a1ac:	788d      	ldrb	r5, [r1, #2]
1000a1ae:	402c      	ands	r4, r5
1000a1b0:	0064      	lsls	r4, r4, #1
1000a1b2:	1904      	adds	r4, r0, r4
1000a1b4:	09ed      	lsrs	r5, r5, #7
1000a1b6:	5563      	strb	r3, [r4, r5]
1000a1b8:	780c      	ldrb	r4, [r1, #0]
1000a1ba:	1909      	adds	r1, r1, r4
1000a1bc:	428a      	cmp	r2, r1
1000a1be:	d8ec      	bhi.n	1000a19a <tu_edpt_bind_driver+0xa>
1000a1c0:	e7f2      	b.n	1000a1a8 <tu_edpt_bind_driver+0x18>
1000a1c2:	46c0      	nop			@ (mov r8, r8)

1000a1c4 <tu_fifo_read>:
1000a1c4:	b570      	push	{r4, r5, r6, lr}
1000a1c6:	0004      	movs	r4, r0
1000a1c8:	6900      	ldr	r0, [r0, #16]
1000a1ca:	000e      	movs	r6, r1
1000a1cc:	2800      	cmp	r0, #0
1000a1ce:	d003      	beq.n	1000a1d8 <tu_fifo_read+0x14>
1000a1d0:	2101      	movs	r1, #1
1000a1d2:	4249      	negs	r1, r1
1000a1d4:	f000 f9f8 	bl	1000a5c8 <__mutex_enter_timeout_ms_veneer>
1000a1d8:	8925      	ldrh	r5, [r4, #8]
1000a1da:	8960      	ldrh	r0, [r4, #10]
1000a1dc:	88a2      	ldrh	r2, [r4, #4]
1000a1de:	b2a9      	uxth	r1, r5
1000a1e0:	b283      	uxth	r3, r0
1000a1e2:	4285      	cmp	r5, r0
1000a1e4:	d332      	bcc.n	1000a24c <tu_fifo_read+0x88>
1000a1e6:	1acd      	subs	r5, r1, r3
1000a1e8:	b2ad      	uxth	r5, r5
1000a1ea:	2d00      	cmp	r5, #0
1000a1ec:	d028      	beq.n	1000a240 <tu_fifo_read+0x7c>
1000a1ee:	42aa      	cmp	r2, r5
1000a1f0:	d208      	bcs.n	1000a204 <tu_fifo_read+0x40>
1000a1f2:	4291      	cmp	r1, r2
1000a1f4:	d32f      	bcc.n	1000a256 <tu_fifo_read+0x92>
1000a1f6:	1a89      	subs	r1, r1, r2
1000a1f8:	b28b      	uxth	r3, r1
1000a1fa:	8163      	strh	r3, [r4, #10]
1000a1fc:	429a      	cmp	r2, r3
1000a1fe:	d803      	bhi.n	1000a208 <tu_fifo_read+0x44>
1000a200:	1a9b      	subs	r3, r3, r2
1000a202:	b29b      	uxth	r3, r3
1000a204:	429a      	cmp	r2, r3
1000a206:	d9fb      	bls.n	1000a200 <tu_fifo_read+0x3c>
1000a208:	88e2      	ldrh	r2, [r4, #6]
1000a20a:	6821      	ldr	r1, [r4, #0]
1000a20c:	0452      	lsls	r2, r2, #17
1000a20e:	0c52      	lsrs	r2, r2, #17
1000a210:	4353      	muls	r3, r2
1000a212:	0030      	movs	r0, r6
1000a214:	18c9      	adds	r1, r1, r3
1000a216:	f7fc f9cd 	bl	100065b4 <__wrap___aeabi_memcpy>
1000a21a:	8963      	ldrh	r3, [r4, #10]
1000a21c:	2501      	movs	r5, #1
1000a21e:	1c59      	adds	r1, r3, #1
1000a220:	b289      	uxth	r1, r1
1000a222:	88a2      	ldrh	r2, [r4, #4]
1000a224:	428b      	cmp	r3, r1
1000a226:	d90d      	bls.n	1000a244 <tu_fifo_read+0x80>
1000a228:	2100      	movs	r1, #0
1000a22a:	0052      	lsls	r2, r2, #1
1000a22c:	1a89      	subs	r1, r1, r2
1000a22e:	b289      	uxth	r1, r1
1000a230:	6920      	ldr	r0, [r4, #16]
1000a232:	8161      	strh	r1, [r4, #10]
1000a234:	2800      	cmp	r0, #0
1000a236:	d001      	beq.n	1000a23c <tu_fifo_read+0x78>
1000a238:	f000 f99e 	bl	1000a578 <__mutex_exit_veneer>
1000a23c:	0028      	movs	r0, r5
1000a23e:	bd70      	pop	{r4, r5, r6, pc}
1000a240:	8961      	ldrh	r1, [r4, #10]
1000a242:	b289      	uxth	r1, r1
1000a244:	0052      	lsls	r2, r2, #1
1000a246:	4291      	cmp	r1, r2
1000a248:	dbf2      	blt.n	1000a230 <tu_fifo_read+0x6c>
1000a24a:	e7ef      	b.n	1000a22c <tu_fifo_read+0x68>
1000a24c:	0055      	lsls	r5, r2, #1
1000a24e:	1aed      	subs	r5, r5, r3
1000a250:	194d      	adds	r5, r1, r5
1000a252:	b2ad      	uxth	r5, r5
1000a254:	e7c9      	b.n	1000a1ea <tu_fifo_read+0x26>
1000a256:	1889      	adds	r1, r1, r2
1000a258:	b28b      	uxth	r3, r1
1000a25a:	8163      	strh	r3, [r4, #10]
1000a25c:	e7ce      	b.n	1000a1fc <tu_fifo_read+0x38>
1000a25e:	46c0      	nop			@ (mov r8, r8)

1000a260 <tu_fifo_write>:
1000a260:	b5f8      	push	{r3, r4, r5, r6, r7, lr}
1000a262:	0004      	movs	r4, r0
1000a264:	68c0      	ldr	r0, [r0, #12]
1000a266:	000e      	movs	r6, r1
1000a268:	2800      	cmp	r0, #0
1000a26a:	d003      	beq.n	1000a274 <tu_fifo_write+0x14>
1000a26c:	2101      	movs	r1, #1
1000a26e:	4249      	negs	r1, r1
1000a270:	f000 f9aa 	bl	1000a5c8 <__mutex_enter_timeout_ms_veneer>
1000a274:	8925      	ldrh	r5, [r4, #8]
1000a276:	8920      	ldrh	r0, [r4, #8]
1000a278:	8961      	ldrh	r1, [r4, #10]
1000a27a:	88a2      	ldrh	r2, [r4, #4]
1000a27c:	b2ad      	uxth	r5, r5
1000a27e:	b283      	uxth	r3, r0
1000a280:	b28f      	uxth	r7, r1
1000a282:	4288      	cmp	r0, r1
1000a284:	d329      	bcc.n	1000a2da <tu_fifo_write+0x7a>
1000a286:	1bdb      	subs	r3, r3, r7
1000a288:	b29b      	uxth	r3, r3
1000a28a:	429a      	cmp	r2, r3
1000a28c:	d809      	bhi.n	1000a2a2 <tu_fifo_write+0x42>
1000a28e:	79e7      	ldrb	r7, [r4, #7]
1000a290:	09ff      	lsrs	r7, r7, #7
1000a292:	d106      	bne.n	1000a2a2 <tu_fifo_write+0x42>
1000a294:	68e0      	ldr	r0, [r4, #12]
1000a296:	2800      	cmp	r0, #0
1000a298:	d001      	beq.n	1000a29e <tu_fifo_write+0x3e>
1000a29a:	f000 f96d 	bl	1000a578 <__mutex_exit_veneer>
1000a29e:	0038      	movs	r0, r7
1000a2a0:	bdf8      	pop	{r3, r4, r5, r6, r7, pc}
1000a2a2:	002b      	movs	r3, r5
1000a2a4:	4295      	cmp	r5, r2
1000a2a6:	d31d      	bcc.n	1000a2e4 <tu_fifo_write+0x84>
1000a2a8:	1a9b      	subs	r3, r3, r2
1000a2aa:	b29b      	uxth	r3, r3
1000a2ac:	4293      	cmp	r3, r2
1000a2ae:	d2fb      	bcs.n	1000a2a8 <tu_fifo_write+0x48>
1000a2b0:	88e2      	ldrh	r2, [r4, #6]
1000a2b2:	6820      	ldr	r0, [r4, #0]
1000a2b4:	0452      	lsls	r2, r2, #17
1000a2b6:	0c52      	lsrs	r2, r2, #17
1000a2b8:	4353      	muls	r3, r2
1000a2ba:	0031      	movs	r1, r6
1000a2bc:	18c0      	adds	r0, r0, r3
1000a2be:	f7fc f979 	bl	100065b4 <__wrap___aeabi_memcpy>
1000a2c2:	1c6b      	adds	r3, r5, #1
1000a2c4:	b29b      	uxth	r3, r3
1000a2c6:	88a2      	ldrh	r2, [r4, #4]
1000a2c8:	429d      	cmp	r5, r3
1000a2ca:	d917      	bls.n	1000a2fc <tu_fifo_write+0x9c>
1000a2cc:	2300      	movs	r3, #0
1000a2ce:	0052      	lsls	r2, r2, #1
1000a2d0:	1a9b      	subs	r3, r3, r2
1000a2d2:	b29b      	uxth	r3, r3
1000a2d4:	2701      	movs	r7, #1
1000a2d6:	8123      	strh	r3, [r4, #8]
1000a2d8:	e7dc      	b.n	1000a294 <tu_fifo_write+0x34>
1000a2da:	0051      	lsls	r1, r2, #1
1000a2dc:	1bc9      	subs	r1, r1, r7
1000a2de:	185b      	adds	r3, r3, r1
1000a2e0:	b29b      	uxth	r3, r3
1000a2e2:	e7d2      	b.n	1000a28a <tu_fifo_write+0x2a>
1000a2e4:	88e2      	ldrh	r2, [r4, #6]
1000a2e6:	6820      	ldr	r0, [r4, #0]
1000a2e8:	0452      	lsls	r2, r2, #17
1000a2ea:	0c52      	lsrs	r2, r2, #17
1000a2ec:	4353      	muls	r3, r2
1000a2ee:	0031      	movs	r1, r6
1000a2f0:	18c0      	adds	r0, r0, r3
1000a2f2:	f7fc f95f 	bl	100065b4 <__wrap___aeabi_memcpy>
1000a2f6:	3501      	adds	r5, #1
1000a2f8:	88a2      	ldrh	r2, [r4, #4]
1000a2fa:	b2ab      	uxth	r3, r5
1000a2fc:	0052      	lsls	r2, r2, #1
1000a2fe:	4293      	cmp	r3, r2
1000a300:	dbe8      	blt.n	1000a2d4 <tu_fifo_write+0x74>
1000a302:	e7e5      	b.n	1000a2d0 <tu_fifo_write+0x70>

1000a304 <tu_fifo_clear>:
1000a304:	b510      	push	{r4, lr}
1000a306:	0004      	movs	r4, r0
1000a308:	68c0      	ldr	r0, [r0, #12]
1000a30a:	2800      	cmp	r0, #0
1000a30c:	d003      	beq.n	1000a316 <tu_fifo_clear+0x12>
1000a30e:	2101      	movs	r1, #1
1000a310:	4249      	negs	r1, r1
1000a312:	f000 f959 	bl	1000a5c8 <__mutex_enter_timeout_ms_veneer>
1000a316:	6920      	ldr	r0, [r4, #16]
1000a318:	2800      	cmp	r0, #0
1000a31a:	d003      	beq.n	1000a324 <tu_fifo_clear+0x20>
1000a31c:	2101      	movs	r1, #1
1000a31e:	4249      	negs	r1, r1
1000a320:	f000 f952 	bl	1000a5c8 <__mutex_enter_timeout_ms_veneer>
1000a324:	2300      	movs	r3, #0
1000a326:	68e0      	ldr	r0, [r4, #12]
1000a328:	8163      	strh	r3, [r4, #10]
1000a32a:	8123      	strh	r3, [r4, #8]
1000a32c:	2800      	cmp	r0, #0
1000a32e:	d001      	beq.n	1000a334 <tu_fifo_clear+0x30>
1000a330:	f000 f922 	bl	1000a578 <__mutex_exit_veneer>
1000a334:	6920      	ldr	r0, [r4, #16]
1000a336:	2800      	cmp	r0, #0
1000a338:	d001      	beq.n	1000a33e <tu_fifo_clear+0x3a>
1000a33a:	f000 f91d 	bl	1000a578 <__mutex_exit_veneer>
1000a33e:	2001      	movs	r0, #1
1000a340:	bd10      	pop	{r4, pc}
1000a342:	46c0      	nop			@ (mov r8, r8)

1000a344 <_retrieve_unique_id_on_boot>:
1000a344:	b510      	push	{r4, lr}
1000a346:	4802      	ldr	r0, [pc, #8]	@ (1000a350 <_retrieve_unique_id_on_boot+0xc>)
1000a348:	f000 f804 	bl	1000a354 <flash_get_unique_id>
1000a34c:	bd10      	pop	{r4, pc}
1000a34e:	46c0      	nop			@ (mov r8, r8)
1000a350:	20011fe0 	.word	0x20011fe0

1000a354 <flash_get_unique_id>:
1000a354:	b510      	push	{r4, lr}
1000a356:	b088      	sub	sp, #32
1000a358:	0004      	movs	r4, r0
1000a35a:	220d      	movs	r2, #13
1000a35c:	2100      	movs	r1, #0
1000a35e:	4668      	mov	r0, sp
1000a360:	f7fc f922 	bl	100065a8 <__wrap_memset>
1000a364:	220d      	movs	r2, #13
1000a366:	2100      	movs	r1, #0
1000a368:	a804      	add	r0, sp, #16
1000a36a:	f7fc f91d 	bl	100065a8 <__wrap_memset>
1000a36e:	234b      	movs	r3, #75	@ 0x4b
1000a370:	466a      	mov	r2, sp
1000a372:	4668      	mov	r0, sp
1000a374:	7013      	strb	r3, [r2, #0]
1000a376:	a904      	add	r1, sp, #16
1000a378:	220d      	movs	r2, #13
1000a37a:	f000 f8f5 	bl	1000a568 <__flash_do_cmd_veneer>
1000a37e:	2115      	movs	r1, #21
1000a380:	2208      	movs	r2, #8
1000a382:	0020      	movs	r0, r4
1000a384:	4469      	add	r1, sp
1000a386:	f7fc f915 	bl	100065b4 <__wrap___aeabi_memcpy>
1000a38a:	b008      	add	sp, #32
1000a38c:	bd10      	pop	{r4, pc}
1000a38e:	46c0      	nop			@ (mov r8, r8)

1000a390 <strlen>:
1000a390:	b510      	push	{r4, lr}
1000a392:	0783      	lsls	r3, r0, #30
1000a394:	d00a      	beq.n	1000a3ac <strlen+0x1c>
1000a396:	0003      	movs	r3, r0
1000a398:	2103      	movs	r1, #3
1000a39a:	e002      	b.n	1000a3a2 <strlen+0x12>
1000a39c:	3301      	adds	r3, #1
1000a39e:	420b      	tst	r3, r1
1000a3a0:	d005      	beq.n	1000a3ae <strlen+0x1e>
1000a3a2:	781a      	ldrb	r2, [r3, #0]
1000a3a4:	2a00      	cmp	r2, #0
1000a3a6:	d1f9      	bne.n	1000a39c <strlen+0xc>
1000a3a8:	1a18      	subs	r0, r3, r0
1000a3aa:	bd10      	pop	{r4, pc}
1000a3ac:	0003      	movs	r3, r0
1000a3ae:	6819      	ldr	r1, [r3, #0]
1000a3b0:	4a0c      	ldr	r2, [pc, #48]	@ (1000a3e4 <strlen+0x54>)
1000a3b2:	4c0d      	ldr	r4, [pc, #52]	@ (1000a3e8 <strlen+0x58>)
1000a3b4:	188a      	adds	r2, r1, r2
1000a3b6:	438a      	bics	r2, r1
1000a3b8:	4222      	tst	r2, r4
1000a3ba:	d10f      	bne.n	1000a3dc <strlen+0x4c>
1000a3bc:	6859      	ldr	r1, [r3, #4]
1000a3be:	4a09      	ldr	r2, [pc, #36]	@ (1000a3e4 <strlen+0x54>)
1000a3c0:	3304      	adds	r3, #4
1000a3c2:	188a      	adds	r2, r1, r2
1000a3c4:	438a      	bics	r2, r1
1000a3c6:	4222      	tst	r2, r4
1000a3c8:	d108      	bne.n	1000a3dc <strlen+0x4c>
1000a3ca:	6859      	ldr	r1, [r3, #4]
1000a3cc:	4a05      	ldr	r2, [pc, #20]	@ (1000a3e4 <strlen+0x54>)
1000a3ce:	3304      	adds	r3, #4
1000a3d0:	188a      	adds	r2, r1, r2
1000a3d2:	438a      	bics	r2, r1
1000a3d4:	4222      	tst	r2, r4
1000a3d6:	d0f1      	beq.n	1000a3bc <strlen+0x2c>
1000a3d8:	e000      	b.n	1000a3dc <strlen+0x4c>
1000a3da:	3301      	adds	r3, #1
1000a3dc:	781a      	ldrb	r2, [r3, #0]
1000a3de:	2a00      	cmp	r2, #0
1000a3e0:	d1fb      	bne.n	1000a3da <strlen+0x4a>
1000a3e2:	e7e1      	b.n	1000a3a8 <strlen+0x18>
1000a3e4:	fefefeff 	.word	0xfefefeff
1000a3e8:	80808080 	.word	0x80808080

1000a3ec <__libc_fini_array>:
1000a3ec:	b570      	push	{r4, r5, r6, lr}
1000a3ee:	4c07      	ldr	r4, [pc, #28]	@ (1000a40c <__libc_fini_array+0x20>)
1000a3f0:	4d07      	ldr	r5, [pc, #28]	@ (1000a410 <__libc_fini_array+0x24>)
1000a3f2:	1b64      	subs	r4, r4, r5
1000a3f4:	10a4      	asrs	r4, r4, #2
1000a3f6:	d005      	beq.n	1000a404 <__libc_fini_array+0x18>
1000a3f8:	3c01      	subs	r4, #1
1000a3fa:	00a3      	lsls	r3, r4, #2
1000a3fc:	58eb      	ldr	r3, [r5, r3]
1000a3fe:	4798      	blx	r3
1000a400:	2c00      	cmp	r4, #0
1000a402:	d1f9      	bne.n	1000a3f8 <__libc_fini_array+0xc>
1000a404:	f000 f8ae 	bl	1000a564 <_fini>
1000a408:	bd70      	pop	{r4, r5, r6, pc}
1000a40a:	46c0      	nop			@ (mov r8, r8)
1000a40c:	1000a670 	.word	0x1000a670
1000a410:	1000a670 	.word	0x1000a670

1000a414 <memmove>:
1000a414:	b5f0      	push	{r4, r5, r6, r7, lr}
1000a416:	4288      	cmp	r0, r1
1000a418:	d90a      	bls.n	1000a430 <memmove+0x1c>
1000a41a:	188b      	adds	r3, r1, r2
1000a41c:	4298      	cmp	r0, r3
1000a41e:	d207      	bcs.n	1000a430 <memmove+0x1c>
1000a420:	1e53      	subs	r3, r2, #1
1000a422:	2a00      	cmp	r2, #0
1000a424:	d003      	beq.n	1000a42e <memmove+0x1a>
1000a426:	5cca      	ldrb	r2, [r1, r3]
1000a428:	54c2      	strb	r2, [r0, r3]
1000a42a:	3b01      	subs	r3, #1
1000a42c:	d2fb      	bcs.n	1000a426 <memmove+0x12>
1000a42e:	bdf0      	pop	{r4, r5, r6, r7, pc}
1000a430:	0005      	movs	r5, r0
1000a432:	2a0f      	cmp	r2, #15
1000a434:	d80a      	bhi.n	1000a44c <memmove+0x38>
1000a436:	1e56      	subs	r6, r2, #1
1000a438:	2a00      	cmp	r2, #0
1000a43a:	d0f8      	beq.n	1000a42e <memmove+0x1a>
1000a43c:	2300      	movs	r3, #0
1000a43e:	5ccc      	ldrb	r4, [r1, r3]
1000a440:	001a      	movs	r2, r3
1000a442:	54ec      	strb	r4, [r5, r3]
1000a444:	3301      	adds	r3, #1
1000a446:	4296      	cmp	r6, r2
1000a448:	d1f9      	bne.n	1000a43e <memmove+0x2a>
1000a44a:	e7f0      	b.n	1000a42e <memmove+0x1a>
1000a44c:	2703      	movs	r7, #3
1000a44e:	003e      	movs	r6, r7
1000a450:	430d      	orrs	r5, r1
1000a452:	000c      	movs	r4, r1
1000a454:	0003      	movs	r3, r0
1000a456:	402e      	ands	r6, r5
1000a458:	422f      	tst	r7, r5
1000a45a:	d12d      	bne.n	1000a4b8 <memmove+0xa4>
1000a45c:	0015      	movs	r5, r2
1000a45e:	3d10      	subs	r5, #16
1000a460:	092d      	lsrs	r5, r5, #4
1000a462:	46ac      	mov	ip, r5
1000a464:	012f      	lsls	r7, r5, #4
1000a466:	183f      	adds	r7, r7, r0
1000a468:	6825      	ldr	r5, [r4, #0]
1000a46a:	601d      	str	r5, [r3, #0]
1000a46c:	6865      	ldr	r5, [r4, #4]
1000a46e:	605d      	str	r5, [r3, #4]
1000a470:	68a5      	ldr	r5, [r4, #8]
1000a472:	609d      	str	r5, [r3, #8]
1000a474:	68e5      	ldr	r5, [r4, #12]
1000a476:	3410      	adds	r4, #16
1000a478:	60dd      	str	r5, [r3, #12]
1000a47a:	001d      	movs	r5, r3
1000a47c:	3310      	adds	r3, #16
1000a47e:	42bd      	cmp	r5, r7
1000a480:	d1f2      	bne.n	1000a468 <memmove+0x54>
1000a482:	4665      	mov	r5, ip
1000a484:	230f      	movs	r3, #15
1000a486:	240c      	movs	r4, #12
1000a488:	3501      	adds	r5, #1
1000a48a:	012d      	lsls	r5, r5, #4
1000a48c:	1949      	adds	r1, r1, r5
1000a48e:	4013      	ands	r3, r2
1000a490:	1945      	adds	r5, r0, r5
1000a492:	4214      	tst	r4, r2
1000a494:	d013      	beq.n	1000a4be <memmove+0xaa>
1000a496:	3b04      	subs	r3, #4
1000a498:	089b      	lsrs	r3, r3, #2
1000a49a:	3301      	adds	r3, #1
1000a49c:	009b      	lsls	r3, r3, #2
1000a49e:	598c      	ldr	r4, [r1, r6]
1000a4a0:	51ac      	str	r4, [r5, r6]
1000a4a2:	3604      	adds	r6, #4
1000a4a4:	429e      	cmp	r6, r3
1000a4a6:	d1fa      	bne.n	1000a49e <memmove+0x8a>
1000a4a8:	2303      	movs	r3, #3
1000a4aa:	401a      	ands	r2, r3
1000a4ac:	19ad      	adds	r5, r5, r6
1000a4ae:	1989      	adds	r1, r1, r6
1000a4b0:	1e56      	subs	r6, r2, #1
1000a4b2:	2a00      	cmp	r2, #0
1000a4b4:	d1c2      	bne.n	1000a43c <memmove+0x28>
1000a4b6:	e7ba      	b.n	1000a42e <memmove+0x1a>
1000a4b8:	0005      	movs	r5, r0
1000a4ba:	1e56      	subs	r6, r2, #1
1000a4bc:	e7be      	b.n	1000a43c <memmove+0x28>
1000a4be:	001a      	movs	r2, r3
1000a4c0:	e7b9      	b.n	1000a436 <memmove+0x22>
1000a4c2:	46c0      	nop			@ (mov r8, r8)

1000a4c4 <atexit>:
1000a4c4:	b510      	push	{r4, lr}
1000a4c6:	0001      	movs	r1, r0
1000a4c8:	2300      	movs	r3, #0
1000a4ca:	2200      	movs	r2, #0
1000a4cc:	2000      	movs	r0, #0
1000a4ce:	f000 f801 	bl	1000a4d4 <__register_exitproc>
1000a4d2:	bd10      	pop	{r4, pc}

1000a4d4 <__register_exitproc>:
1000a4d4:	b5f0      	push	{r4, r5, r6, r7, lr}
1000a4d6:	46c6      	mov	lr, r8
1000a4d8:	4c1a      	ldr	r4, [pc, #104]	@ (1000a544 <__register_exitproc+0x70>)
1000a4da:	b500      	push	{lr}
1000a4dc:	6825      	ldr	r5, [r4, #0]
1000a4de:	2d00      	cmp	r5, #0
1000a4e0:	d02a      	beq.n	1000a538 <__register_exitproc+0x64>
1000a4e2:	686c      	ldr	r4, [r5, #4]
1000a4e4:	2c1f      	cmp	r4, #31
1000a4e6:	dc2a      	bgt.n	1000a53e <__register_exitproc+0x6a>
1000a4e8:	2800      	cmp	r0, #0
1000a4ea:	d108      	bne.n	1000a4fe <__register_exitproc+0x2a>
1000a4ec:	2000      	movs	r0, #0
1000a4ee:	1c63      	adds	r3, r4, #1
1000a4f0:	3402      	adds	r4, #2
1000a4f2:	00a4      	lsls	r4, r4, #2
1000a4f4:	606b      	str	r3, [r5, #4]
1000a4f6:	5161      	str	r1, [r4, r5]
1000a4f8:	bc80      	pop	{r7}
1000a4fa:	46b8      	mov	r8, r7
1000a4fc:	bdf0      	pop	{r4, r5, r6, r7, pc}
1000a4fe:	2788      	movs	r7, #136	@ 0x88
1000a500:	00a6      	lsls	r6, r4, #2
1000a502:	19ae      	adds	r6, r5, r6
1000a504:	51f2      	str	r2, [r6, r7]
1000a506:	3701      	adds	r7, #1
1000a508:	37ff      	adds	r7, #255	@ 0xff
1000a50a:	46bc      	mov	ip, r7
1000a50c:	2201      	movs	r2, #1
1000a50e:	44ac      	add	ip, r5
1000a510:	4667      	mov	r7, ip
1000a512:	40a2      	lsls	r2, r4
1000a514:	683f      	ldr	r7, [r7, #0]
1000a516:	4690      	mov	r8, r2
1000a518:	4317      	orrs	r7, r2
1000a51a:	4662      	mov	r2, ip
1000a51c:	6017      	str	r7, [r2, #0]
1000a51e:	2784      	movs	r7, #132	@ 0x84
1000a520:	007f      	lsls	r7, r7, #1
1000a522:	51f3      	str	r3, [r6, r7]
1000a524:	2802      	cmp	r0, #2
1000a526:	d1e1      	bne.n	1000a4ec <__register_exitproc+0x18>
1000a528:	0028      	movs	r0, r5
1000a52a:	4642      	mov	r2, r8
1000a52c:	308d      	adds	r0, #141	@ 0x8d
1000a52e:	30ff      	adds	r0, #255	@ 0xff
1000a530:	6803      	ldr	r3, [r0, #0]
1000a532:	4313      	orrs	r3, r2
1000a534:	6003      	str	r3, [r0, #0]
1000a536:	e7d9      	b.n	1000a4ec <__register_exitproc+0x18>
1000a538:	4d03      	ldr	r5, [pc, #12]	@ (1000a548 <__register_exitproc+0x74>)
1000a53a:	6025      	str	r5, [r4, #0]
1000a53c:	e7d1      	b.n	1000a4e2 <__register_exitproc+0xe>
1000a53e:	2001      	movs	r0, #1
1000a540:	4240      	negs	r0, r0
1000a542:	e7d9      	b.n	1000a4f8 <__register_exitproc+0x24>
1000a544:	200015ac 	.word	0x200015ac
1000a548:	2000141c 	.word	0x2000141c

1000a54c <register_fini>:
1000a54c:	4b03      	ldr	r3, [pc, #12]	@ (1000a55c <register_fini+0x10>)
1000a54e:	b510      	push	{r4, lr}
1000a550:	2b00      	cmp	r3, #0
1000a552:	d002      	beq.n	1000a55a <register_fini+0xe>
1000a554:	4802      	ldr	r0, [pc, #8]	@ (1000a560 <register_fini+0x14>)
1000a556:	f7ff ffb5 	bl	1000a4c4 <atexit>
1000a55a:	bd10      	pop	{r4, pc}
1000a55c:	00000000 	.word	0x00000000
1000a560:	1000a3ed 	.word	0x1000a3ed

1000a564 <_fini>:
1000a564:	b5f8      	push	{r3, r4, r5, r6, r7, lr}
1000a566:	46c0      	nop			@ (mov r8, r8)

1000a568 <__flash_do_cmd_veneer>:
1000a568:	b401      	push	{r0}
1000a56a:	4802      	ldr	r0, [pc, #8]	@ (1000a574 <__flash_do_cmd_veneer+0xc>)
1000a56c:	4684      	mov	ip, r0
1000a56e:	bc01      	pop	{r0}
1000a570:	4760      	bx	ip
1000a572:	bf00      	nop
1000a574:	20000ddd 	.word	0x20000ddd

1000a578 <__mutex_exit_veneer>:
1000a578:	b401      	push	{r0}
1000a57a:	4802      	ldr	r0, [pc, #8]	@ (1000a584 <__mutex_exit_veneer+0xc>)
1000a57c:	4684      	mov	ip, r0
1000a57e:	bc01      	pop	{r0}
1000a580:	4760      	bx	ip
1000a582:	bf00      	nop
1000a584:	200001e5 	.word	0x200001e5

1000a588 <____aeabi_ldiv0_veneer>:
1000a588:	b401      	push	{r0}
1000a58a:	4802      	ldr	r0, [pc, #8]	@ (1000a594 <____aeabi_ldiv0_veneer+0xc>)
1000a58c:	4684      	mov	ip, r0
1000a58e:	bc01      	pop	{r0}
1000a590:	4760      	bx	ip
1000a592:	bf00      	nop
1000a594:	20000f19 	.word	0x20000f19

1000a598 <__e15_is_critical_frame_period_veneer>:
1000a598:	b401      	push	{r0}
1000a59a:	4802      	ldr	r0, [pc, #8]	@ (1000a5a4 <__e15_is_critical_frame_period_veneer+0xc>)
1000a59c:	4684      	mov	ip, r0
1000a59e:	bc01      	pop	{r0}
1000a5a0:	4760      	bx	ip
1000a5a2:	bf00      	nop
1000a5a4:	20000a11 	.word	0x20000a11

1000a5a8 <____aeabi_idiv0_veneer>:
1000a5a8:	b401      	push	{r0}
1000a5aa:	4802      	ldr	r0, [pc, #8]	@ (1000a5b4 <____aeabi_idiv0_veneer+0xc>)
1000a5ac:	4684      	mov	ip, r0
1000a5ae:	bc01      	pop	{r0}
1000a5b0:	4760      	bx	ip
1000a5b2:	bf00      	nop
1000a5b4:	20000f19 	.word	0x20000f19

1000a5b8 <__e15_is_bulkin_ep_veneer>:
1000a5b8:	b401      	push	{r0}
1000a5ba:	4802      	ldr	r0, [pc, #8]	@ (1000a5c4 <__e15_is_bulkin_ep_veneer+0xc>)
1000a5bc:	4684      	mov	ip, r0
1000a5be:	bc01      	pop	{r0}
1000a5c0:	4760      	bx	ip
1000a5c2:	bf00      	nop
1000a5c4:	200009e9 	.word	0x200009e9

1000a5c8 <__mutex_enter_timeout_ms_veneer>:
1000a5c8:	b401      	push	{r0}
1000a5ca:	4802      	ldr	r0, [pc, #8]	@ (1000a5d4 <__mutex_enter_timeout_ms_veneer+0xc>)
1000a5cc:	4684      	mov	ip, r0
1000a5ce:	bc01      	pop	{r0}
1000a5d0:	4760      	bx	ip
1000a5d2:	bf00      	nop
1000a5d4:	20000159 	.word	0x20000159

1000a5d8 <__dcd_event_handler_veneer>:
1000a5d8:	b401      	push	{r0}
1000a5da:	4802      	ldr	r0, [pc, #8]	@ (1000a5e4 <__dcd_event_handler_veneer+0xc>)
1000a5dc:	4684      	mov	ip, r0
1000a5de:	bc01      	pop	{r0}
1000a5e0:	4760      	bx	ip
1000a5e2:	bf00      	nop
1000a5e4:	20000b49 	.word	0x20000b49

1000a5e8 <__mutex_try_enter_block_until_veneer>:
1000a5e8:	b401      	push	{r0}
1000a5ea:	4802      	ldr	r0, [pc, #8]	@ (1000a5f4 <__mutex_try_enter_block_until_veneer+0xc>)
1000a5ec:	4684      	mov	ip, r0
1000a5ee:	bc01      	pop	{r0}
1000a5f0:	4760      	bx	ip
1000a5f2:	bf00      	nop
1000a5f4:	200000c1 	.word	0x200000c1

1000a5f8 <__hw_endpoint_start_next_buffer_veneer>:
1000a5f8:	b401      	push	{r0}
1000a5fa:	4802      	ldr	r0, [pc, #8]	@ (1000a604 <__hw_endpoint_start_next_buffer_veneer+0xc>)
1000a5fc:	4684      	mov	ip, r0
1000a5fe:	bc01      	pop	{r0}
1000a600:	4760      	bx	ip
1000a602:	bf00      	nop
1000a604:	20000aa1 	.word	0x20000aa1

1000a608 <___hw_endpoint_buffer_control_update32_veneer>:
1000a608:	b401      	push	{r0}
1000a60a:	4802      	ldr	r0, [pc, #8]	@ (1000a614 <___hw_endpoint_buffer_control_update32_veneer+0xc>)
1000a60c:	4684      	mov	ip, r0
1000a60e:	bc01      	pop	{r0}
1000a610:	4760      	bx	ip
1000a612:	bf00      	nop
1000a614:	20000a51 	.word	0x20000a51

1000a618 <__reset_non_control_endpoints_veneer>:
1000a618:	b401      	push	{r0}
1000a61a:	4802      	ldr	r0, [pc, #8]	@ (1000a624 <__reset_non_control_endpoints_veneer+0xc>)
1000a61c:	4684      	mov	ip, r0
1000a61e:	bc01      	pop	{r0}
1000a620:	4760      	bx	ip
1000a622:	bf00      	nop
1000a624:	2000020d 	.word	0x2000020d

1000a628 <__pre_init_runtime_init_early_resets>:
1000a628:	10005535                                5U..

1000a62c <__pre_init_runtime_init_usb_power_down>:
1000a62c:	10005561 10005745 10006599 10005de9     aU..EW...e...]..
1000a63c:	100064d9                                .d..

1000a640 <__pre_init_runtime_init_clocks>:
1000a640:	1000566d                                mV..

1000a644 <__pre_init_runtime_init_post_clock_resets>:
1000a644:	1000557d                                }U..

1000a648 <__pre_init_runtime_init_rp2040_gpio_ie_disable>:
1000a648:	1000559d                                .U..

1000a64c <__pre_init_runtime_init_spin_locks_reset>:
1000a64c:	100055b1                                .U..

1000a650 <__pre_init_runtime_init_mutex>:
1000a650:	10004835                                5H..

1000a654 <__pre_init_runtime_init_install_ram_vector_table>:
1000a654:	100055b9                                .U..

1000a658 <__pre_init_runtime_init_default_alarm_pool>:
1000a658:	10004bed                                .K..

1000a65c <__pre_init_first_per_core_initializer>:
1000a65c:	100054fd                                .T..

1000a660 <__pre_init_runtime_init_per_core_irq_priorities>:
1000a660:	1000430d                                .C..

1000a664 <__init_array_start>:
1000a664:	1000a54d 	.word	0x1000a54d
1000a668:	1000a345 	.word	0x1000a345

1000a66c <__frame_dummy_init_array_entry>:
1000a66c:	100002fd                                ....

Disassembly of section .data:

200000c0 <mutex_try_enter_block_until>:
200000c0:	b5f0      	push	{r4, r5, r6, r7, lr}
200000c2:	46c6      	mov	lr, r8
200000c4:	0015      	movs	r5, r2
200000c6:	b500      	push	{lr}
200000c8:	0004      	movs	r4, r0
200000ca:	001e      	movs	r6, r3
200000cc:	6802      	ldr	r2, [r0, #0]
200000ce:	f3ef 8110 	mrs	r1, PRIMASK
200000d2:	b672      	cpsid	i
200000d4:	6813      	ldr	r3, [r2, #0]
200000d6:	2b00      	cmp	r3, #0
200000d8:	d0fc      	beq.n	200000d4 <mutex_try_enter_block_until+0x14>
200000da:	f3bf 8f5f 	dmb	sy
200000de:	2304      	movs	r3, #4
200000e0:	56e3      	ldrsb	r3, [r4, r3]
200000e2:	6822      	ldr	r2, [r4, #0]
200000e4:	2b00      	cmp	r3, #0
200000e6:	db2b      	blt.n	20000140 <mutex_try_enter_block_until+0x80>
200000e8:	f3bf 8f5f 	dmb	sy
200000ec:	2000      	movs	r0, #0
200000ee:	6010      	str	r0, [r2, #0]
200000f0:	f381 8810 	msr	PRIMASK, r1
200000f4:	22d0      	movs	r2, #208	@ 0xd0
200000f6:	0612      	lsls	r2, r2, #24
200000f8:	7812      	ldrb	r2, [r2, #0]
200000fa:	2700      	movs	r7, #0
200000fc:	b252      	sxtb	r2, r2
200000fe:	4690      	mov	r8, r2
20000100:	429a      	cmp	r2, r3
20000102:	d10e      	bne.n	20000122 <mutex_try_enter_block_until+0x62>
20000104:	2000      	movs	r0, #0
20000106:	bc80      	pop	{r7}
20000108:	46b8      	mov	r8, r7
2000010a:	bdf0      	pop	{r4, r5, r6, r7, pc}
2000010c:	f3bf 8f5f 	dmb	sy
20000110:	6017      	str	r7, [r2, #0]
20000112:	f381 8810 	msr	PRIMASK, r1
20000116:	0028      	movs	r0, r5
20000118:	0031      	movs	r1, r6
2000011a:	f000 ff21 	bl	20000f60 <__best_effort_wfe_or_timeout_veneer>
2000011e:	2800      	cmp	r0, #0
20000120:	d1f0      	bne.n	20000104 <mutex_try_enter_block_until+0x44>
20000122:	6822      	ldr	r2, [r4, #0]
20000124:	f3ef 8110 	mrs	r1, PRIMASK
20000128:	b672      	cpsid	i
2000012a:	6813      	ldr	r3, [r2, #0]
2000012c:	2b00      	cmp	r3, #0
2000012e:	d0fc      	beq.n	2000012a <mutex_try_enter_block_until+0x6a>
20000130:	f3bf 8f5f 	dmb	sy
20000134:	7923      	ldrb	r3, [r4, #4]
20000136:	6822      	ldr	r2, [r4, #0]
20000138:	2b7f      	cmp	r3, #127	@ 0x7f
2000013a:	d9e7      	bls.n	2000010c <mutex_try_enter_block_until+0x4c>
2000013c:	4643      	mov	r3, r8
2000013e:	e002      	b.n	20000146 <mutex_try_enter_block_until+0x86>
20000140:	23d0      	movs	r3, #208	@ 0xd0
20000142:	061b      	lsls	r3, r3, #24
20000144:	681b      	ldr	r3, [r3, #0]
20000146:	7123      	strb	r3, [r4, #4]
20000148:	f3bf 8f5f 	dmb	sy
2000014c:	2300      	movs	r3, #0
2000014e:	6013      	str	r3, [r2, #0]
20000150:	f381 8810 	msr	PRIMASK, r1
20000154:	2001      	movs	r0, #1
20000156:	e7d6      	b.n	20000106 <mutex_try_enter_block_until+0x46>

20000158 <mutex_enter_timeout_ms>:
20000158:	b5f0      	push	{r4, r5, r6, r7, lr}
2000015a:	46c6      	mov	lr, r8
2000015c:	b500      	push	{lr}
2000015e:	000d      	movs	r5, r1
20000160:	0004      	movs	r4, r0
20000162:	f000 fedd 	bl	20000f20 <__time_us_64_veneer>
20000166:	22fa      	movs	r2, #250	@ 0xfa
20000168:	0006      	movs	r6, r0
2000016a:	000f      	movs	r7, r1
2000016c:	2300      	movs	r3, #0
2000016e:	0028      	movs	r0, r5
20000170:	2100      	movs	r1, #0
20000172:	0092      	lsls	r2, r2, #2
20000174:	f000 feec 	bl	20000f50 <____wrap___aeabi_lmul_veneer>
20000178:	1836      	adds	r6, r6, r0
2000017a:	414f      	adcs	r7, r1
2000017c:	2f00      	cmp	r7, #0
2000017e:	da02      	bge.n	20000186 <mutex_enter_timeout_ms+0x2e>
20000180:	2601      	movs	r6, #1
20000182:	4f17      	ldr	r7, [pc, #92]	@ (200001e0 <mutex_enter_timeout_ms+0x88>)
20000184:	4276      	negs	r6, r6
20000186:	23d0      	movs	r3, #208	@ 0xd0
20000188:	061b      	lsls	r3, r3, #24
2000018a:	681b      	ldr	r3, [r3, #0]
2000018c:	2500      	movs	r5, #0
2000018e:	4698      	mov	r8, r3
20000190:	e00a      	b.n	200001a8 <mutex_enter_timeout_ms+0x50>
20000192:	f3bf 8f5f 	dmb	sy
20000196:	6015      	str	r5, [r2, #0]
20000198:	f381 8810 	msr	PRIMASK, r1
2000019c:	0030      	movs	r0, r6
2000019e:	0039      	movs	r1, r7
200001a0:	f000 fede 	bl	20000f60 <__best_effort_wfe_or_timeout_veneer>
200001a4:	2800      	cmp	r0, #0
200001a6:	d118      	bne.n	200001da <mutex_enter_timeout_ms+0x82>
200001a8:	6822      	ldr	r2, [r4, #0]
200001aa:	f3ef 8110 	mrs	r1, PRIMASK
200001ae:	b672      	cpsid	i
200001b0:	6813      	ldr	r3, [r2, #0]
200001b2:	2b00      	cmp	r3, #0
200001b4:	d0fc      	beq.n	200001b0 <mutex_enter_timeout_ms+0x58>
200001b6:	f3bf 8f5f 	dmb	sy
200001ba:	7923      	ldrb	r3, [r4, #4]
200001bc:	6822      	ldr	r2, [r4, #0]
200001be:	2b7f      	cmp	r3, #127	@ 0x7f
200001c0:	d9e7      	bls.n	20000192 <mutex_enter_timeout_ms+0x3a>
200001c2:	4643      	mov	r3, r8
200001c4:	7123      	strb	r3, [r4, #4]
200001c6:	f3bf 8f5f 	dmb	sy
200001ca:	2300      	movs	r3, #0
200001cc:	6013      	str	r3, [r2, #0]
200001ce:	f381 8810 	msr	PRIMASK, r1
200001d2:	2001      	movs	r0, #1
200001d4:	bc80      	pop	{r7}
200001d6:	46b8      	mov	r8, r7
200001d8:	bdf0      	pop	{r4, r5, r6, r7, pc}
200001da:	2000      	movs	r0, #0
200001dc:	e7fa      	b.n	200001d4 <mutex_enter_timeout_ms+0x7c>
200001de:	46c0      	nop			@ (mov r8, r8)
200001e0:	7fffffff 	.word	0x7fffffff

200001e4 <mutex_exit>:
200001e4:	6802      	ldr	r2, [r0, #0]
200001e6:	f3ef 8110 	mrs	r1, PRIMASK
200001ea:	b672      	cpsid	i
200001ec:	6813      	ldr	r3, [r2, #0]
200001ee:	2b00      	cmp	r3, #0
200001f0:	d0fc      	beq.n	200001ec <mutex_exit+0x8>
200001f2:	f3bf 8f5f 	dmb	sy
200001f6:	23ff      	movs	r3, #255	@ 0xff
200001f8:	7103      	strb	r3, [r0, #4]
200001fa:	6803      	ldr	r3, [r0, #0]
200001fc:	f3bf 8f5f 	dmb	sy
20000200:	2200      	movs	r2, #0
20000202:	601a      	str	r2, [r3, #0]
20000204:	f381 8810 	msr	PRIMASK, r1
20000208:	bf40      	sev
2000020a:	4770      	bx	lr

2000020c <reset_non_control_endpoints>:
2000020c:	2200      	movs	r2, #0
2000020e:	4b15      	ldr	r3, [pc, #84]	@ (20000264 <reset_non_control_endpoints+0x58>)
20000210:	b510      	push	{r4, lr}
20000212:	609a      	str	r2, [r3, #8]
20000214:	60da      	str	r2, [r3, #12]
20000216:	611a      	str	r2, [r3, #16]
20000218:	615a      	str	r2, [r3, #20]
2000021a:	619a      	str	r2, [r3, #24]
2000021c:	61da      	str	r2, [r3, #28]
2000021e:	621a      	str	r2, [r3, #32]
20000220:	625a      	str	r2, [r3, #36]	@ 0x24
20000222:	629a      	str	r2, [r3, #40]	@ 0x28
20000224:	62da      	str	r2, [r3, #44]	@ 0x2c
20000226:	631a      	str	r2, [r3, #48]	@ 0x30
20000228:	635a      	str	r2, [r3, #52]	@ 0x34
2000022a:	639a      	str	r2, [r3, #56]	@ 0x38
2000022c:	63da      	str	r2, [r3, #60]	@ 0x3c
2000022e:	641a      	str	r2, [r3, #64]	@ 0x40
20000230:	645a      	str	r2, [r3, #68]	@ 0x44
20000232:	649a      	str	r2, [r3, #72]	@ 0x48
20000234:	64da      	str	r2, [r3, #76]	@ 0x4c
20000236:	651a      	str	r2, [r3, #80]	@ 0x50
20000238:	655a      	str	r2, [r3, #84]	@ 0x54
2000023a:	659a      	str	r2, [r3, #88]	@ 0x58
2000023c:	65da      	str	r2, [r3, #92]	@ 0x5c
2000023e:	661a      	str	r2, [r3, #96]	@ 0x60
20000240:	665a      	str	r2, [r3, #100]	@ 0x64
20000242:	669a      	str	r2, [r3, #104]	@ 0x68
20000244:	66da      	str	r2, [r3, #108]	@ 0x6c
20000246:	671a      	str	r2, [r3, #112]	@ 0x70
20000248:	675a      	str	r2, [r3, #116]	@ 0x74
2000024a:	679a      	str	r2, [r3, #120]	@ 0x78
2000024c:	67da      	str	r2, [r3, #124]	@ 0x7c
2000024e:	32f0      	adds	r2, #240	@ 0xf0
20000250:	0092      	lsls	r2, r2, #2
20000252:	2100      	movs	r1, #0
20000254:	4804      	ldr	r0, [pc, #16]	@ (20000268 <reset_non_control_endpoints+0x5c>)
20000256:	f000 fe6b 	bl	20000f30 <____wrap_memset_veneer>
2000025a:	4b04      	ldr	r3, [pc, #16]	@ (2000026c <reset_non_control_endpoints+0x60>)
2000025c:	4a04      	ldr	r2, [pc, #16]	@ (20000270 <reset_non_control_endpoints+0x64>)
2000025e:	601a      	str	r2, [r3, #0]
20000260:	bd10      	pop	{r4, pc}
20000262:	46c0      	nop			@ (mov r8, r8)
20000264:	50100000 	.word	0x50100000
20000268:	20009a04 	.word	0x20009a04
2000026c:	20009fcc 	.word	0x20009fcc
20000270:	50100180 	.word	0x50100180

20000274 <hw_handle_buff_status>:
20000274:	b5f0      	push	{r4, r5, r6, r7, lr}
20000276:	464e      	mov	r6, r9
20000278:	4645      	mov	r5, r8
2000027a:	46de      	mov	lr, fp
2000027c:	4657      	mov	r7, sl
2000027e:	b5e0      	push	{r5, r6, r7, lr}
20000280:	4b21      	ldr	r3, [pc, #132]	@ (20000308 <hw_handle_buff_status+0x94>)
20000282:	2400      	movs	r4, #0
20000284:	6d9e      	ldr	r6, [r3, #88]	@ 0x58
20000286:	2501      	movs	r5, #1
20000288:	b085      	sub	sp, #20
2000028a:	2e00      	cmp	r6, #0
2000028c:	d022      	beq.n	200002d4 <hw_handle_buff_status+0x60>
2000028e:	4b1f      	ldr	r3, [pc, #124]	@ (2000030c <hw_handle_buff_status+0x98>)
20000290:	469a      	mov	sl, r3
20000292:	2301      	movs	r3, #1
20000294:	4699      	mov	r9, r3
20000296:	4b1e      	ldr	r3, [pc, #120]	@ (20000310 <hw_handle_buff_status+0x9c>)
20000298:	4698      	mov	r8, r3
2000029a:	e001      	b.n	200002a0 <hw_handle_buff_status+0x2c>
2000029c:	2c20      	cmp	r4, #32
2000029e:	d019      	beq.n	200002d4 <hw_handle_buff_status+0x60>
200002a0:	002a      	movs	r2, r5
200002a2:	0023      	movs	r3, r4
200002a4:	3401      	adds	r4, #1
200002a6:	002f      	movs	r7, r5
200002a8:	4032      	ands	r2, r6
200002aa:	b2e4      	uxtb	r4, r4
200002ac:	006d      	lsls	r5, r5, #1
200002ae:	2a00      	cmp	r2, #0
200002b0:	d0f4      	beq.n	2000029c <hw_handle_buff_status+0x28>
200002b2:	4652      	mov	r2, sl
200002b4:	6597      	str	r7, [r2, #88]	@ 0x58
200002b6:	464a      	mov	r2, r9
200002b8:	085b      	lsrs	r3, r3, #1
200002ba:	005b      	lsls	r3, r3, #1
200002bc:	4022      	ands	r2, r4
200002be:	189b      	adds	r3, r3, r2
200002c0:	015b      	lsls	r3, r3, #5
200002c2:	4443      	add	r3, r8
200002c4:	0018      	movs	r0, r3
200002c6:	469b      	mov	fp, r3
200002c8:	f000 fc1e 	bl	20000b08 <hw_endpoint_xfer_continue>
200002cc:	2800      	cmp	r0, #0
200002ce:	d108      	bne.n	200002e2 <hw_handle_buff_status+0x6e>
200002d0:	43be      	bics	r6, r7
200002d2:	d1e3      	bne.n	2000029c <hw_handle_buff_status+0x28>
200002d4:	b005      	add	sp, #20
200002d6:	bcf0      	pop	{r4, r5, r6, r7}
200002d8:	46bb      	mov	fp, r7
200002da:	46b2      	mov	sl, r6
200002dc:	46a9      	mov	r9, r5
200002de:	46a0      	mov	r8, r4
200002e0:	bdf0      	pop	{r4, r5, r6, r7, pc}
200002e2:	465b      	mov	r3, fp
200002e4:	21e0      	movs	r1, #224	@ 0xe0
200002e6:	789a      	ldrb	r2, [r3, #2]
200002e8:	8adb      	ldrh	r3, [r3, #22]
200002ea:	a801      	add	r0, sp, #4
200002ec:	6083      	str	r3, [r0, #8]
200002ee:	2300      	movs	r3, #0
200002f0:	00c9      	lsls	r1, r1, #3
200002f2:	8001      	strh	r1, [r0, #0]
200002f4:	2101      	movs	r1, #1
200002f6:	7102      	strb	r2, [r0, #4]
200002f8:	7143      	strb	r3, [r0, #5]
200002fa:	f000 fc25 	bl	20000b48 <dcd_event_handler>
200002fe:	4658      	mov	r0, fp
20000300:	f000 fba0 	bl	20000a44 <hw_endpoint_reset_transfer>
20000304:	e7e4      	b.n	200002d0 <hw_handle_buff_status+0x5c>
20000306:	46c0      	nop			@ (mov r8, r8)
20000308:	50110000 	.word	0x50110000
2000030c:	50113000 	.word	0x50113000
20000310:	200099c4 	.word	0x200099c4

20000314 <dcd_rp2040_irq>:
20000314:	2398      	movs	r3, #152	@ 0x98
20000316:	b5f0      	push	{r4, r5, r6, r7, lr}
20000318:	46c6      	mov	lr, r8
2000031a:	4ac8      	ldr	r2, [pc, #800]	@ (2000063c <dcd_rp2040_irq+0x328>)
2000031c:	b500      	push	{lr}
2000031e:	58d5      	ldr	r5, [r2, r3]
20000320:	2380      	movs	r3, #128	@ 0x80
20000322:	002e      	movs	r6, r5
20000324:	029b      	lsls	r3, r3, #10
20000326:	2410      	movs	r4, #16
20000328:	b084      	sub	sp, #16
2000032a:	401e      	ands	r6, r3
2000032c:	421d      	tst	r5, r3
2000032e:	d074      	beq.n	2000041a <dcd_rp2040_irq+0x106>
20000330:	4bc3      	ldr	r3, [pc, #780]	@ (20000640 <dcd_rp2040_irq+0x32c>)
20000332:	4cc4      	ldr	r4, [pc, #784]	@ (20000644 <dcd_rp2040_irq+0x330>)
20000334:	6a9a      	ldr	r2, [r3, #40]	@ 0x28
20000336:	4bc4      	ldr	r3, [pc, #784]	@ (20000648 <dcd_rp2040_irq+0x334>)
20000338:	2600      	movs	r6, #0
2000033a:	601a      	str	r2, [r3, #0]
2000033c:	233b      	movs	r3, #59	@ 0x3b
2000033e:	5ce3      	ldrb	r3, [r4, r3]
20000340:	2b02      	cmp	r3, #2
20000342:	d100      	bne.n	20000346 <dcd_rp2040_irq+0x32>
20000344:	e14f      	b.n	200005e6 <dcd_rp2040_irq+0x2d2>
20000346:	237b      	movs	r3, #123	@ 0x7b
20000348:	5ce3      	ldrb	r3, [r4, r3]
2000034a:	2b02      	cmp	r3, #2
2000034c:	d100      	bne.n	20000350 <dcd_rp2040_irq+0x3c>
2000034e:	e0f3      	b.n	20000538 <dcd_rp2040_irq+0x224>
20000350:	23bb      	movs	r3, #187	@ 0xbb
20000352:	5ce3      	ldrb	r3, [r4, r3]
20000354:	2b02      	cmp	r3, #2
20000356:	d100      	bne.n	2000035a <dcd_rp2040_irq+0x46>
20000358:	e0fa      	b.n	20000550 <dcd_rp2040_irq+0x23c>
2000035a:	23fb      	movs	r3, #251	@ 0xfb
2000035c:	5ce3      	ldrb	r3, [r4, r3]
2000035e:	2b02      	cmp	r3, #2
20000360:	d100      	bne.n	20000364 <dcd_rp2040_irq+0x50>
20000362:	e101      	b.n	20000568 <dcd_rp2040_irq+0x254>
20000364:	233c      	movs	r3, #60	@ 0x3c
20000366:	33ff      	adds	r3, #255	@ 0xff
20000368:	5ce3      	ldrb	r3, [r4, r3]
2000036a:	2b02      	cmp	r3, #2
2000036c:	d100      	bne.n	20000370 <dcd_rp2040_irq+0x5c>
2000036e:	e12d      	b.n	200005cc <dcd_rp2040_irq+0x2b8>
20000370:	237c      	movs	r3, #124	@ 0x7c
20000372:	33ff      	adds	r3, #255	@ 0xff
20000374:	5ce3      	ldrb	r3, [r4, r3]
20000376:	2b02      	cmp	r3, #2
20000378:	d100      	bne.n	2000037c <dcd_rp2040_irq+0x68>
2000037a:	e10e      	b.n	2000059a <dcd_rp2040_irq+0x286>
2000037c:	23bc      	movs	r3, #188	@ 0xbc
2000037e:	33ff      	adds	r3, #255	@ 0xff
20000380:	5ce3      	ldrb	r3, [r4, r3]
20000382:	2b02      	cmp	r3, #2
20000384:	d100      	bne.n	20000388 <dcd_rp2040_irq+0x74>
20000386:	e13f      	b.n	20000608 <dcd_rp2040_irq+0x2f4>
20000388:	23fc      	movs	r3, #252	@ 0xfc
2000038a:	33ff      	adds	r3, #255	@ 0xff
2000038c:	5ce3      	ldrb	r3, [r4, r3]
2000038e:	2b02      	cmp	r3, #2
20000390:	d100      	bne.n	20000394 <dcd_rp2040_irq+0x80>
20000392:	e0f5      	b.n	20000580 <dcd_rp2040_irq+0x26c>
20000394:	4bad      	ldr	r3, [pc, #692]	@ (2000064c <dcd_rp2040_irq+0x338>)
20000396:	5ce3      	ldrb	r3, [r4, r3]
20000398:	2b02      	cmp	r3, #2
2000039a:	d100      	bne.n	2000039e <dcd_rp2040_irq+0x8a>
2000039c:	e174      	b.n	20000688 <dcd_rp2040_irq+0x374>
2000039e:	4bac      	ldr	r3, [pc, #688]	@ (20000650 <dcd_rp2040_irq+0x33c>)
200003a0:	5ce3      	ldrb	r3, [r4, r3]
200003a2:	2b02      	cmp	r3, #2
200003a4:	d100      	bne.n	200003a8 <dcd_rp2040_irq+0x94>
200003a6:	e105      	b.n	200005b4 <dcd_rp2040_irq+0x2a0>
200003a8:	4baa      	ldr	r3, [pc, #680]	@ (20000654 <dcd_rp2040_irq+0x340>)
200003aa:	5ce3      	ldrb	r3, [r4, r3]
200003ac:	2b02      	cmp	r3, #2
200003ae:	d100      	bne.n	200003b2 <dcd_rp2040_irq+0x9e>
200003b0:	e175      	b.n	2000069e <dcd_rp2040_irq+0x38a>
200003b2:	4ba9      	ldr	r3, [pc, #676]	@ (20000658 <dcd_rp2040_irq+0x344>)
200003b4:	5ce3      	ldrb	r3, [r4, r3]
200003b6:	2b02      	cmp	r3, #2
200003b8:	d100      	bne.n	200003bc <dcd_rp2040_irq+0xa8>
200003ba:	e132      	b.n	20000622 <dcd_rp2040_irq+0x30e>
200003bc:	4ba7      	ldr	r3, [pc, #668]	@ (2000065c <dcd_rp2040_irq+0x348>)
200003be:	5ce3      	ldrb	r3, [r4, r3]
200003c0:	2b02      	cmp	r3, #2
200003c2:	d100      	bne.n	200003c6 <dcd_rp2040_irq+0xb2>
200003c4:	e1a0      	b.n	20000708 <dcd_rp2040_irq+0x3f4>
200003c6:	4ba6      	ldr	r3, [pc, #664]	@ (20000660 <dcd_rp2040_irq+0x34c>)
200003c8:	5ce3      	ldrb	r3, [r4, r3]
200003ca:	2b02      	cmp	r3, #2
200003cc:	d100      	bne.n	200003d0 <dcd_rp2040_irq+0xbc>
200003ce:	e171      	b.n	200006b4 <dcd_rp2040_irq+0x3a0>
200003d0:	4ba4      	ldr	r3, [pc, #656]	@ (20000664 <dcd_rp2040_irq+0x350>)
200003d2:	5ce3      	ldrb	r3, [r4, r3]
200003d4:	2b02      	cmp	r3, #2
200003d6:	d100      	bne.n	200003da <dcd_rp2040_irq+0xc6>
200003d8:	e1a1      	b.n	2000071e <dcd_rp2040_irq+0x40a>
200003da:	4ba3      	ldr	r3, [pc, #652]	@ (20000668 <dcd_rp2040_irq+0x354>)
200003dc:	5ce3      	ldrb	r3, [r4, r3]
200003de:	2b02      	cmp	r3, #2
200003e0:	d100      	bne.n	200003e4 <dcd_rp2040_irq+0xd0>
200003e2:	e17f      	b.n	200006e4 <dcd_rp2040_irq+0x3d0>
200003e4:	2e00      	cmp	r6, #0
200003e6:	d108      	bne.n	200003fa <dcd_rp2040_irq+0xe6>
200003e8:	4ba0      	ldr	r3, [pc, #640]	@ (2000066c <dcd_rp2040_irq+0x358>)
200003ea:	781b      	ldrb	r3, [r3, #0]
200003ec:	2b00      	cmp	r3, #0
200003ee:	d104      	bne.n	200003fa <dcd_rp2040_irq+0xe6>
200003f0:	2180      	movs	r1, #128	@ 0x80
200003f2:	4a9f      	ldr	r2, [pc, #636]	@ (20000670 <dcd_rp2040_irq+0x35c>)
200003f4:	3390      	adds	r3, #144	@ 0x90
200003f6:	0289      	lsls	r1, r1, #10
200003f8:	50d1      	str	r1, [r2, r3]
200003fa:	22c0      	movs	r2, #192	@ 0xc0
200003fc:	4669      	mov	r1, sp
200003fe:	4b8f      	ldr	r3, [pc, #572]	@ (2000063c <dcd_rp2040_irq+0x328>)
20000400:	0092      	lsls	r2, r2, #2
20000402:	6c9b      	ldr	r3, [r3, #72]	@ 0x48
20000404:	2680      	movs	r6, #128	@ 0x80
20000406:	055b      	lsls	r3, r3, #21
20000408:	808a      	strh	r2, [r1, #4]
2000040a:	0d5b      	lsrs	r3, r3, #21
2000040c:	2101      	movs	r1, #1
2000040e:	a801      	add	r0, sp, #4
20000410:	9302      	str	r3, [sp, #8]
20000412:	f000 fb99 	bl	20000b48 <dcd_event_handler>
20000416:	4c97      	ldr	r4, [pc, #604]	@ (20000674 <dcd_rp2040_irq+0x360>)
20000418:	02b6      	lsls	r6, r6, #10
2000041a:	06eb      	lsls	r3, r5, #27
2000041c:	d500      	bpl.n	20000420 <dcd_rp2040_irq+0x10c>
2000041e:	e07f      	b.n	20000520 <dcd_rp2040_irq+0x20c>
20000420:	2380      	movs	r3, #128	@ 0x80
20000422:	025b      	lsls	r3, r3, #9
20000424:	421d      	tst	r5, r3
20000426:	d031      	beq.n	2000048c <dcd_rp2040_irq+0x178>
20000428:	431e      	orrs	r6, r3
2000042a:	2301      	movs	r3, #1
2000042c:	2402      	movs	r4, #2
2000042e:	4698      	mov	r8, r3
20000430:	4f84      	ldr	r7, [pc, #528]	@ (20000644 <dcd_rp2040_irq+0x330>)
20000432:	7ebb      	ldrb	r3, [r7, #26]
20000434:	2b00      	cmp	r3, #0
20000436:	d014      	beq.n	20000462 <dcd_rp2040_irq+0x14e>
20000438:	f000 fdaa 	bl	20000f90 <__rp2040_chip_version_veneer>
2000043c:	2801      	cmp	r0, #1
2000043e:	d900      	bls.n	20000442 <dcd_rp2040_irq+0x12e>
20000440:	e072      	b.n	20000528 <dcd_rp2040_irq+0x214>
20000442:	22c0      	movs	r2, #192	@ 0xc0
20000444:	2100      	movs	r1, #0
20000446:	0038      	movs	r0, r7
20000448:	0192      	lsls	r2, r2, #6
2000044a:	f000 fb01 	bl	20000a50 <_hw_endpoint_buffer_control_update32>
2000044e:	0038      	movs	r0, r7
20000450:	f000 faf8 	bl	20000a44 <hw_endpoint_reset_transfer>
20000454:	f000 fd9c 	bl	20000f90 <__rp2040_chip_version_veneer>
20000458:	2801      	cmp	r0, #1
2000045a:	d902      	bls.n	20000462 <dcd_rp2040_irq+0x14e>
2000045c:	4b84      	ldr	r3, [pc, #528]	@ (20000670 <dcd_rp2040_irq+0x35c>)
2000045e:	665c      	str	r4, [r3, #100]	@ 0x64
20000460:	661c      	str	r4, [r3, #96]	@ 0x60
20000462:	4643      	mov	r3, r8
20000464:	70fb      	strb	r3, [r7, #3]
20000466:	3720      	adds	r7, #32
20000468:	2c01      	cmp	r4, #1
2000046a:	d122      	bne.n	200004b2 <dcd_rp2040_irq+0x19e>
2000046c:	23c0      	movs	r3, #192	@ 0xc0
2000046e:	466a      	mov	r2, sp
20000470:	00db      	lsls	r3, r3, #3
20000472:	8093      	strh	r3, [r2, #4]
20000474:	4a80      	ldr	r2, [pc, #512]	@ (20000678 <dcd_rp2040_irq+0x364>)
20000476:	ab02      	add	r3, sp, #8
20000478:	ca03      	ldmia	r2!, {r0, r1}
2000047a:	c303      	stmia	r3!, {r0, r1}
2000047c:	2101      	movs	r1, #1
2000047e:	a801      	add	r0, sp, #4
20000480:	f000 fb62 	bl	20000b48 <dcd_event_handler>
20000484:	2280      	movs	r2, #128	@ 0x80
20000486:	4b7a      	ldr	r3, [pc, #488]	@ (20000670 <dcd_rp2040_irq+0x35c>)
20000488:	0292      	lsls	r2, r2, #10
2000048a:	651a      	str	r2, [r3, #80]	@ 0x50
2000048c:	2380      	movs	r3, #128	@ 0x80
2000048e:	015b      	lsls	r3, r3, #5
20000490:	421d      	tst	r5, r3
20000492:	d110      	bne.n	200004b6 <dcd_rp2040_irq+0x1a2>
20000494:	2380      	movs	r3, #128	@ 0x80
20000496:	01db      	lsls	r3, r3, #7
20000498:	421d      	tst	r5, r3
2000049a:	d123      	bne.n	200004e4 <dcd_rp2040_irq+0x1d0>
2000049c:	2380      	movs	r3, #128	@ 0x80
2000049e:	021b      	lsls	r3, r3, #8
200004a0:	421d      	tst	r5, r3
200004a2:	d12f      	bne.n	20000504 <dcd_rp2040_irq+0x1f0>
200004a4:	42ae      	cmp	r6, r5
200004a6:	d000      	beq.n	200004aa <dcd_rp2040_irq+0x196>
200004a8:	e1c0      	b.n	2000082c <dcd_rp2040_irq+0x518>
200004aa:	b004      	add	sp, #16
200004ac:	bc80      	pop	{r7}
200004ae:	46b8      	mov	r8, r7
200004b0:	bdf0      	pop	{r4, r5, r6, r7, pc}
200004b2:	2401      	movs	r4, #1
200004b4:	e7bd      	b.n	20000432 <dcd_rp2040_irq+0x11e>
200004b6:	2400      	movs	r4, #0
200004b8:	431e      	orrs	r6, r3
200004ba:	4b60      	ldr	r3, [pc, #384]	@ (2000063c <dcd_rp2040_irq+0x328>)
200004bc:	601c      	str	r4, [r3, #0]
200004be:	f7ff fea5 	bl	2000020c <reset_non_control_endpoints>
200004c2:	2380      	movs	r3, #128	@ 0x80
200004c4:	466a      	mov	r2, sp
200004c6:	005b      	lsls	r3, r3, #1
200004c8:	8093      	strh	r3, [r2, #4]
200004ca:	7214      	strb	r4, [r2, #8]
200004cc:	2101      	movs	r1, #1
200004ce:	a801      	add	r0, sp, #4
200004d0:	f000 fb3a 	bl	20000b48 <dcd_event_handler>
200004d4:	2280      	movs	r2, #128	@ 0x80
200004d6:	4b66      	ldr	r3, [pc, #408]	@ (20000670 <dcd_rp2040_irq+0x35c>)
200004d8:	0312      	lsls	r2, r2, #12
200004da:	651a      	str	r2, [r3, #80]	@ 0x50
200004dc:	2380      	movs	r3, #128	@ 0x80
200004de:	01db      	lsls	r3, r3, #7
200004e0:	421d      	tst	r5, r3
200004e2:	d0db      	beq.n	2000049c <dcd_rp2040_irq+0x188>
200004e4:	431e      	orrs	r6, r3
200004e6:	2380      	movs	r3, #128	@ 0x80
200004e8:	466a      	mov	r2, sp
200004ea:	00db      	lsls	r3, r3, #3
200004ec:	8093      	strh	r3, [r2, #4]
200004ee:	2101      	movs	r1, #1
200004f0:	a801      	add	r0, sp, #4
200004f2:	f000 fb29 	bl	20000b48 <dcd_event_handler>
200004f6:	2210      	movs	r2, #16
200004f8:	4b5d      	ldr	r3, [pc, #372]	@ (20000670 <dcd_rp2040_irq+0x35c>)
200004fa:	651a      	str	r2, [r3, #80]	@ 0x50
200004fc:	2380      	movs	r3, #128	@ 0x80
200004fe:	021b      	lsls	r3, r3, #8
20000500:	421d      	tst	r5, r3
20000502:	d0cf      	beq.n	200004a4 <dcd_rp2040_irq+0x190>
20000504:	431e      	orrs	r6, r3
20000506:	23a0      	movs	r3, #160	@ 0xa0
20000508:	466a      	mov	r2, sp
2000050a:	00db      	lsls	r3, r3, #3
2000050c:	8093      	strh	r3, [r2, #4]
2000050e:	2101      	movs	r1, #1
20000510:	a801      	add	r0, sp, #4
20000512:	f000 fb19 	bl	20000b48 <dcd_event_handler>
20000516:	2280      	movs	r2, #128	@ 0x80
20000518:	4b55      	ldr	r3, [pc, #340]	@ (20000670 <dcd_rp2040_irq+0x35c>)
2000051a:	0112      	lsls	r2, r2, #4
2000051c:	651a      	str	r2, [r3, #80]	@ 0x50
2000051e:	e7c1      	b.n	200004a4 <dcd_rp2040_irq+0x190>
20000520:	f7ff fea8 	bl	20000274 <hw_handle_buff_status>
20000524:	0026      	movs	r6, r4
20000526:	e77b      	b.n	20000420 <dcd_rp2040_irq+0x10c>
20000528:	4b54      	ldr	r3, [pc, #336]	@ (2000067c <dcd_rp2040_irq+0x368>)
2000052a:	4a44      	ldr	r2, [pc, #272]	@ (2000063c <dcd_rp2040_irq+0x328>)
2000052c:	661c      	str	r4, [r3, #96]	@ 0x60
2000052e:	6e53      	ldr	r3, [r2, #100]	@ 0x64
20000530:	4023      	ands	r3, r4
20000532:	42a3      	cmp	r3, r4
20000534:	d1fb      	bne.n	2000052e <dcd_rp2040_irq+0x21a>
20000536:	e784      	b.n	20000442 <dcd_rp2040_irq+0x12e>
20000538:	3378      	adds	r3, #120	@ 0x78
2000053a:	5ce7      	ldrb	r7, [r4, r3]
2000053c:	2f00      	cmp	r7, #0
2000053e:	d100      	bne.n	20000542 <dcd_rp2040_irq+0x22e>
20000540:	e706      	b.n	20000350 <dcd_rp2040_irq+0x3c>
20000542:	3302      	adds	r3, #2
20000544:	5ce2      	ldrb	r2, [r4, r3]
20000546:	2a00      	cmp	r2, #0
20000548:	d000      	beq.n	2000054c <dcd_rp2040_irq+0x238>
2000054a:	e10d      	b.n	20000768 <dcd_rp2040_irq+0x454>
2000054c:	003e      	movs	r6, r7
2000054e:	e6ff      	b.n	20000350 <dcd_rp2040_irq+0x3c>
20000550:	33b8      	adds	r3, #184	@ 0xb8
20000552:	5ce7      	ldrb	r7, [r4, r3]
20000554:	2f00      	cmp	r7, #0
20000556:	d100      	bne.n	2000055a <dcd_rp2040_irq+0x246>
20000558:	e6ff      	b.n	2000035a <dcd_rp2040_irq+0x46>
2000055a:	3302      	adds	r3, #2
2000055c:	5ce2      	ldrb	r2, [r4, r3]
2000055e:	2a00      	cmp	r2, #0
20000560:	d000      	beq.n	20000564 <dcd_rp2040_irq+0x250>
20000562:	e0f9      	b.n	20000758 <dcd_rp2040_irq+0x444>
20000564:	003e      	movs	r6, r7
20000566:	e6f8      	b.n	2000035a <dcd_rp2040_irq+0x46>
20000568:	33f8      	adds	r3, #248	@ 0xf8
2000056a:	5ce7      	ldrb	r7, [r4, r3]
2000056c:	2f00      	cmp	r7, #0
2000056e:	d100      	bne.n	20000572 <dcd_rp2040_irq+0x25e>
20000570:	e6f8      	b.n	20000364 <dcd_rp2040_irq+0x50>
20000572:	3302      	adds	r3, #2
20000574:	5ce2      	ldrb	r2, [r4, r3]
20000576:	2a00      	cmp	r2, #0
20000578:	d000      	beq.n	2000057c <dcd_rp2040_irq+0x268>
2000057a:	e141      	b.n	20000800 <dcd_rp2040_irq+0x4ec>
2000057c:	003e      	movs	r6, r7
2000057e:	e6f1      	b.n	20000364 <dcd_rp2040_irq+0x50>
20000580:	33f9      	adds	r3, #249	@ 0xf9
20000582:	33ff      	adds	r3, #255	@ 0xff
20000584:	5ce7      	ldrb	r7, [r4, r3]
20000586:	2f00      	cmp	r7, #0
20000588:	d100      	bne.n	2000058c <dcd_rp2040_irq+0x278>
2000058a:	e703      	b.n	20000394 <dcd_rp2040_irq+0x80>
2000058c:	3302      	adds	r3, #2
2000058e:	5ce2      	ldrb	r2, [r4, r3]
20000590:	2a00      	cmp	r2, #0
20000592:	d000      	beq.n	20000596 <dcd_rp2040_irq+0x282>
20000594:	e12b      	b.n	200007ee <dcd_rp2040_irq+0x4da>
20000596:	003e      	movs	r6, r7
20000598:	e6fc      	b.n	20000394 <dcd_rp2040_irq+0x80>
2000059a:	3379      	adds	r3, #121	@ 0x79
2000059c:	33ff      	adds	r3, #255	@ 0xff
2000059e:	5ce7      	ldrb	r7, [r4, r3]
200005a0:	2f00      	cmp	r7, #0
200005a2:	d100      	bne.n	200005a6 <dcd_rp2040_irq+0x292>
200005a4:	e6ea      	b.n	2000037c <dcd_rp2040_irq+0x68>
200005a6:	3302      	adds	r3, #2
200005a8:	5ce2      	ldrb	r2, [r4, r3]
200005aa:	2a00      	cmp	r2, #0
200005ac:	d000      	beq.n	200005b0 <dcd_rp2040_irq+0x29c>
200005ae:	e115      	b.n	200007dc <dcd_rp2040_irq+0x4c8>
200005b0:	003e      	movs	r6, r7
200005b2:	e6e3      	b.n	2000037c <dcd_rp2040_irq+0x68>
200005b4:	4b32      	ldr	r3, [pc, #200]	@ (20000680 <dcd_rp2040_irq+0x36c>)
200005b6:	5ce7      	ldrb	r7, [r4, r3]
200005b8:	2f00      	cmp	r7, #0
200005ba:	d100      	bne.n	200005be <dcd_rp2040_irq+0x2aa>
200005bc:	e6f4      	b.n	200003a8 <dcd_rp2040_irq+0x94>
200005be:	3302      	adds	r3, #2
200005c0:	5ce2      	ldrb	r2, [r4, r3]
200005c2:	2a00      	cmp	r2, #0
200005c4:	d000      	beq.n	200005c8 <dcd_rp2040_irq+0x2b4>
200005c6:	e101      	b.n	200007cc <dcd_rp2040_irq+0x4b8>
200005c8:	003e      	movs	r6, r7
200005ca:	e6ed      	b.n	200003a8 <dcd_rp2040_irq+0x94>
200005cc:	3339      	adds	r3, #57	@ 0x39
200005ce:	33ff      	adds	r3, #255	@ 0xff
200005d0:	5ce7      	ldrb	r7, [r4, r3]
200005d2:	2f00      	cmp	r7, #0
200005d4:	d100      	bne.n	200005d8 <dcd_rp2040_irq+0x2c4>
200005d6:	e6cb      	b.n	20000370 <dcd_rp2040_irq+0x5c>
200005d8:	3302      	adds	r3, #2
200005da:	5ce2      	ldrb	r2, [r4, r3]
200005dc:	2a00      	cmp	r2, #0
200005de:	d000      	beq.n	200005e2 <dcd_rp2040_irq+0x2ce>
200005e0:	e0eb      	b.n	200007ba <dcd_rp2040_irq+0x4a6>
200005e2:	003e      	movs	r6, r7
200005e4:	e6c4      	b.n	20000370 <dcd_rp2040_irq+0x5c>
200005e6:	3338      	adds	r3, #56	@ 0x38
200005e8:	5ce6      	ldrb	r6, [r4, r3]
200005ea:	2e00      	cmp	r6, #0
200005ec:	d100      	bne.n	200005f0 <dcd_rp2040_irq+0x2dc>
200005ee:	e6aa      	b.n	20000346 <dcd_rp2040_irq+0x32>
200005f0:	3302      	adds	r3, #2
200005f2:	5ce2      	ldrb	r2, [r4, r3]
200005f4:	2a00      	cmp	r2, #0
200005f6:	d100      	bne.n	200005fa <dcd_rp2040_irq+0x2e6>
200005f8:	e6a5      	b.n	20000346 <dcd_rp2040_irq+0x32>
200005fa:	0020      	movs	r0, r4
200005fc:	2200      	movs	r2, #0
200005fe:	3020      	adds	r0, #32
20000600:	54e2      	strb	r2, [r4, r3]
20000602:	f000 fa4d 	bl	20000aa0 <hw_endpoint_start_next_buffer>
20000606:	e69e      	b.n	20000346 <dcd_rp2040_irq+0x32>
20000608:	33b9      	adds	r3, #185	@ 0xb9
2000060a:	33ff      	adds	r3, #255	@ 0xff
2000060c:	5ce7      	ldrb	r7, [r4, r3]
2000060e:	2f00      	cmp	r7, #0
20000610:	d100      	bne.n	20000614 <dcd_rp2040_irq+0x300>
20000612:	e6b9      	b.n	20000388 <dcd_rp2040_irq+0x74>
20000614:	3302      	adds	r3, #2
20000616:	5ce2      	ldrb	r2, [r4, r3]
20000618:	2a00      	cmp	r2, #0
2000061a:	d000      	beq.n	2000061e <dcd_rp2040_irq+0x30a>
2000061c:	e0c4      	b.n	200007a8 <dcd_rp2040_irq+0x494>
2000061e:	003e      	movs	r6, r7
20000620:	e6b2      	b.n	20000388 <dcd_rp2040_irq+0x74>
20000622:	4b18      	ldr	r3, [pc, #96]	@ (20000684 <dcd_rp2040_irq+0x370>)
20000624:	5ce7      	ldrb	r7, [r4, r3]
20000626:	2f00      	cmp	r7, #0
20000628:	d100      	bne.n	2000062c <dcd_rp2040_irq+0x318>
2000062a:	e6c7      	b.n	200003bc <dcd_rp2040_irq+0xa8>
2000062c:	3302      	adds	r3, #2
2000062e:	5ce2      	ldrb	r2, [r4, r3]
20000630:	2a00      	cmp	r2, #0
20000632:	d000      	beq.n	20000636 <dcd_rp2040_irq+0x322>
20000634:	e0b0      	b.n	20000798 <dcd_rp2040_irq+0x484>
20000636:	003e      	movs	r6, r7
20000638:	e6c0      	b.n	200003bc <dcd_rp2040_irq+0xa8>
2000063a:	46c0      	nop			@ (mov r8, r8)
2000063c:	50110000 	.word	0x50110000
20000640:	40054000 	.word	0x40054000
20000644:	200099c4 	.word	0x200099c4
20000648:	200099bc 	.word	0x200099bc
2000064c:	0000023b 	.word	0x0000023b
20000650:	0000027b 	.word	0x0000027b
20000654:	000002bb 	.word	0x000002bb
20000658:	000002fb 	.word	0x000002fb
2000065c:	0000033b 	.word	0x0000033b
20000660:	0000037b 	.word	0x0000037b
20000664:	000003bb 	.word	0x000003bb
20000668:	000003fb 	.word	0x000003fb
2000066c:	2001a41d 	.word	0x2001a41d
20000670:	50113000 	.word	0x50113000
20000674:	00020010 	.word	0x00020010
20000678:	50100000 	.word	0x50100000
2000067c:	50112000 	.word	0x50112000
20000680:	0000027a 	.word	0x0000027a
20000684:	000002fa 	.word	0x000002fa
20000688:	4b6b      	ldr	r3, [pc, #428]	@ (20000838 <dcd_rp2040_irq+0x524>)
2000068a:	5ce7      	ldrb	r7, [r4, r3]
2000068c:	2f00      	cmp	r7, #0
2000068e:	d100      	bne.n	20000692 <dcd_rp2040_irq+0x37e>
20000690:	e685      	b.n	2000039e <dcd_rp2040_irq+0x8a>
20000692:	3302      	adds	r3, #2
20000694:	5ce2      	ldrb	r2, [r4, r3]
20000696:	2a00      	cmp	r2, #0
20000698:	d176      	bne.n	20000788 <dcd_rp2040_irq+0x474>
2000069a:	003e      	movs	r6, r7
2000069c:	e67f      	b.n	2000039e <dcd_rp2040_irq+0x8a>
2000069e:	4b67      	ldr	r3, [pc, #412]	@ (2000083c <dcd_rp2040_irq+0x528>)
200006a0:	5ce7      	ldrb	r7, [r4, r3]
200006a2:	2f00      	cmp	r7, #0
200006a4:	d100      	bne.n	200006a8 <dcd_rp2040_irq+0x394>
200006a6:	e684      	b.n	200003b2 <dcd_rp2040_irq+0x9e>
200006a8:	3302      	adds	r3, #2
200006aa:	5ce2      	ldrb	r2, [r4, r3]
200006ac:	2a00      	cmp	r2, #0
200006ae:	d163      	bne.n	20000778 <dcd_rp2040_irq+0x464>
200006b0:	003e      	movs	r6, r7
200006b2:	e67e      	b.n	200003b2 <dcd_rp2040_irq+0x9e>
200006b4:	4b62      	ldr	r3, [pc, #392]	@ (20000840 <dcd_rp2040_irq+0x52c>)
200006b6:	5ce7      	ldrb	r7, [r4, r3]
200006b8:	2f00      	cmp	r7, #0
200006ba:	d100      	bne.n	200006be <dcd_rp2040_irq+0x3aa>
200006bc:	e688      	b.n	200003d0 <dcd_rp2040_irq+0xbc>
200006be:	3302      	adds	r3, #2
200006c0:	5ce2      	ldrb	r2, [r4, r3]
200006c2:	2a00      	cmp	r2, #0
200006c4:	d000      	beq.n	200006c8 <dcd_rp2040_irq+0x3b4>
200006c6:	e0a3      	b.n	20000810 <dcd_rp2040_irq+0x4fc>
200006c8:	4b5e      	ldr	r3, [pc, #376]	@ (20000844 <dcd_rp2040_irq+0x530>)
200006ca:	5ce3      	ldrb	r3, [r4, r3]
200006cc:	2b02      	cmp	r3, #2
200006ce:	d130      	bne.n	20000732 <dcd_rp2040_irq+0x41e>
200006d0:	4b5d      	ldr	r3, [pc, #372]	@ (20000848 <dcd_rp2040_irq+0x534>)
200006d2:	5ce3      	ldrb	r3, [r4, r3]
200006d4:	2b00      	cmp	r3, #0
200006d6:	d127      	bne.n	20000728 <dcd_rp2040_irq+0x414>
200006d8:	4b5c      	ldr	r3, [pc, #368]	@ (2000084c <dcd_rp2040_irq+0x538>)
200006da:	5ce3      	ldrb	r3, [r4, r3]
200006dc:	2b02      	cmp	r3, #2
200006de:	d000      	beq.n	200006e2 <dcd_rp2040_irq+0x3ce>
200006e0:	e68b      	b.n	200003fa <dcd_rp2040_irq+0xe6>
200006e2:	003e      	movs	r6, r7
200006e4:	4b5a      	ldr	r3, [pc, #360]	@ (20000850 <dcd_rp2040_irq+0x53c>)
200006e6:	5ce3      	ldrb	r3, [r4, r3]
200006e8:	2b00      	cmp	r3, #0
200006ea:	d100      	bne.n	200006ee <dcd_rp2040_irq+0x3da>
200006ec:	e67a      	b.n	200003e4 <dcd_rp2040_irq+0xd0>
200006ee:	23ff      	movs	r3, #255	@ 0xff
200006f0:	009b      	lsls	r3, r3, #2
200006f2:	5ce2      	ldrb	r2, [r4, r3]
200006f4:	2a00      	cmp	r2, #0
200006f6:	d100      	bne.n	200006fa <dcd_rp2040_irq+0x3e6>
200006f8:	e67f      	b.n	200003fa <dcd_rp2040_irq+0xe6>
200006fa:	2200      	movs	r2, #0
200006fc:	54e2      	strb	r2, [r4, r3]
200006fe:	3b1c      	subs	r3, #28
20000700:	18e0      	adds	r0, r4, r3
20000702:	f000 f9cd 	bl	20000aa0 <hw_endpoint_start_next_buffer>
20000706:	e678      	b.n	200003fa <dcd_rp2040_irq+0xe6>
20000708:	4b52      	ldr	r3, [pc, #328]	@ (20000854 <dcd_rp2040_irq+0x540>)
2000070a:	5ce7      	ldrb	r7, [r4, r3]
2000070c:	2f00      	cmp	r7, #0
2000070e:	d100      	bne.n	20000712 <dcd_rp2040_irq+0x3fe>
20000710:	e659      	b.n	200003c6 <dcd_rp2040_irq+0xb2>
20000712:	3302      	adds	r3, #2
20000714:	5ce2      	ldrb	r2, [r4, r3]
20000716:	2a00      	cmp	r2, #0
20000718:	d116      	bne.n	20000748 <dcd_rp2040_irq+0x434>
2000071a:	003e      	movs	r6, r7
2000071c:	e653      	b.n	200003c6 <dcd_rp2040_irq+0xb2>
2000071e:	4b4a      	ldr	r3, [pc, #296]	@ (20000848 <dcd_rp2040_irq+0x534>)
20000720:	5ce3      	ldrb	r3, [r4, r3]
20000722:	2b00      	cmp	r3, #0
20000724:	d100      	bne.n	20000728 <dcd_rp2040_irq+0x414>
20000726:	e658      	b.n	200003da <dcd_rp2040_irq+0xc6>
20000728:	23ef      	movs	r3, #239	@ 0xef
2000072a:	009b      	lsls	r3, r3, #2
2000072c:	5ce2      	ldrb	r2, [r4, r3]
2000072e:	2a00      	cmp	r2, #0
20000730:	d175      	bne.n	2000081e <dcd_rp2040_irq+0x50a>
20000732:	4b46      	ldr	r3, [pc, #280]	@ (2000084c <dcd_rp2040_irq+0x538>)
20000734:	5ce3      	ldrb	r3, [r4, r3]
20000736:	2b02      	cmp	r3, #2
20000738:	d000      	beq.n	2000073c <dcd_rp2040_irq+0x428>
2000073a:	e65e      	b.n	200003fa <dcd_rp2040_irq+0xe6>
2000073c:	4b44      	ldr	r3, [pc, #272]	@ (20000850 <dcd_rp2040_irq+0x53c>)
2000073e:	5ce3      	ldrb	r3, [r4, r3]
20000740:	2b00      	cmp	r3, #0
20000742:	d100      	bne.n	20000746 <dcd_rp2040_irq+0x432>
20000744:	e659      	b.n	200003fa <dcd_rp2040_irq+0xe6>
20000746:	e7d2      	b.n	200006ee <dcd_rp2040_irq+0x3da>
20000748:	2200      	movs	r2, #0
2000074a:	54e2      	strb	r2, [r4, r3]
2000074c:	3b1c      	subs	r3, #28
2000074e:	18e0      	adds	r0, r4, r3
20000750:	f000 f9a6 	bl	20000aa0 <hw_endpoint_start_next_buffer>
20000754:	003e      	movs	r6, r7
20000756:	e636      	b.n	200003c6 <dcd_rp2040_irq+0xb2>
20000758:	0020      	movs	r0, r4
2000075a:	2200      	movs	r2, #0
2000075c:	30a0      	adds	r0, #160	@ 0xa0
2000075e:	54e2      	strb	r2, [r4, r3]
20000760:	003e      	movs	r6, r7
20000762:	f000 f99d 	bl	20000aa0 <hw_endpoint_start_next_buffer>
20000766:	e5f8      	b.n	2000035a <dcd_rp2040_irq+0x46>
20000768:	0020      	movs	r0, r4
2000076a:	2200      	movs	r2, #0
2000076c:	3060      	adds	r0, #96	@ 0x60
2000076e:	54e2      	strb	r2, [r4, r3]
20000770:	003e      	movs	r6, r7
20000772:	f000 f995 	bl	20000aa0 <hw_endpoint_start_next_buffer>
20000776:	e5eb      	b.n	20000350 <dcd_rp2040_irq+0x3c>
20000778:	2200      	movs	r2, #0
2000077a:	54e2      	strb	r2, [r4, r3]
2000077c:	3b1c      	subs	r3, #28
2000077e:	18e0      	adds	r0, r4, r3
20000780:	f000 f98e 	bl	20000aa0 <hw_endpoint_start_next_buffer>
20000784:	003e      	movs	r6, r7
20000786:	e614      	b.n	200003b2 <dcd_rp2040_irq+0x9e>
20000788:	2200      	movs	r2, #0
2000078a:	54e2      	strb	r2, [r4, r3]
2000078c:	3b1c      	subs	r3, #28
2000078e:	18e0      	adds	r0, r4, r3
20000790:	f000 f986 	bl	20000aa0 <hw_endpoint_start_next_buffer>
20000794:	003e      	movs	r6, r7
20000796:	e602      	b.n	2000039e <dcd_rp2040_irq+0x8a>
20000798:	2200      	movs	r2, #0
2000079a:	54e2      	strb	r2, [r4, r3]
2000079c:	3b1c      	subs	r3, #28
2000079e:	18e0      	adds	r0, r4, r3
200007a0:	f000 f97e 	bl	20000aa0 <hw_endpoint_start_next_buffer>
200007a4:	003e      	movs	r6, r7
200007a6:	e609      	b.n	200003bc <dcd_rp2040_irq+0xa8>
200007a8:	0020      	movs	r0, r4
200007aa:	2200      	movs	r2, #0
200007ac:	30a1      	adds	r0, #161	@ 0xa1
200007ae:	30ff      	adds	r0, #255	@ 0xff
200007b0:	54e2      	strb	r2, [r4, r3]
200007b2:	003e      	movs	r6, r7
200007b4:	f000 f974 	bl	20000aa0 <hw_endpoint_start_next_buffer>
200007b8:	e5e6      	b.n	20000388 <dcd_rp2040_irq+0x74>
200007ba:	0020      	movs	r0, r4
200007bc:	2200      	movs	r2, #0
200007be:	3021      	adds	r0, #33	@ 0x21
200007c0:	30ff      	adds	r0, #255	@ 0xff
200007c2:	54e2      	strb	r2, [r4, r3]
200007c4:	003e      	movs	r6, r7
200007c6:	f000 f96b 	bl	20000aa0 <hw_endpoint_start_next_buffer>
200007ca:	e5d1      	b.n	20000370 <dcd_rp2040_irq+0x5c>
200007cc:	2200      	movs	r2, #0
200007ce:	54e2      	strb	r2, [r4, r3]
200007d0:	3b1c      	subs	r3, #28
200007d2:	18e0      	adds	r0, r4, r3
200007d4:	f000 f964 	bl	20000aa0 <hw_endpoint_start_next_buffer>
200007d8:	003e      	movs	r6, r7
200007da:	e5e5      	b.n	200003a8 <dcd_rp2040_irq+0x94>
200007dc:	0020      	movs	r0, r4
200007de:	2200      	movs	r2, #0
200007e0:	3061      	adds	r0, #97	@ 0x61
200007e2:	30ff      	adds	r0, #255	@ 0xff
200007e4:	54e2      	strb	r2, [r4, r3]
200007e6:	003e      	movs	r6, r7
200007e8:	f000 f95a 	bl	20000aa0 <hw_endpoint_start_next_buffer>
200007ec:	e5c6      	b.n	2000037c <dcd_rp2040_irq+0x68>
200007ee:	0020      	movs	r0, r4
200007f0:	2200      	movs	r2, #0
200007f2:	30e1      	adds	r0, #225	@ 0xe1
200007f4:	30ff      	adds	r0, #255	@ 0xff
200007f6:	54e2      	strb	r2, [r4, r3]
200007f8:	003e      	movs	r6, r7
200007fa:	f000 f951 	bl	20000aa0 <hw_endpoint_start_next_buffer>
200007fe:	e5c9      	b.n	20000394 <dcd_rp2040_irq+0x80>
20000800:	0020      	movs	r0, r4
20000802:	2200      	movs	r2, #0
20000804:	30e0      	adds	r0, #224	@ 0xe0
20000806:	54e2      	strb	r2, [r4, r3]
20000808:	003e      	movs	r6, r7
2000080a:	f000 f949 	bl	20000aa0 <hw_endpoint_start_next_buffer>
2000080e:	e5a9      	b.n	20000364 <dcd_rp2040_irq+0x50>
20000810:	2200      	movs	r2, #0
20000812:	54e2      	strb	r2, [r4, r3]
20000814:	3b1c      	subs	r3, #28
20000816:	18e0      	adds	r0, r4, r3
20000818:	f000 f942 	bl	20000aa0 <hw_endpoint_start_next_buffer>
2000081c:	e754      	b.n	200006c8 <dcd_rp2040_irq+0x3b4>
2000081e:	2200      	movs	r2, #0
20000820:	54e2      	strb	r2, [r4, r3]
20000822:	3b1c      	subs	r3, #28
20000824:	18e0      	adds	r0, r4, r3
20000826:	f000 f93b 	bl	20000aa0 <hw_endpoint_start_next_buffer>
2000082a:	e782      	b.n	20000732 <dcd_rp2040_irq+0x41e>
2000082c:	0031      	movs	r1, r6
2000082e:	480a      	ldr	r0, [pc, #40]	@ (20000858 <dcd_rp2040_irq+0x544>)
20000830:	4069      	eors	r1, r5
20000832:	f000 fb85 	bl	20000f40 <__panic_veneer>
20000836:	46c0      	nop			@ (mov r8, r8)
20000838:	0000023a 	.word	0x0000023a
2000083c:	000002ba 	.word	0x000002ba
20000840:	0000037a 	.word	0x0000037a
20000844:	000003bb 	.word	0x000003bb
20000848:	000003ba 	.word	0x000003ba
2000084c:	000003fb 	.word	0x000003fb
20000850:	000003fa 	.word	0x000003fa
20000854:	0000033a 	.word	0x0000033a
20000858:	1000b844 	.word	0x1000b844

2000085c <prepare_ep_buffer>:
2000085c:	b5f0      	push	{r4, r5, r6, r7, lr}
2000085e:	46c6      	mov	lr, r8
20000860:	b500      	push	{lr}
20000862:	0002      	movs	r2, r0
20000864:	8a83      	ldrh	r3, [r0, #20]
20000866:	8b00      	ldrh	r0, [r0, #24]
20000868:	468c      	mov	ip, r1
2000086a:	1c01      	adds	r1, r0, #0
2000086c:	4298      	cmp	r0, r3
2000086e:	d900      	bls.n	20000872 <prepare_ep_buffer+0x16>
20000870:	1c19      	adds	r1, r3, #0
20000872:	78d4      	ldrb	r4, [r2, #3]
20000874:	2580      	movs	r5, #128	@ 0x80
20000876:	0020      	movs	r0, r4
20000878:	1e46      	subs	r6, r0, #1
2000087a:	41b0      	sbcs	r0, r6
2000087c:	b289      	uxth	r1, r1
2000087e:	00ed      	lsls	r5, r5, #3
20000880:	430d      	orrs	r5, r1
20000882:	0340      	lsls	r0, r0, #13
20000884:	4328      	orrs	r0, r5
20000886:	2501      	movs	r5, #1
20000888:	406c      	eors	r4, r5
2000088a:	1a5b      	subs	r3, r3, r1
2000088c:	70d4      	strb	r4, [r2, #3]
2000088e:	7854      	ldrb	r4, [r2, #1]
20000890:	b29b      	uxth	r3, r3
20000892:	8293      	strh	r3, [r2, #20]
20000894:	2c00      	cmp	r4, #0
20000896:	d131      	bne.n	200008fc <prepare_ep_buffer+0xa0>
20000898:	4664      	mov	r4, ip
2000089a:	68d5      	ldr	r5, [r2, #12]
2000089c:	01a4      	lsls	r4, r4, #6
2000089e:	1e4e      	subs	r6, r1, #1
200008a0:	192d      	adds	r5, r5, r4
200008a2:	46b0      	mov	r8, r6
200008a4:	6914      	ldr	r4, [r2, #16]
200008a6:	2900      	cmp	r1, #0
200008a8:	d023      	beq.n	200008f2 <prepare_ep_buffer+0x96>
200008aa:	2e06      	cmp	r6, #6
200008ac:	d932      	bls.n	20000914 <prepare_ep_buffer+0xb8>
200008ae:	002b      	movs	r3, r5
200008b0:	4323      	orrs	r3, r4
200008b2:	079b      	lsls	r3, r3, #30
200008b4:	d12e      	bne.n	20000914 <prepare_ep_buffer+0xb8>
200008b6:	1c63      	adds	r3, r4, #1
200008b8:	1aeb      	subs	r3, r5, r3
200008ba:	2b02      	cmp	r3, #2
200008bc:	d92a      	bls.n	20000914 <prepare_ep_buffer+0xb8>
200008be:	2300      	movs	r3, #0
200008c0:	088f      	lsrs	r7, r1, #2
200008c2:	00bf      	lsls	r7, r7, #2
200008c4:	58e6      	ldr	r6, [r4, r3]
200008c6:	50ee      	str	r6, [r5, r3]
200008c8:	3304      	adds	r3, #4
200008ca:	429f      	cmp	r7, r3
200008cc:	d1fa      	bne.n	200008c4 <prepare_ep_buffer+0x68>
200008ce:	4643      	mov	r3, r8
200008d0:	19ed      	adds	r5, r5, r7
200008d2:	1bdb      	subs	r3, r3, r7
200008d4:	19e4      	adds	r4, r4, r7
200008d6:	42b9      	cmp	r1, r7
200008d8:	d009      	beq.n	200008ee <prepare_ep_buffer+0x92>
200008da:	7826      	ldrb	r6, [r4, #0]
200008dc:	702e      	strb	r6, [r5, #0]
200008de:	2b00      	cmp	r3, #0
200008e0:	d005      	beq.n	200008ee <prepare_ep_buffer+0x92>
200008e2:	7866      	ldrb	r6, [r4, #1]
200008e4:	706e      	strb	r6, [r5, #1]
200008e6:	2b01      	cmp	r3, #1
200008e8:	d001      	beq.n	200008ee <prepare_ep_buffer+0x92>
200008ea:	78a3      	ldrb	r3, [r4, #2]
200008ec:	70ab      	strb	r3, [r5, #2]
200008ee:	6914      	ldr	r4, [r2, #16]
200008f0:	8a93      	ldrh	r3, [r2, #20]
200008f2:	1864      	adds	r4, r4, r1
200008f4:	6114      	str	r4, [r2, #16]
200008f6:	2280      	movs	r2, #128	@ 0x80
200008f8:	0212      	lsls	r2, r2, #8
200008fa:	4310      	orrs	r0, r2
200008fc:	2b00      	cmp	r3, #0
200008fe:	d102      	bne.n	20000906 <prepare_ep_buffer+0xaa>
20000900:	2380      	movs	r3, #128	@ 0x80
20000902:	01db      	lsls	r3, r3, #7
20000904:	4318      	orrs	r0, r3
20000906:	4663      	mov	r3, ip
20000908:	2b00      	cmp	r3, #0
2000090a:	d000      	beq.n	2000090e <prepare_ep_buffer+0xb2>
2000090c:	0400      	lsls	r0, r0, #16
2000090e:	bc80      	pop	{r7}
20000910:	46b8      	mov	r8, r7
20000912:	bdf0      	pop	{r4, r5, r6, r7, pc}
20000914:	2300      	movs	r3, #0
20000916:	5ce6      	ldrb	r6, [r4, r3]
20000918:	54ee      	strb	r6, [r5, r3]
2000091a:	3301      	adds	r3, #1
2000091c:	4299      	cmp	r1, r3
2000091e:	d1fa      	bne.n	20000916 <prepare_ep_buffer+0xba>
20000920:	e7e5      	b.n	200008ee <prepare_ep_buffer+0x92>
20000922:	46c0      	nop			@ (mov r8, r8)

20000924 <sync_ep_buffer>:
20000924:	6883      	ldr	r3, [r0, #8]
20000926:	b5f0      	push	{r4, r5, r6, r7, lr}
20000928:	681a      	ldr	r2, [r3, #0]
2000092a:	0004      	movs	r4, r0
2000092c:	2900      	cmp	r1, #0
2000092e:	d000      	beq.n	20000932 <sync_ep_buffer+0xe>
20000930:	0c12      	lsrs	r2, r2, #16
20000932:	7863      	ldrb	r3, [r4, #1]
20000934:	0592      	lsls	r2, r2, #22
20000936:	0d90      	lsrs	r0, r2, #22
20000938:	2b00      	cmp	r3, #0
2000093a:	d108      	bne.n	2000094e <sync_ep_buffer+0x2a>
2000093c:	8ae3      	ldrh	r3, [r4, #22]
2000093e:	18c3      	adds	r3, r0, r3
20000940:	82e3      	strh	r3, [r4, #22]
20000942:	8b23      	ldrh	r3, [r4, #24]
20000944:	4283      	cmp	r3, r0
20000946:	d901      	bls.n	2000094c <sync_ep_buffer+0x28>
20000948:	2300      	movs	r3, #0
2000094a:	82a3      	strh	r3, [r4, #20]
2000094c:	bdf0      	pop	{r4, r5, r6, r7, pc}
2000094e:	68e3      	ldr	r3, [r4, #12]
20000950:	0189      	lsls	r1, r1, #6
20000952:	6925      	ldr	r5, [r4, #16]
20000954:	185e      	adds	r6, r3, r1
20000956:	1e47      	subs	r7, r0, #1
20000958:	2800      	cmp	r0, #0
2000095a:	d022      	beq.n	200009a2 <sync_ep_buffer+0x7e>
2000095c:	2f06      	cmp	r7, #6
2000095e:	d926      	bls.n	200009ae <sync_ep_buffer+0x8a>
20000960:	3101      	adds	r1, #1
20000962:	185b      	adds	r3, r3, r1
20000964:	1aeb      	subs	r3, r5, r3
20000966:	2b02      	cmp	r3, #2
20000968:	d921      	bls.n	200009ae <sync_ep_buffer+0x8a>
2000096a:	002b      	movs	r3, r5
2000096c:	4333      	orrs	r3, r6
2000096e:	079b      	lsls	r3, r3, #30
20000970:	d11d      	bne.n	200009ae <sync_ep_buffer+0x8a>
20000972:	2300      	movs	r3, #0
20000974:	0e12      	lsrs	r2, r2, #24
20000976:	0092      	lsls	r2, r2, #2
20000978:	58f1      	ldr	r1, [r6, r3]
2000097a:	50e9      	str	r1, [r5, r3]
2000097c:	3304      	adds	r3, #4
2000097e:	429a      	cmp	r2, r3
20000980:	d1fa      	bne.n	20000978 <sync_ep_buffer+0x54>
20000982:	1abf      	subs	r7, r7, r2
20000984:	18ad      	adds	r5, r5, r2
20000986:	18b6      	adds	r6, r6, r2
20000988:	4290      	cmp	r0, r2
2000098a:	d009      	beq.n	200009a0 <sync_ep_buffer+0x7c>
2000098c:	7832      	ldrb	r2, [r6, #0]
2000098e:	702a      	strb	r2, [r5, #0]
20000990:	2f00      	cmp	r7, #0
20000992:	d005      	beq.n	200009a0 <sync_ep_buffer+0x7c>
20000994:	7872      	ldrb	r2, [r6, #1]
20000996:	706a      	strb	r2, [r5, #1]
20000998:	2f01      	cmp	r7, #1
2000099a:	d001      	beq.n	200009a0 <sync_ep_buffer+0x7c>
2000099c:	78b2      	ldrb	r2, [r6, #2]
2000099e:	70aa      	strb	r2, [r5, #2]
200009a0:	6925      	ldr	r5, [r4, #16]
200009a2:	8ae3      	ldrh	r3, [r4, #22]
200009a4:	182d      	adds	r5, r5, r0
200009a6:	18c3      	adds	r3, r0, r3
200009a8:	82e3      	strh	r3, [r4, #22]
200009aa:	6125      	str	r5, [r4, #16]
200009ac:	e7c9      	b.n	20000942 <sync_ep_buffer+0x1e>
200009ae:	2200      	movs	r2, #0
200009b0:	5cb3      	ldrb	r3, [r6, r2]
200009b2:	54ab      	strb	r3, [r5, r2]
200009b4:	3201      	adds	r2, #1
200009b6:	4290      	cmp	r0, r2
200009b8:	d1fa      	bne.n	200009b0 <sync_ep_buffer+0x8c>
200009ba:	6925      	ldr	r5, [r4, #16]
200009bc:	e7f1      	b.n	200009a2 <sync_ep_buffer+0x7e>
200009be:	46c0      	nop			@ (mov r8, r8)

200009c0 <_hw_endpoint_xfer_sync>:
200009c0:	b510      	push	{r4, lr}
200009c2:	0004      	movs	r4, r0
200009c4:	6883      	ldr	r3, [r0, #8]
200009c6:	2100      	movs	r1, #0
200009c8:	681b      	ldr	r3, [r3, #0]
200009ca:	f7ff ffab 	bl	20000924 <sync_ep_buffer>
200009ce:	6863      	ldr	r3, [r4, #4]
200009d0:	681b      	ldr	r3, [r3, #0]
200009d2:	005b      	lsls	r3, r3, #1
200009d4:	d502      	bpl.n	200009dc <_hw_endpoint_xfer_sync+0x1c>
200009d6:	8b23      	ldrh	r3, [r4, #24]
200009d8:	4283      	cmp	r3, r0
200009da:	d000      	beq.n	200009de <_hw_endpoint_xfer_sync+0x1e>
200009dc:	bd10      	pop	{r4, pc}
200009de:	2101      	movs	r1, #1
200009e0:	0020      	movs	r0, r4
200009e2:	f7ff ff9f 	bl	20000924 <sync_ep_buffer>
200009e6:	e7f9      	b.n	200009dc <_hw_endpoint_xfer_sync+0x1c>

200009e8 <e15_is_bulkin_ep>:
200009e8:	4a08      	ldr	r2, [pc, #32]	@ (20000a0c <e15_is_bulkin_ep+0x24>)
200009ea:	0003      	movs	r3, r0
200009ec:	6c12      	ldr	r2, [r2, #64]	@ 0x40
200009ee:	2000      	movs	r0, #0
200009f0:	0792      	lsls	r2, r2, #30
200009f2:	d403      	bmi.n	200009fc <e15_is_bulkin_ep+0x14>
200009f4:	789a      	ldrb	r2, [r3, #2]
200009f6:	09d2      	lsrs	r2, r2, #7
200009f8:	2a01      	cmp	r2, #1
200009fa:	d000      	beq.n	200009fe <e15_is_bulkin_ep+0x16>
200009fc:	4770      	bx	lr
200009fe:	7ed8      	ldrb	r0, [r3, #27]
20000a00:	3802      	subs	r0, #2
20000a02:	4243      	negs	r3, r0
20000a04:	4158      	adcs	r0, r3
20000a06:	b2c0      	uxtb	r0, r0
20000a08:	e7f8      	b.n	200009fc <e15_is_bulkin_ep+0x14>
20000a0a:	46c0      	nop			@ (mov r8, r8)
20000a0c:	50110000 	.word	0x50110000

20000a10 <e15_is_critical_frame_period>:
20000a10:	b510      	push	{r4, lr}
20000a12:	f7ff ffe9 	bl	200009e8 <e15_is_bulkin_ep>
20000a16:	2800      	cmp	r0, #0
20000a18:	d00c      	beq.n	20000a34 <e15_is_critical_frame_period+0x24>
20000a1a:	4907      	ldr	r1, [pc, #28]	@ (20000a38 <e15_is_critical_frame_period+0x28>)
20000a1c:	4b07      	ldr	r3, [pc, #28]	@ (20000a3c <e15_is_critical_frame_period+0x2c>)
20000a1e:	468c      	mov	ip, r1
20000a20:	4a07      	ldr	r2, [pc, #28]	@ (20000a40 <e15_is_critical_frame_period+0x30>)
20000a22:	6a9b      	ldr	r3, [r3, #40]	@ 0x28
20000a24:	6812      	ldr	r2, [r2, #0]
20000a26:	4463      	add	r3, ip
20000a28:	1a9b      	subs	r3, r3, r2
20000a2a:	2000      	movs	r0, #0
20000a2c:	22c6      	movs	r2, #198	@ 0xc6
20000a2e:	429a      	cmp	r2, r3
20000a30:	4140      	adcs	r0, r0
20000a32:	b2c0      	uxtb	r0, r0
20000a34:	bd10      	pop	{r4, pc}
20000a36:	46c0      	nop			@ (mov r8, r8)
20000a38:	fffffce0 	.word	0xfffffce0
20000a3c:	40054000 	.word	0x40054000
20000a40:	200099bc 	.word	0x200099bc

20000a44 <hw_endpoint_reset_transfer>:
20000a44:	2300      	movs	r3, #0
20000a46:	7683      	strb	r3, [r0, #26]
20000a48:	6143      	str	r3, [r0, #20]
20000a4a:	6103      	str	r3, [r0, #16]
20000a4c:	4770      	bx	lr
20000a4e:	46c0      	nop			@ (mov r8, r8)

20000a50 <_hw_endpoint_buffer_control_update32>:
20000a50:	b510      	push	{r4, lr}
20000a52:	6883      	ldr	r3, [r0, #8]
20000a54:	2900      	cmp	r1, #0
20000a56:	d001      	beq.n	20000a5c <_hw_endpoint_buffer_control_update32+0xc>
20000a58:	681c      	ldr	r4, [r3, #0]
20000a5a:	4021      	ands	r1, r4
20000a5c:	2a00      	cmp	r2, #0
20000a5e:	d012      	beq.n	20000a86 <_hw_endpoint_buffer_control_update32+0x36>
20000a60:	2480      	movs	r4, #128	@ 0x80
20000a62:	00e4      	lsls	r4, r4, #3
20000a64:	4311      	orrs	r1, r2
20000a66:	4222      	tst	r2, r4
20000a68:	d00d      	beq.n	20000a86 <_hw_endpoint_buffer_control_update32+0x36>
20000a6a:	681a      	ldr	r2, [r3, #0]
20000a6c:	4222      	tst	r2, r4
20000a6e:	d10c      	bne.n	20000a8a <_hw_endpoint_buffer_control_update32+0x3a>
20000a70:	4a08      	ldr	r2, [pc, #32]	@ (20000a94 <_hw_endpoint_buffer_control_update32+0x44>)
20000a72:	400a      	ands	r2, r1
20000a74:	601a      	str	r2, [r3, #0]
20000a76:	4a08      	ldr	r2, [pc, #32]	@ (20000a98 <_hw_endpoint_buffer_control_update32+0x48>)
20000a78:	6c12      	ldr	r2, [r2, #64]	@ 0x40
20000a7a:	0792      	lsls	r2, r2, #30
20000a7c:	d403      	bmi.n	20000a86 <_hw_endpoint_buffer_control_update32+0x36>
20000a7e:	230c      	movs	r3, #12
20000a80:	3b03      	subs	r3, #3
20000a82:	d2fd      	bcs.n	20000a80 <_hw_endpoint_buffer_control_update32+0x30>
20000a84:	6883      	ldr	r3, [r0, #8]
20000a86:	6019      	str	r1, [r3, #0]
20000a88:	bd10      	pop	{r4, pc}
20000a8a:	7881      	ldrb	r1, [r0, #2]
20000a8c:	4803      	ldr	r0, [pc, #12]	@ (20000a9c <_hw_endpoint_buffer_control_update32+0x4c>)
20000a8e:	f000 fa57 	bl	20000f40 <__panic_veneer>
20000a92:	46c0      	nop			@ (mov r8, r8)
20000a94:	fffffbff 	.word	0xfffffbff
20000a98:	50110000 	.word	0x50110000
20000a9c:	1000b858 	.word	0x1000b858

20000aa0 <hw_endpoint_start_next_buffer>:
20000aa0:	6843      	ldr	r3, [r0, #4]
20000aa2:	b570      	push	{r4, r5, r6, lr}
20000aa4:	2100      	movs	r1, #0
20000aa6:	2580      	movs	r5, #128	@ 0x80
20000aa8:	0004      	movs	r4, r0
20000aaa:	681e      	ldr	r6, [r3, #0]
20000aac:	f7ff fed6 	bl	2000085c <prepare_ep_buffer>
20000ab0:	4b12      	ldr	r3, [pc, #72]	@ (20000afc <hw_endpoint_start_next_buffer+0x5c>)
20000ab2:	016d      	lsls	r5, r5, #5
20000ab4:	6c1a      	ldr	r2, [r3, #64]	@ 0x40
20000ab6:	4305      	orrs	r5, r0
20000ab8:	78a3      	ldrb	r3, [r4, #2]
20000aba:	0792      	lsls	r2, r2, #30
20000abc:	d50e      	bpl.n	20000adc <hw_endpoint_start_next_buffer+0x3c>
20000abe:	065b      	lsls	r3, r3, #25
20000ac0:	d00e      	beq.n	20000ae0 <hw_endpoint_start_next_buffer+0x40>
20000ac2:	4b0f      	ldr	r3, [pc, #60]	@ (20000b00 <hw_endpoint_start_next_buffer+0x60>)
20000ac4:	401e      	ands	r6, r3
20000ac6:	2380      	movs	r3, #128	@ 0x80
20000ac8:	059b      	lsls	r3, r3, #22
20000aca:	4333      	orrs	r3, r6
20000acc:	6862      	ldr	r2, [r4, #4]
20000ace:	2100      	movs	r1, #0
20000ad0:	6013      	str	r3, [r2, #0]
20000ad2:	0020      	movs	r0, r4
20000ad4:	002a      	movs	r2, r5
20000ad6:	f7ff ffbb 	bl	20000a50 <_hw_endpoint_buffer_control_update32>
20000ada:	bd70      	pop	{r4, r5, r6, pc}
20000adc:	09db      	lsrs	r3, r3, #7
20000ade:	d0f0      	beq.n	20000ac2 <hw_endpoint_start_next_buffer+0x22>
20000ae0:	8aa3      	ldrh	r3, [r4, #20]
20000ae2:	2b00      	cmp	r3, #0
20000ae4:	d0ed      	beq.n	20000ac2 <hw_endpoint_start_next_buffer+0x22>
20000ae6:	2101      	movs	r1, #1
20000ae8:	0020      	movs	r0, r4
20000aea:	f7ff feb7 	bl	2000085c <prepare_ep_buffer>
20000aee:	23a0      	movs	r3, #160	@ 0xa0
20000af0:	4a04      	ldr	r2, [pc, #16]	@ (20000b04 <hw_endpoint_start_next_buffer+0x64>)
20000af2:	05db      	lsls	r3, r3, #23
20000af4:	4032      	ands	r2, r6
20000af6:	4305      	orrs	r5, r0
20000af8:	4313      	orrs	r3, r2
20000afa:	e7e7      	b.n	20000acc <hw_endpoint_start_next_buffer+0x2c>
20000afc:	50110000 	.word	0x50110000
20000b00:	afffffff 	.word	0xafffffff
20000b04:	dfffffff 	.word	0xdfffffff

20000b08 <hw_endpoint_xfer_continue>:
20000b08:	b570      	push	{r4, r5, r6, lr}
20000b0a:	7e85      	ldrb	r5, [r0, #26]
20000b0c:	0004      	movs	r4, r0
20000b0e:	2d00      	cmp	r5, #0
20000b10:	d014      	beq.n	20000b3c <hw_endpoint_xfer_continue+0x34>
20000b12:	f7ff ff55 	bl	200009c0 <_hw_endpoint_xfer_sync>
20000b16:	8aa3      	ldrh	r3, [r4, #20]
20000b18:	2b00      	cmp	r3, #0
20000b1a:	d101      	bne.n	20000b20 <hw_endpoint_xfer_continue+0x18>
20000b1c:	0028      	movs	r0, r5
20000b1e:	bd70      	pop	{r4, r5, r6, pc}
20000b20:	0020      	movs	r0, r4
20000b22:	f7ff ff75 	bl	20000a10 <e15_is_critical_frame_period>
20000b26:	2800      	cmp	r0, #0
20000b28:	d003      	beq.n	20000b32 <hw_endpoint_xfer_continue+0x2a>
20000b2a:	2301      	movs	r3, #1
20000b2c:	2500      	movs	r5, #0
20000b2e:	7723      	strb	r3, [r4, #28]
20000b30:	e7f4      	b.n	20000b1c <hw_endpoint_xfer_continue+0x14>
20000b32:	0020      	movs	r0, r4
20000b34:	f7ff ffb4 	bl	20000aa0 <hw_endpoint_start_next_buffer>
20000b38:	2500      	movs	r5, #0
20000b3a:	e7ef      	b.n	20000b1c <hw_endpoint_xfer_continue+0x14>
20000b3c:	7881      	ldrb	r1, [r0, #2]
20000b3e:	4801      	ldr	r0, [pc, #4]	@ (20000b44 <hw_endpoint_xfer_continue+0x3c>)
20000b40:	f000 f9fe 	bl	20000f40 <__panic_veneer>
20000b44:	1000b878 	.word	0x1000b878

20000b48 <dcd_event_handler>:
20000b48:	b5f0      	push	{r4, r5, r6, r7, lr}
20000b4a:	46ce      	mov	lr, r9
20000b4c:	4647      	mov	r7, r8
20000b4e:	b580      	push	{r7, lr}
20000b50:	7843      	ldrb	r3, [r0, #1]
20000b52:	0005      	movs	r5, r0
20000b54:	000e      	movs	r6, r1
20000b56:	b085      	sub	sp, #20
20000b58:	2b06      	cmp	r3, #6
20000b5a:	d808      	bhi.n	20000b6e <dcd_event_handler+0x26>
20000b5c:	4a6b      	ldr	r2, [pc, #428]	@ (20000d0c <dcd_event_handler+0x1c4>)
20000b5e:	009b      	lsls	r3, r3, #2
20000b60:	58d3      	ldr	r3, [r2, r3]
20000b62:	469f      	mov	pc, r3
20000b64:	4a6a      	ldr	r2, [pc, #424]	@ (20000d10 <dcd_event_handler+0x1c8>)
20000b66:	7813      	ldrb	r3, [r2, #0]
20000b68:	3301      	adds	r3, #1
20000b6a:	b2db      	uxtb	r3, r3
20000b6c:	7013      	strb	r3, [r2, #0]
20000b6e:	4b69      	ldr	r3, [pc, #420]	@ (20000d14 <dcd_event_handler+0x1cc>)
20000b70:	681c      	ldr	r4, [r3, #0]
20000b72:	6962      	ldr	r2, [r4, #20]
20000b74:	f3ef 8110 	mrs	r1, PRIMASK
20000b78:	b672      	cpsid	i
20000b7a:	6813      	ldr	r3, [r2, #0]
20000b7c:	2b00      	cmp	r3, #0
20000b7e:	d0fc      	beq.n	20000b7a <dcd_event_handler+0x32>
20000b80:	f3bf 8f5f 	dmb	sy
20000b84:	61a1      	str	r1, [r4, #24]
20000b86:	0020      	movs	r0, r4
20000b88:	0029      	movs	r1, r5
20000b8a:	f000 f9f1 	bl	20000f70 <__tu_fifo_write_veneer>
20000b8e:	6962      	ldr	r2, [r4, #20]
20000b90:	69a3      	ldr	r3, [r4, #24]
20000b92:	f3bf 8f5f 	dmb	sy
20000b96:	2100      	movs	r1, #0
20000b98:	6011      	str	r1, [r2, #0]
20000b9a:	f383 8810 	msr	PRIMASK, r3
20000b9e:	2800      	cmp	r0, #0
20000ba0:	d104      	bne.n	20000bac <dcd_event_handler+0x64>
20000ba2:	b005      	add	sp, #20
20000ba4:	bcc0      	pop	{r6, r7}
20000ba6:	46b9      	mov	r9, r7
20000ba8:	46b0      	mov	r8, r6
20000baa:	bdf0      	pop	{r4, r5, r6, r7, pc}
20000bac:	0032      	movs	r2, r6
20000bae:	7869      	ldrb	r1, [r5, #1]
20000bb0:	7828      	ldrb	r0, [r5, #0]
20000bb2:	f000 f9e5 	bl	20000f80 <__tud_event_hook_cb_veneer>
20000bb6:	e7f4      	b.n	20000ba2 <dcd_event_handler+0x5a>
20000bb8:	2101      	movs	r1, #1
20000bba:	4b57      	ldr	r3, [pc, #348]	@ (20000d18 <dcd_event_handler+0x1d0>)
20000bbc:	781a      	ldrb	r2, [r3, #0]
20000bbe:	438a      	bics	r2, r1
20000bc0:	701a      	strb	r2, [r3, #0]
20000bc2:	781a      	ldrb	r2, [r3, #0]
20000bc4:	3101      	adds	r1, #1
20000bc6:	438a      	bics	r2, r1
20000bc8:	701a      	strb	r2, [r3, #0]
20000bca:	2200      	movs	r2, #0
20000bcc:	705a      	strb	r2, [r3, #1]
20000bce:	781a      	ldrb	r2, [r3, #0]
20000bd0:	3102      	adds	r1, #2
20000bd2:	438a      	bics	r2, r1
20000bd4:	701a      	strb	r2, [r3, #0]
20000bd6:	e7ca      	b.n	20000b6e <dcd_event_handler+0x26>
20000bd8:	4b50      	ldr	r3, [pc, #320]	@ (20000d1c <dcd_event_handler+0x1d4>)
20000bda:	4f51      	ldr	r7, [pc, #324]	@ (20000d20 <dcd_event_handler+0x1d8>)
20000bdc:	4699      	mov	r9, r3
20000bde:	4b51      	ldr	r3, [pc, #324]	@ (20000d24 <dcd_event_handler+0x1dc>)
20000be0:	2400      	movs	r4, #0
20000be2:	4698      	mov	r8, r3
20000be4:	783a      	ldrb	r2, [r7, #0]
20000be6:	e010      	b.n	20000c0a <dcd_event_handler+0xc2>
20000be8:	4643      	mov	r3, r8
20000bea:	681b      	ldr	r3, [r3, #0]
20000bec:	0161      	lsls	r1, r4, #5
20000bee:	185b      	adds	r3, r3, r1
20000bf0:	2b00      	cmp	r3, #0
20000bf2:	d006      	beq.n	20000c02 <dcd_event_handler+0xba>
20000bf4:	69db      	ldr	r3, [r3, #28]
20000bf6:	2b00      	cmp	r3, #0
20000bf8:	d003      	beq.n	20000c02 <dcd_event_handler+0xba>
20000bfa:	6869      	ldr	r1, [r5, #4]
20000bfc:	7828      	ldrb	r0, [r5, #0]
20000bfe:	4798      	blx	r3
20000c00:	783a      	ldrb	r2, [r7, #0]
20000c02:	3401      	adds	r4, #1
20000c04:	b2e4      	uxtb	r4, r4
20000c06:	4294      	cmp	r4, r2
20000c08:	d817      	bhi.n	20000c3a <dcd_event_handler+0xf2>
20000c0a:	42a2      	cmp	r2, r4
20000c0c:	d8ec      	bhi.n	20000be8 <dcd_event_handler+0xa0>
20000c0e:	1aa3      	subs	r3, r4, r2
20000c10:	015b      	lsls	r3, r3, #5
20000c12:	444b      	add	r3, r9
20000c14:	e7ee      	b.n	20000bf4 <dcd_event_handler+0xac>
20000c16:	4b40      	ldr	r3, [pc, #256]	@ (20000d18 <dcd_event_handler+0x1d0>)
20000c18:	781a      	ldrb	r2, [r3, #0]
20000c1a:	07d2      	lsls	r2, r2, #31
20000c1c:	d5c1      	bpl.n	20000ba2 <dcd_event_handler+0x5a>
20000c1e:	2104      	movs	r1, #4
20000c20:	781a      	ldrb	r2, [r3, #0]
20000c22:	430a      	orrs	r2, r1
20000c24:	701a      	strb	r2, [r3, #0]
20000c26:	e7a2      	b.n	20000b6e <dcd_event_handler+0x26>
20000c28:	4b3b      	ldr	r3, [pc, #236]	@ (20000d18 <dcd_event_handler+0x1d0>)
20000c2a:	781a      	ldrb	r2, [r3, #0]
20000c2c:	07d2      	lsls	r2, r2, #31
20000c2e:	d5b8      	bpl.n	20000ba2 <dcd_event_handler+0x5a>
20000c30:	2104      	movs	r1, #4
20000c32:	781a      	ldrb	r2, [r3, #0]
20000c34:	438a      	bics	r2, r1
20000c36:	701a      	strb	r2, [r3, #0]
20000c38:	e799      	b.n	20000b6e <dcd_event_handler+0x26>
20000c3a:	4f37      	ldr	r7, [pc, #220]	@ (20000d18 <dcd_event_handler+0x1d0>)
20000c3c:	783b      	ldrb	r3, [r7, #0]
20000c3e:	075b      	lsls	r3, r3, #29
20000c40:	d52b      	bpl.n	20000c9a <dcd_event_handler+0x152>
20000c42:	2204      	movs	r2, #4
20000c44:	783b      	ldrb	r3, [r7, #0]
20000c46:	2100      	movs	r1, #0
20000c48:	4393      	bics	r3, r2
20000c4a:	703b      	strb	r3, [r7, #0]
20000c4c:	466b      	mov	r3, sp
20000c4e:	3206      	adds	r2, #6
20000c50:	1d98      	adds	r0, r3, #6
20000c52:	f000 f96d 	bl	20000f30 <____wrap_memset_veneer>
20000c56:	782b      	ldrb	r3, [r5, #0]
20000c58:	ac01      	add	r4, sp, #4
20000c5a:	7023      	strb	r3, [r4, #0]
20000c5c:	2305      	movs	r3, #5
20000c5e:	7063      	strb	r3, [r4, #1]
20000c60:	4b2c      	ldr	r3, [pc, #176]	@ (20000d14 <dcd_event_handler+0x1cc>)
20000c62:	681b      	ldr	r3, [r3, #0]
20000c64:	4698      	mov	r8, r3
20000c66:	695a      	ldr	r2, [r3, #20]
20000c68:	f3ef 8110 	mrs	r1, PRIMASK
20000c6c:	b672      	cpsid	i
20000c6e:	6813      	ldr	r3, [r2, #0]
20000c70:	2b00      	cmp	r3, #0
20000c72:	d0fc      	beq.n	20000c6e <dcd_event_handler+0x126>
20000c74:	f3bf 8f5f 	dmb	sy
20000c78:	4643      	mov	r3, r8
20000c7a:	4640      	mov	r0, r8
20000c7c:	6199      	str	r1, [r3, #24]
20000c7e:	0021      	movs	r1, r4
20000c80:	f000 f976 	bl	20000f70 <__tu_fifo_write_veneer>
20000c84:	4643      	mov	r3, r8
20000c86:	695a      	ldr	r2, [r3, #20]
20000c88:	699b      	ldr	r3, [r3, #24]
20000c8a:	f3bf 8f5f 	dmb	sy
20000c8e:	2100      	movs	r1, #0
20000c90:	6011      	str	r1, [r2, #0]
20000c92:	f383 8810 	msr	PRIMASK, r3
20000c96:	2800      	cmp	r0, #0
20000c98:	d131      	bne.n	20000cfe <dcd_event_handler+0x1b6>
20000c9a:	78fb      	ldrb	r3, [r7, #3]
20000c9c:	07db      	lsls	r3, r3, #31
20000c9e:	d400      	bmi.n	20000ca2 <dcd_event_handler+0x15a>
20000ca0:	e77f      	b.n	20000ba2 <dcd_event_handler+0x5a>
20000ca2:	466b      	mov	r3, sp
20000ca4:	220a      	movs	r2, #10
20000ca6:	2100      	movs	r1, #0
20000ca8:	1d98      	adds	r0, r3, #6
20000caa:	f000 f941 	bl	20000f30 <____wrap_memset_veneer>
20000cae:	782b      	ldrb	r3, [r5, #0]
20000cb0:	ac01      	add	r4, sp, #4
20000cb2:	7023      	strb	r3, [r4, #0]
20000cb4:	2303      	movs	r3, #3
20000cb6:	7063      	strb	r3, [r4, #1]
20000cb8:	686b      	ldr	r3, [r5, #4]
20000cba:	6063      	str	r3, [r4, #4]
20000cbc:	4b15      	ldr	r3, [pc, #84]	@ (20000d14 <dcd_event_handler+0x1cc>)
20000cbe:	681d      	ldr	r5, [r3, #0]
20000cc0:	696a      	ldr	r2, [r5, #20]
20000cc2:	f3ef 8110 	mrs	r1, PRIMASK
20000cc6:	b672      	cpsid	i
20000cc8:	6813      	ldr	r3, [r2, #0]
20000cca:	2b00      	cmp	r3, #0
20000ccc:	d0fc      	beq.n	20000cc8 <dcd_event_handler+0x180>
20000cce:	f3bf 8f5f 	dmb	sy
20000cd2:	61a9      	str	r1, [r5, #24]
20000cd4:	0028      	movs	r0, r5
20000cd6:	0021      	movs	r1, r4
20000cd8:	f000 f94a 	bl	20000f70 <__tu_fifo_write_veneer>
20000cdc:	696a      	ldr	r2, [r5, #20]
20000cde:	69ab      	ldr	r3, [r5, #24]
20000ce0:	f3bf 8f5f 	dmb	sy
20000ce4:	2100      	movs	r1, #0
20000ce6:	6011      	str	r1, [r2, #0]
20000ce8:	f383 8810 	msr	PRIMASK, r3
20000cec:	2800      	cmp	r0, #0
20000cee:	d100      	bne.n	20000cf2 <dcd_event_handler+0x1aa>
20000cf0:	e757      	b.n	20000ba2 <dcd_event_handler+0x5a>
20000cf2:	0032      	movs	r2, r6
20000cf4:	7861      	ldrb	r1, [r4, #1]
20000cf6:	7820      	ldrb	r0, [r4, #0]
20000cf8:	f000 f942 	bl	20000f80 <__tud_event_hook_cb_veneer>
20000cfc:	e751      	b.n	20000ba2 <dcd_event_handler+0x5a>
20000cfe:	0032      	movs	r2, r6
20000d00:	7861      	ldrb	r1, [r4, #1]
20000d02:	7820      	ldrb	r0, [r4, #0]
20000d04:	f000 f93c 	bl	20000f80 <__tud_event_hook_cb_veneer>
20000d08:	e7c7      	b.n	20000c9a <dcd_event_handler+0x152>
20000d0a:	46c0      	nop			@ (mov r8, r8)
20000d0c:	1000be60 	.word	0x1000be60
20000d10:	2001a41e 	.word	0x2001a41e
20000d14:	200096f0 	.word	0x200096f0
20000d18:	20009698 	.word	0x20009698
20000d1c:	1000be7c 	.word	0x1000be7c
20000d20:	2001a41c 	.word	0x2001a41c
20000d24:	200015b0 	.word	0x200015b0

20000d28 <flash_init_boot2_copyout>:
20000d28:	b510      	push	{r4, lr}
20000d2a:	4c08      	ldr	r4, [pc, #32]	@ (20000d4c <flash_init_boot2_copyout+0x24>)
20000d2c:	7823      	ldrb	r3, [r4, #0]
20000d2e:	2b00      	cmp	r3, #0
20000d30:	d10a      	bne.n	20000d48 <flash_init_boot2_copyout+0x20>
20000d32:	2380      	movs	r3, #128	@ 0x80
20000d34:	4806      	ldr	r0, [pc, #24]	@ (20000d50 <flash_init_boot2_copyout+0x28>)
20000d36:	4907      	ldr	r1, [pc, #28]	@ (20000d54 <flash_init_boot2_copyout+0x2c>)
20000d38:	055b      	lsls	r3, r3, #21
20000d3a:	681a      	ldr	r2, [r3, #0]
20000d3c:	50c2      	str	r2, [r0, r3]
20000d3e:	3304      	adds	r3, #4
20000d40:	428b      	cmp	r3, r1
20000d42:	d1fa      	bne.n	20000d3a <flash_init_boot2_copyout+0x12>
20000d44:	2301      	movs	r3, #1
20000d46:	7023      	strb	r3, [r4, #0]
20000d48:	bd10      	pop	{r4, pc}
20000d4a:	46c0      	nop			@ (mov r8, r8)
20000d4c:	2001a41f 	.word	0x2001a41f
20000d50:	10009878 	.word	0x10009878
20000d54:	10000100 	.word	0x10000100

20000d58 <flash_enable_xip_via_boot2>:
20000d58:	b510      	push	{r4, lr}
20000d5a:	4b01      	ldr	r3, [pc, #4]	@ (20000d60 <flash_enable_xip_via_boot2+0x8>)
20000d5c:	4798      	blx	r3
20000d5e:	bd10      	pop	{r4, pc}
20000d60:	20009879 	.word	0x20009879

20000d64 <flash_save_hardware_state>:
20000d64:	4b06      	ldr	r3, [pc, #24]	@ (20000d80 <flash_save_hardware_state+0x1c>)
20000d66:	685a      	ldr	r2, [r3, #4]
20000d68:	6002      	str	r2, [r0, #0]
20000d6a:	689a      	ldr	r2, [r3, #8]
20000d6c:	6042      	str	r2, [r0, #4]
20000d6e:	68da      	ldr	r2, [r3, #12]
20000d70:	6082      	str	r2, [r0, #8]
20000d72:	691a      	ldr	r2, [r3, #16]
20000d74:	60c2      	str	r2, [r0, #12]
20000d76:	695a      	ldr	r2, [r3, #20]
20000d78:	6102      	str	r2, [r0, #16]
20000d7a:	699b      	ldr	r3, [r3, #24]
20000d7c:	6143      	str	r3, [r0, #20]
20000d7e:	4770      	bx	lr
20000d80:	40020000 	.word	0x40020000

20000d84 <flash_restore_hardware_state>:
20000d84:	6802      	ldr	r2, [r0, #0]
20000d86:	4b06      	ldr	r3, [pc, #24]	@ (20000da0 <flash_restore_hardware_state+0x1c>)
20000d88:	605a      	str	r2, [r3, #4]
20000d8a:	6842      	ldr	r2, [r0, #4]
20000d8c:	609a      	str	r2, [r3, #8]
20000d8e:	6882      	ldr	r2, [r0, #8]
20000d90:	60da      	str	r2, [r3, #12]
20000d92:	68c2      	ldr	r2, [r0, #12]
20000d94:	611a      	str	r2, [r3, #16]
20000d96:	6902      	ldr	r2, [r0, #16]
20000d98:	615a      	str	r2, [r3, #20]
20000d9a:	6942      	ldr	r2, [r0, #20]
20000d9c:	619a      	str	r2, [r3, #24]
20000d9e:	4770      	bx	lr
20000da0:	40020000 	.word	0x40020000

20000da4 <flash_cs_force.constprop.0>:
20000da4:	4b03      	ldr	r3, [pc, #12]	@ (20000db4 <flash_cs_force.constprop.0+0x10>)
20000da6:	681a      	ldr	r2, [r3, #0]
20000da8:	23c0      	movs	r3, #192	@ 0xc0
20000daa:	009b      	lsls	r3, r3, #2
20000dac:	4393      	bics	r3, r2
20000dae:	4a02      	ldr	r2, [pc, #8]	@ (20000db8 <flash_cs_force.constprop.0+0x14>)
20000db0:	6013      	str	r3, [r2, #0]
20000db2:	4770      	bx	lr
20000db4:	4001800c 	.word	0x4001800c
20000db8:	4001900c 	.word	0x4001900c

20000dbc <flash_cs_force.constprop.1>:
20000dbc:	4b05      	ldr	r3, [pc, #20]	@ (20000dd4 <flash_cs_force.constprop.1+0x18>)
20000dbe:	681a      	ldr	r2, [r3, #0]
20000dc0:	2380      	movs	r3, #128	@ 0x80
20000dc2:	009b      	lsls	r3, r3, #2
20000dc4:	4053      	eors	r3, r2
20000dc6:	22c0      	movs	r2, #192	@ 0xc0
20000dc8:	0092      	lsls	r2, r2, #2
20000dca:	4013      	ands	r3, r2
20000dcc:	4a02      	ldr	r2, [pc, #8]	@ (20000dd8 <flash_cs_force.constprop.1+0x1c>)
20000dce:	6013      	str	r3, [r2, #0]
20000dd0:	4770      	bx	lr
20000dd2:	46c0      	nop			@ (mov r8, r8)
20000dd4:	4001800c 	.word	0x4001800c
20000dd8:	4001900c 	.word	0x4001900c

20000ddc <flash_do_cmd>:
20000ddc:	2300      	movs	r3, #0
20000dde:	b5f0      	push	{r4, r5, r6, r7, lr}
20000de0:	46de      	mov	lr, fp
20000de2:	4657      	mov	r7, sl
20000de4:	464e      	mov	r6, r9
20000de6:	4645      	mov	r5, r8
20000de8:	469a      	mov	sl, r3
20000dea:	b5e0      	push	{r5, r6, r7, lr}
20000dec:	b089      	sub	sp, #36	@ 0x24
20000dee:	9001      	str	r0, [sp, #4]
20000df0:	000e      	movs	r6, r1
20000df2:	8a98      	ldrh	r0, [r3, #20]
20000df4:	4945      	ldr	r1, [pc, #276]	@ (20000f0c <flash_do_cmd+0x130>)
20000df6:	8b1b      	ldrh	r3, [r3, #24]
20000df8:	0014      	movs	r4, r2
20000dfa:	4798      	blx	r3
20000dfc:	4653      	mov	r3, sl
20000dfe:	4681      	mov	r9, r0
20000e00:	4943      	ldr	r1, [pc, #268]	@ (20000f10 <flash_do_cmd+0x134>)
20000e02:	8a98      	ldrh	r0, [r3, #20]
20000e04:	8b1b      	ldrh	r3, [r3, #24]
20000e06:	4798      	blx	r3
20000e08:	4653      	mov	r3, sl
20000e0a:	4942      	ldr	r1, [pc, #264]	@ (20000f14 <flash_do_cmd+0x138>)
20000e0c:	0005      	movs	r5, r0
20000e0e:	8a98      	ldrh	r0, [r3, #20]
20000e10:	8b1b      	ldrh	r3, [r3, #24]
20000e12:	4798      	blx	r3
20000e14:	4680      	mov	r8, r0
20000e16:	f7ff ff87 	bl	20000d28 <flash_init_boot2_copyout>
20000e1a:	a802      	add	r0, sp, #8
20000e1c:	f7ff ffa2 	bl	20000d64 <flash_save_hardware_state>
20000e20:	47c8      	blx	r9
20000e22:	47a8      	blx	r5
20000e24:	f7ff ffca 	bl	20000dbc <flash_cs_force.constprop.1>
20000e28:	1e25      	subs	r5, r4, #0
20000e2a:	d022      	beq.n	20000e72 <flash_do_cmd+0x96>
20000e2c:	2308      	movs	r3, #8
20000e2e:	21c0      	movs	r1, #192	@ 0xc0
20000e30:	469c      	mov	ip, r3
20000e32:	2002      	movs	r0, #2
20000e34:	0549      	lsls	r1, r1, #21
20000e36:	4662      	mov	r2, ip
20000e38:	6a8b      	ldr	r3, [r1, #40]	@ 0x28
20000e3a:	401a      	ands	r2, r3
20000e3c:	4218      	tst	r0, r3
20000e3e:	d03f      	beq.n	20000ec0 <flash_do_cmd+0xe4>
20000e40:	1b63      	subs	r3, r4, r5
20000e42:	2d00      	cmp	r5, #0
20000e44:	d12f      	bne.n	20000ea6 <flash_do_cmd+0xca>
20000e46:	2a00      	cmp	r2, #0
20000e48:	d111      	bne.n	20000e6e <flash_do_cmd+0x92>
20000e4a:	2c00      	cmp	r4, #0
20000e4c:	d011      	beq.n	20000e72 <flash_do_cmd+0x96>
20000e4e:	23c0      	movs	r3, #192	@ 0xc0
20000e50:	055b      	lsls	r3, r3, #21
20000e52:	469b      	mov	fp, r3
20000e54:	2302      	movs	r3, #2
20000e56:	469a      	mov	sl, r3
20000e58:	3306      	adds	r3, #6
20000e5a:	4699      	mov	r9, r3
20000e5c:	465b      	mov	r3, fp
20000e5e:	464a      	mov	r2, r9
20000e60:	4657      	mov	r7, sl
20000e62:	6a9b      	ldr	r3, [r3, #40]	@ 0x28
20000e64:	401a      	ands	r2, r3
20000e66:	421f      	tst	r7, r3
20000e68:	d042      	beq.n	20000ef0 <flash_do_cmd+0x114>
20000e6a:	2a00      	cmp	r2, #0
20000e6c:	d0f6      	beq.n	20000e5c <flash_do_cmd+0x80>
20000e6e:	2c00      	cmp	r4, #0
20000e70:	d130      	bne.n	20000ed4 <flash_do_cmd+0xf8>
20000e72:	f7ff ff97 	bl	20000da4 <flash_cs_force.constprop.0>
20000e76:	47c0      	blx	r8
20000e78:	f7ff ff6e 	bl	20000d58 <flash_enable_xip_via_boot2>
20000e7c:	a802      	add	r0, sp, #8
20000e7e:	f7ff ff81 	bl	20000d84 <flash_restore_hardware_state>
20000e82:	b009      	add	sp, #36	@ 0x24
20000e84:	bcf0      	pop	{r4, r5, r6, r7}
20000e86:	46bb      	mov	fp, r7
20000e88:	46b2      	mov	sl, r6
20000e8a:	46a9      	mov	r9, r5
20000e8c:	46a0      	mov	r8, r4
20000e8e:	bdf0      	pop	{r4, r5, r6, r7, pc}
20000e90:	2c00      	cmp	r4, #0
20000e92:	d12f      	bne.n	20000ef4 <flash_do_cmd+0x118>
20000e94:	22c0      	movs	r2, #192	@ 0xc0
20000e96:	0552      	lsls	r2, r2, #21
20000e98:	6a92      	ldr	r2, [r2, #40]	@ 0x28
20000e9a:	4691      	mov	r9, r2
20000e9c:	2208      	movs	r2, #8
20000e9e:	464f      	mov	r7, r9
20000ea0:	403a      	ands	r2, r7
20000ea2:	07bf      	lsls	r7, r7, #30
20000ea4:	d52d      	bpl.n	20000f02 <flash_do_cmd+0x126>
20000ea6:	2b0d      	cmp	r3, #13
20000ea8:	d91b      	bls.n	20000ee2 <flash_do_cmd+0x106>
20000eaa:	2a00      	cmp	r2, #0
20000eac:	d1f0      	bne.n	20000e90 <flash_do_cmd+0xb4>
20000eae:	22c0      	movs	r2, #192	@ 0xc0
20000eb0:	0552      	lsls	r2, r2, #21
20000eb2:	6a92      	ldr	r2, [r2, #40]	@ 0x28
20000eb4:	4691      	mov	r9, r2
20000eb6:	2208      	movs	r2, #8
20000eb8:	464f      	mov	r7, r9
20000eba:	403a      	ands	r2, r7
20000ebc:	07bf      	lsls	r7, r7, #30
20000ebe:	d4f2      	bmi.n	20000ea6 <flash_do_cmd+0xca>
20000ec0:	2a00      	cmp	r2, #0
20000ec2:	d104      	bne.n	20000ece <flash_do_cmd+0xf2>
20000ec4:	002b      	movs	r3, r5
20000ec6:	4323      	orrs	r3, r4
20000ec8:	2b00      	cmp	r3, #0
20000eca:	d1b4      	bne.n	20000e36 <flash_do_cmd+0x5a>
20000ecc:	e7d1      	b.n	20000e72 <flash_do_cmd+0x96>
20000ece:	002b      	movs	r3, r5
20000ed0:	2c00      	cmp	r4, #0
20000ed2:	d0f9      	beq.n	20000ec8 <flash_do_cmd+0xec>
20000ed4:	6e0b      	ldr	r3, [r1, #96]	@ 0x60
20000ed6:	3c01      	subs	r4, #1
20000ed8:	7033      	strb	r3, [r6, #0]
20000eda:	0023      	movs	r3, r4
20000edc:	3601      	adds	r6, #1
20000ede:	432b      	orrs	r3, r5
20000ee0:	e7f2      	b.n	20000ec8 <flash_do_cmd+0xec>
20000ee2:	9f01      	ldr	r7, [sp, #4]
20000ee4:	3d01      	subs	r5, #1
20000ee6:	783b      	ldrb	r3, [r7, #0]
20000ee8:	3701      	adds	r7, #1
20000eea:	660b      	str	r3, [r1, #96]	@ 0x60
20000eec:	9701      	str	r7, [sp, #4]
20000eee:	e7e7      	b.n	20000ec0 <flash_do_cmd+0xe4>
20000ef0:	2500      	movs	r5, #0
20000ef2:	e7e5      	b.n	20000ec0 <flash_do_cmd+0xe4>
20000ef4:	23c0      	movs	r3, #192	@ 0xc0
20000ef6:	055b      	lsls	r3, r3, #21
20000ef8:	6e1b      	ldr	r3, [r3, #96]	@ 0x60
20000efa:	3c01      	subs	r4, #1
20000efc:	7033      	strb	r3, [r6, #0]
20000efe:	3601      	adds	r6, #1
20000f00:	e799      	b.n	20000e36 <flash_do_cmd+0x5a>
20000f02:	002b      	movs	r3, r5
20000f04:	2a00      	cmp	r2, #0
20000f06:	d1df      	bne.n	20000ec8 <flash_do_cmd+0xec>
20000f08:	e7dc      	b.n	20000ec4 <flash_do_cmd+0xe8>
20000f0a:	46c0      	nop			@ (mov r8, r8)
20000f0c:	00004649 	.word	0x00004649
20000f10:	00005845 	.word	0x00005845
20000f14:	00004346 	.word	0x00004346

20000f18 <__aeabi_idiv0>:
20000f18:	4770      	bx	lr
20000f1a:	46c0      	nop			@ (mov r8, r8)
20000f1c:	0000      	movs	r0, r0
	...

20000f20 <__time_us_64_veneer>:
20000f20:	b401      	push	{r0}
20000f22:	4802      	ldr	r0, [pc, #8]	@ (20000f2c <__time_us_64_veneer+0xc>)
20000f24:	4684      	mov	ip, r0
20000f26:	bc01      	pop	{r0}
20000f28:	4760      	bx	ip
20000f2a:	bf00      	nop
20000f2c:	10005019 	.word	0x10005019

20000f30 <____wrap_memset_veneer>:
20000f30:	b401      	push	{r0}
20000f32:	4802      	ldr	r0, [pc, #8]	@ (20000f3c <____wrap_memset_veneer+0xc>)
20000f34:	4684      	mov	ip, r0
20000f36:	bc01      	pop	{r0}
20000f38:	4760      	bx	ip
20000f3a:	bf00      	nop
20000f3c:	100065a9 	.word	0x100065a9

20000f40 <__panic_veneer>:
20000f40:	b401      	push	{r0}
20000f42:	4802      	ldr	r0, [pc, #8]	@ (20000f4c <__panic_veneer+0xc>)
20000f44:	4684      	mov	ip, r0
20000f46:	bc01      	pop	{r0}
20000f48:	4760      	bx	ip
20000f4a:	bf00      	nop
20000f4c:	100041b9 	.word	0x100041b9

20000f50 <____wrap___aeabi_lmul_veneer>:
20000f50:	b401      	push	{r0}
20000f52:	4802      	ldr	r0, [pc, #8]	@ (20000f5c <____wrap___aeabi_lmul_veneer+0xc>)
20000f54:	4684      	mov	ip, r0
20000f56:	bc01      	pop	{r0}
20000f58:	4760      	bx	ip
20000f5a:	bf00      	nop
20000f5c:	100063ed 	.word	0x100063ed

20000f60 <__best_effort_wfe_or_timeout_veneer>:
20000f60:	b401      	push	{r0}
20000f62:	4802      	ldr	r0, [pc, #8]	@ (20000f6c <__best_effort_wfe_or_timeout_veneer+0xc>)
20000f64:	4684      	mov	ip, r0
20000f66:	bc01      	pop	{r0}
20000f68:	4760      	bx	ip
20000f6a:	bf00      	nop
20000f6c:	10004ee9 	.word	0x10004ee9

20000f70 <__tu_fifo_write_veneer>:
20000f70:	b401      	push	{r0}
20000f72:	4802      	ldr	r0, [pc, #8]	@ (20000f7c <__tu_fifo_write_veneer+0xc>)
20000f74:	4684      	mov	ip, r0
20000f76:	bc01      	pop	{r0}
20000f78:	4760      	bx	ip
20000f7a:	bf00      	nop
20000f7c:	1000a261 	.word	0x1000a261

20000f80 <__tud_event_hook_cb_veneer>:
20000f80:	b401      	push	{r0}
20000f82:	4802      	ldr	r0, [pc, #8]	@ (20000f8c <__tud_event_hook_cb_veneer+0xc>)
20000f84:	4684      	mov	ip, r0
20000f86:	bc01      	pop	{r0}
20000f88:	4760      	bx	ip
20000f8a:	bf00      	nop
20000f8c:	10008985 	.word	0x10008985

20000f90 <__rp2040_chip_version_veneer>:
20000f90:	b401      	push	{r0}
20000f92:	4802      	ldr	r0, [pc, #8]	@ (20000f9c <__rp2040_chip_version_veneer+0xc>)
20000f94:	4684      	mov	ip, r0
20000f96:	bc01      	pop	{r0}
20000f98:	4760      	bx	ip
20000f9a:	bf00      	nop
20000f9c:	100041ad 	.word	0x100041ad

20000fa0 <current_clkdiv>:
20000fa0:	40c80000                                ...@

20000fa4 <dma_chan>:
20000fa4:	ffffffff                                ....

20000fa8 <drive_spinning>:
20000fa8:	00000001                                ....

20000fac <last_read_end>:
20000fac:	ffffffff                                ....

20000fb0 <prefetch_want>:
20000fb0:	ffffffff                                ....

20000fb4 <prefetch_lba>:
20000fb4:	ffffffff                                ....

20000fb8 <striped_spin_lock_num>:
20000fb8:	00000010                                ....

20000fbc <irq_handler_chain_slots>:
20000fbc:	00000000 	.word	0x00000000
20000fc0:	00010000 	.word	0x00010000
	...
20000fcc:	00020000 	.word	0x00020000
	...
20000fd8:	00030000 	.word	0x00030000
	...
20000fe4:	00ff0000 	.word	0x00ff0000
20000fe8:	00000000 	.word	0x00000000

20000fec <irq_handler_chain_first_slot>:
20000fec:	b501      	push	{r0, lr}
20000fee:	6848      	ldr	r0, [r1, #4]
20000ff0:	3101      	adds	r1, #1
20000ff2:	468e      	mov	lr, r1
20000ff4:	4700      	bx	r0

20000ff6 <irq_handler_chain_remove_tail>:
20000ff6:	4670      	mov	r0, lr
20000ff8:	3809      	subs	r0, #9
20000ffa:	4901      	ldr	r1, [pc, #4]	@ (20001000 <irq_handler_chain_remove_tail+0xa>)
20000ffc:	4788      	blx	r1
20000ffe:	bd01      	pop	{r0, pc}
20001000:	10004771 	.word	0x10004771

20001004 <default_alarm_pool>:
	...
20001018:	20001080 00000000                       ... ....

20001020 <aeabi_bits_funcs>:
20001020:	00003350 	.word	0x00003350
20001024:	0000334c 	.word	0x0000334c
20001028:	00003354 	.word	0x00003354
2000102c:	00003352 	.word	0x00003352

20001030 <aeabi_bits_funcs_end>:
20001030:	0000534d 	.word	0x0000534d
20001034:	0000434d 	.word	0x0000434d
20001038:	00003453 	.word	0x00003453
2000103c:	00003443 	.word	0x00003443

20001040 <stdio_uart>:
20001040:	100082f1 100083f5 1000833d 10008409     ........=.......
20001050:	00000000 00000100                       ........

20001058 <_usbd_qdef>:
20001058:	200096f4 000c0010 00000000 00000000     ... ............
	...

20001074 <_usbd_rhport>:
20001074:	000000ff                                ....

20001078 <print_mutex>:
	...
