:020000041000EA
:1000000000B5324B212058609868022188439860DF
:10001000D860186158612E4B002199600221596106
:100020000121F02299502B49196001219960352056
:1000300000F044F80222904214D00621196600F024
:1000400034F8196E01211966002018661A6600F04E
:100050002CF8196E196E196E052000F02FF8012189
:100060000842F9D1002199601B49196000215960AB
:100070001A491B48016001219960EB211966A021F2
:10008000196600F012F800219960164914480160C1
:100090000121996001BC002800D000471248134993
:1000A000086003C880F30888084703B5996A0420EC
:1000B0000142FBD001200142F8D103BD02B5186610
:1000C0001866FFF7F2FF186E186E02BD00000240BE
:1000D000000000180000070000035F00212200005C
:1000E000F4000018222000A00001001008ED00E03C
:1000F00000000000000000000000000074B24E7A12
:1001000000200420F7010010CB010010CD010010E9
:10011000C9010010C9010010C9010010C901001077
:10012000C9010010C9010010C9010010CF01001061
:10013000C9010010C9010010D1010010D301001045
:10014000C1010010C1010010C1010010C101001067
:10015000C1010010C1010010C1010010C101001057
:10016000C1010010C1010010C1010010C101001047
:10017000C1010010C1010010C1010010C101001037
:10018000C1010010C1010010C1010010C101001027
:10019000C1010010C1010010C1010010C101001017
:1001A000C1010010C1010010C1010010C101001007
:1001B000C1010010C1010010C1010010C1010010F7
:1001C000EFF30580103800BE00BE00BE00BE00BECA
:1001D00000BE00BEF2EB8871C8BF0010ECBF00107B
:1001E0003802001090A31AE71E481F49086006C88D
:1001F00081F3088810471D480068002801D019487D
:10020000F3E70DA40ECC002902D000F012F8F9E7B4
:100210001749184A002000E001C19142FCD116495B
:100220008847164988471649884700BEFDE701C937
:1002300001C29A42FBD37047ECBF0010C0000020FF
:1002400080100020ACCF001000000420000004202B
:10025000ACCF0010001004200010042000000000AB
:10026000704700000000000008ED00E0000000D032
:100270008010002024240120857F001075050010C7
:100280007D7F0010F8B5C0460448054B10B5834289
:1002900003D0044B002B00D0984710BD80100020E5
:1002A000801000200000000006480749091A8B1042
:1002B000C90FC91810B5491003D0044B002B00D04A
:1002C000984710BD80100020801000200000000022
:1002D00010B5074C2378002B09D1FFF7D5FF054B4C
:1002E000002B02D0044800E000BF0123237010BDA2
:1002F000001400200000000038A70010054B10B5C6
:10030000002B03D00449054800E000BFFFF7CCFFF5
:1003100010BDC046000000000414002038A70010E3
:1003200070B58023D024802524069B0263616D0272
:100330009620A561400004F0BBFD96206561400059
:1003400004F0B6FDF4E7C04670B50A2105F08CFA5A
:10035000002405000A2004F0ABFD012000214042EA
:10036000013408F0F5FBAC42F4D170BD70B5050066
:10037000224807F08FFF04F0B1FE002937D0FA229F
:100380000023920005F0AEFA060004F0A7FE002953
:1003900020D0FA220023920005F0A4FA801BA84284
:1003A0001FD202F0B9FF164801F0CCFF03F018F895
:1003B00000281BD10A240A2004F07AFD0120002124
:1003C0004042013C08F0C4FB002CF4D104F086FE4E
:1003D0000029DED1FA21890005F046FA801BA842E7
:1003E000DFD32900074807F0D9FF002070BDFA21AC
:1003F000890005F039FA0600C7E7C04638A70010A3
:1004000000007A4254A7001070B5494C4948A544F1
:10041000FFF7ACFF002818D1D024802524066D02F8
:10042000454807F037FF656100F036FA4348FFF7AB
:100430008BFF00F025FA4248A561FFF785FF414890
:10044000FFF794FF002800D167E03F4807F022FF44
:1004500080223E4C00219200200006F007F9200087
:1004600000F094FB051E55D07626200000F0D4FD48
:1004700062235E22A65BE35AA25A21880096A82630
:10048000334807F08BFFA623A422A021A65BE35AE2
:10049000A25A615A009680262E4807F07FFFAE23AD
:1004A000AC22AA217600A65BA25A615AE35A0196B1
:1004B000B226A45B2848009407F070FF01F0CEF943
:1004C0000121002002AA00F0F7FB002815D12348E3
:1004D00007F0E0FE00240121200002AA00F0ECFB5E
:1004E000012000214042013408F032FB102CF2D1EF
:1004F000280082239B009D4470BD0821FF236A468B
:100500005B005218D35C1649552B08D0154807F0EC
:1005100045FFDCE7144807F0BDFE0025E8E76A4622
:100520000820124B1218D35CAA2BEFD11049EDE72B
:10053000F8FDFFFF10270000B4A70010B80B000063
:10054000E02E0000983A00009CA70010C49D0020F7
:10055000F8A7001028A8001058A80010A0A80010A4
:100560008CA7001090A80010E0A70010FF01000069
:100570007CA70010F0B5DE4657464E464546E121C1
:10058000E0B50D2385B00C224902834807F0E0FF57
:10059000642004F08DFC814807F07CFE804807F061
:1005A00079FE804807F076FE7F4807F073FE6A46C2
:1005B0007E4BD02613CB13C2EB466C4601271B683B
:1005C0003606136020CC280003F032FE3B00AB401F
:1005D0007362736104AB9C42F4D100F025F9744856
:1005E000744907F0DBFE80231B039946724BD0252C
:1005F000002700269A462D066E4CA41B502C00D9CD
:1006000050244B466B618023DB026B6180239B028D
:100610006B6180235B02380007216B6198460137CC
:1006200005F022F9052959D8534689005B589F46A1
:1006300080239B02AB61200004F03AFC5F4B36192B
:100640009E42D9D9D024802324061B0363618026CF
:1006500080238025DB026D02B602636100216661A2
:100660000020656109F092FD554801F06BFE01F034
:1006700025FE544807F00EFE6661656100F00CF936
:10068000FA204000FFF760FE00F0FAF84E48A5613E
:10069000FFF75AFEFFF7B8FE002822D14B4807F0BB
:1006A000F9FDFFF73DFE8023DB02AB6180239B0257
:1006B000AB61C0E78023DB02AB61BCE74B46AB61BB
:1006C0008023DB02AB61B6E74B46AB61B3E7802327
:1006D0009B02AB6180235B02AB61ACE74346AB613D
:1006E000A9E700235A46A66107210120137002F0F2
:1006F00069F8002838D05B463548197807F04EFE77
:10070000344800F079FC0400C20A2100324807F0A6
:1007100045FE200003F0FCFB304807F0BBFD304EE7
:1007200001200021404208F013FA03F04BFC03F0D3
:10073000B1FB0028F4D004F0D1FC05000C1E18D049
:1007400003F0A2FBFA2207000023280021009200F8
:1007500005F0C8F8194BC11B9942E1D9300007F0E8
:100760001DFE03F0ABFBDBE71E4807F093FDFFF730
:10077000D7FD03F089FBFA2104008900280005F069
:1007800073F80E4B011B9942CAD9300007F006FEE0
:1007900003F094FBC4E7C04600400340B8A8001033
:1007A000E4A8001004A900102CA9001040B9001002
:1007B00058A900108813000028B900108713000002
:1007C0000000484074A90010DC05000090A900104A
:1007D000D0A90010C49D0020F0A9001014AA001098
:1007E00024AA0010B4A9001010B503F053FB002890
:1007F00003D003F05DFB002803D0054807F04AFD55
:1008000010BD044807F046FD03F058FBF8E7C0466A
:1008100070AA001050AA001010B5024807F03AFD67
:1008200010BDC0468CAA001070B50220D02503F080
:10083000FFFC04232D066B620320AB6103F0F8FC80
:10084000082300226B62012103206B6103F0DCFCB2
:1008500004240126200003F0EBFC3300A340200019
:1008600000220121AB62013403F0CEFC082CF1D14F
:10087000092003F0DDFC80239B006B62AB6170BD3F
:10088000D023802210B51B06920002485A6107F05F
:1008900001FD10BD9CAA0010D023802210B51B06BC
:1008A000920002489A6107F0F5FC10BDB0AA001052
:1008B00070B582B0050004F011FC00292CD0FA229A
:1008C0000023920005F00EF806006B46DC1D04F0D4
:1008D00005FC00291BD0FA220023920005F002F843
:1008E000801BA84210D20023220007210120237080
:1008F00001F068FF002808D023781A0705D45AB2FF
:10090000002AE4DBDB07E2D5002002B070BDFA214B
:10091000890004F0A9FFE3E7FA21890004F0A4FFAD
:100920000600D2E770B582B06B46002604001500C1
:10093000DE710A0001200221073301F06FFF002859
:1009400002D1002002B070BD6B460321DE71012090
:10095000E2B2073301F062FF0028F2D06B46220AB0
:10096000DE7104210120D2B2073301F057FF0028C5
:10097000E7D06B46220CDE7105210120D2B207338D
:1009800001F04CFF0028DCD06B46DE71E023220131
:10099000120F1A436B4606210120073301F03EFF78
:1009A0000028CED06B462A00DE71072107330120D4
:1009B00001F034FFC6E7C046F0B585B000236A46B3
:1009C0009373D3730E336B4405000C001A00072198
:1009D000012001F0F7FE00283CD06B4601269A7BEF
:1009E00016420ED193063BD424490B0000912448B3
:1009F000290007F0D3FC2100224807F0CFFC05B006
:100A0000F0BD0F236B441A000121012001F0DAFE32
:100A100000281FD06B46997BDF7B0A000E408B06B7
:100A200029D4164B002E1CD0174A154800920A00F4
:100A3000290007F0B3FC7B0715D5144AFB0615D532
:100A4000134B790615D5134900911348390007F067
:100A5000A5FCD0E722002900104807F09FFCCEE754
:100A60000F4B0649C2E7054AFB06E9D4034B79065A
:100A7000E9D40249E8E70A4BD4E7C04620AE0010AB
:100A800010AB0010C0AD001028AB0010CCAA0010B5
:100A9000D4AA0010DCAA001030AB0010E4AA0010A9
:100AA000C8AA0010F0B5C64600B582B080460F0057
:100AB000150004F013FB00294DD0FA220023920008
:100AC00004F010FF06006B46DC1D0023237011E0CC
:100AD000FA220023920004F005FF801B854214D9FE
:100AE00022000721012001F06DFE00280DD023789F
:100AF0007F2B19D904F0F2FA0029E9D1FA218900F3
:100B000004F0B2FE801B8542EAD8390042461D48F7
:100B100007F044FC41463800FFF74EFF002528004F
:100B200002B080BCB846F0BD00236A46072193712D
:100B300001202370063201F045FE051E11D06B46E0
:100B40009B79DA0713D421221A42E8D041463800B3
:100B5000FFF732FFE2E7FA21890004F085FE060084
:100B6000B1E742463900084807F018FCD6E72200F2
:100B70000121012001F026FE0028F2D06B469B796E
:100B8000E1E7C04644AB00106CAB0010F0B54F4637
:100B9000D64646460023C0B582B098466B46DC1D5B
:100BA0003D4B814600279A4604F098FA002935D03B
:100BB000FA220023920004F095FE0500374E2770BC
:100BC00011E0FA220023920004F08CFE401BB04298
:100BD00014D822000721012001F0F4FD00280DD0D7
:100BE00023787F2B20D904F079FA0029E9D1FA2162
:100BF000890004F039FE401BB042EAD9504607F0A4
:100C000049FB4346012B38D00121254807F0C6FB9C
:100C10000123984604F062FA0029C9D1FA2189001B
:100C200004F022FE0500C9E7230000220221012072
:100C3000277001F0F3FD002819D02300EC220721D2
:100C40000120277001F0EAFD002810D01548FFF7B9
:100C50002FFE00281CD001234A460021012001F06C
:100C600011FE051ECDD0104807F014FB09E00F4817
:100C700007F010FB4346012BC6D10D4807F00AFBD5
:100C80000025280002B0E0BCBA46B146A846F0BD37
:100C9000084807F0FFFAB4E798AB00100F270000F0
:100CA0000CAC0010983A0000F4AB0010B4AB00108C
:100CB00028AC0010DCAB0010F0B55746DE464E46BF
:100CC00045460023E0B585B0994602ABDC1D002304
:100CD0009A46594B070088469B46019204F0FEF95C
:100CE000002955D0FA220023920004F0FBFD0500F4
:100CF0005346FA262370760011E0FA220023920070
:100D000004F0F0FD401BB04214D222000721012064
:100D100001F058FD00280DD023787F2B1AD904F05C
:100D2000DDF90029E9D1FA21890004F09DFD401B7D
:100D3000B042EAD34A463900584607F02FFB4B46EB
:100D4000012B2BD1002005B0F0BCBB46B246A94612
:100D5000A046F0BD202241463800FFF7E3FD002801
:100D600051D0FA204001FFF7A3FD002842D04346AE
:100D700000210120019A01F085FD002852D0FA22BD
:100D800038002E49D200FFF78DFE0028DBD1D6E7D0
:100D9000FA21890004F068FD0500A9E73A00012165
:100DA000274807F0FBFA04F099F9002930D1FA211D
:100DB000890004F059FD05000023237011E0FA2298
:100DC0000023920004F08EFD401BC72827D8220084
:100DD0000721012001F0F6FC002820D023787F2B8A
:100DE0001DD904F07BF90029E9D1FA21890004F02A
:100DF0003BFDE9E73900134807F0D0FA39000F4806
:100E0000FFF7DAFD9BE739000F4807F0C7FA96E7CE
:100E1000FA220023920004F065FD0500CCE70123CF
:100E200099465BE74146094807F0B8FA390003489C
:100E3000FFF7C2FD83E7C04640AC0010B8AC00101D
:100E4000E0AC001094AC001068AC0010C0AC001016
:100E5000F0B55746DE464E4645460023E0B585B020
:100E6000994602ABDC1D00239A465A4B0700884680
:100E70009B46019204F032F9002900D181E0FA2268
:100E80000023920004F02EFD05005346524E2370BD
:100E900011E0FA220023920004F024FD401BB0422E
:100EA00014D822000721012001F08CFC00280DD06D
:100EB00023787F2B3FD904F011F90029E9D1FA21D9
:100EC000890004F0D1FC401BB042EAD94A463900FF
:100ED000584607F063FA4B46012B4AD03A000121ED
:100EE0003E4807F05BFA04F0F9F800295DD1FA21D9
:100EF000890004F0B9FC05000023374E237011E08F
:100F0000FA220023920004F0EDFC401BB0425DD8B1
:100F100022000721012001F055FC002856D023783B
:100F20007F2B53D904F0DAF80029E9D1FA2189009E
:100F300004F09AFCE9E7302241463800FFF7F2FC62
:100F4000002824D02648FFF7B3FC002824D04346CD
:100F500000210120019A02F01DF800282CD0380051
:100F60002049214AFFF79EFD002803D14B46012B63
:100F7000B4D1002005B0F0BCBB46B246A946A0469D
:100F8000F0BDFA21890004F06FFC05007DE739000F
:100F9000164807F003FA9EE73900154807F0FEF9F6
:100FA00039001048FFF708FD95E7FA220023920068
:100FB00004F098FC05009FE741463A000D4807F011
:100FC000EDF939000748FFF7F7FC84E7012399465C
:100FD00050E7C04600AD001087130000ACAD001014
:100FE000881300007CAD0010102700002CAD00100D
:100FF00058AD001084AD001079227823825CC35C68
:1010000012021A437A23C35C1B0413437B22805CC5
:10101000000618437047C046F0B5DE4657464E46B8
:1010200045460400E0B599B01522002107A805F057
:101030001DFB0DAD0922002104A805F017FB292294
:101040000021280005F012FB237E607E1B02804FEA
:101050001843E37E38401B041843A37E00021B069E
:10106000000A1843237F617F1B021943E37F394045
:101070001B041943A37F09021B06090A19432023F5
:101080002122E35CA25C1B021A432323E35C3A4067
:101090001B041A432223E35C12021B06120A1A43A2
:1010A0002423E35C0A921B029C4625236646E35CEC
:1010B00002AA334327263B402627A65DE75D360478
:1010C00033431B023F061B0A3B4394460B932723E3
:1010D000277D09913E02677D00213743E67D089018
:1010E00036043743A67D3F0236063F0A374307974B
:1010F000634400E013001A78202A04D107A819706D
:101100005A1E9842F6D12F23E35C02932E23E25C11
:10111000033316000392E25C013B9146E25C033329
:101120009046E25C013BE75C0333E05C013BE15C41
:1011300033024E463604B346029E94463343464637
:101140003606B2465E463343564633430604B3463C
:10115000664604933B0233430E06B2465E46334373
:101160005646334300220593202920D102ABDA737F
:1011700020281CD19A73202F19D15A736346202B33
:1011800015D16B461A754346202B10D102ABDA728B
:101190004B46202B0BD102AB9A72039B202B06D11E
:1011A00002AB5A72029B202B01D16B461A742200AB
:1011B0002B00363217A85178197011780232597005
:1011C00002339842F7D128230022EA5402AA944617
:1011D0002B330021634400E013001A78202A03D146
:1011E00019705A1E9D42F7D17823E25C0133E35C0B
:1011F00029001B0213437A22A25C164812041A43E8
:101200007B23E35C1B061343DA0A0192009307AACF
:1012100004AB07F0C3F82200AA23AA325078E35C9B
:1012200000021843A423E15CA33B0A001A401942C0
:101230000CD0094901230340084807F0AFF819B062
:10124000F0BCBB46B246A946A046F0BD0449F1E752
:10125000FFFF00FFDCAD0010D0AD001024AE001089
:10126000CCAD0010F0B583B06B466A46DD1C0023A0
:10127000137153712B706B46012205330621002038
:1012800001F0CCFA2A000721012001F09BFA2B780B
:10129000002801D0DA0731D45BB2002B01DB03B0A8
:1012A000F0BD674806F0F6FF03F018FF002932D0C2
:1012B000FA220023920004F015FB06006B46DC1DA9
:1012C0000023237011E0FA220023920004F00AFBAD
:1012D000801B632825D822000721012001F072FA23
:1012E00000281ED023787F2B6BD903F0F7FE00294E
:1012F000E9D1FA21890004F0B7FAE9E7012101AA4E
:10130000012001F05FFA6B4629781A794D4807F001
:1013100045F82B78C0E7FA21890004F0A5FA060009
:10132000CCE701200021404207F012FC464806F0BD
:10133000B1FF6B46002205330221002001F06EFA56
:10134000052003F0B5FD01200021404207F000FC1C
:101350006B46022202210533002001F05FFA03F000
:10136000BDFE002966D0FA220023920004F0BAFAEA
:1013700007006B469E1D0023337019E0FA220023FC
:10138000920004F0AFFAC01BC72825D83200032111
:10139000002001F017FA002802D033789B071BD4F5
:1013A000052003F085FD01200021404207F0D0FB1D
:1013B00003F094FE0029E1D1FA21890004F054FAE7
:1013C000E1E701200021404207F0C2FB2A0007218B
:1013D000012001F0F7F962E703F080FE002922D135
:1013E000FA21890004F040FA06000023237011E07E
:1013F000FA220023920004F075FA801BC728E0D877
:1014000022000721012001F0DDF90028D9D023783E
:101410007F2BD6D903F062FE0029E9D1FA21890099
:1014200004F022FAE9E7FA220023920004F05AFAC3
:101430000600DAE7FA21890004F016FA070098E7B7
:1014400078AE001050AE00109CAE0010F0B5C6464D
:1014500000B582B00700884603F040FE00294ED058
:10146000FA220023920004F03DFA05006B46FA26AA
:10147000DC1D0023F600237011E0FA220023920005
:1014800004F030FA401BB04214D2220007210120A0
:1014900001F098F900280DD023787F2B13D903F0A1
:1014A0001DFE0029E9D1FA21890004F0DDF9401B75
:1014B000B042EAD339001A4806F070FF002002B0AB
:1014C00080BCB846F0BD202201213800FFF72AFA7F
:1014D0000028F3D0FA204001FFF7EAF900281DD0D8
:1014E000012342460021012001F0CCF900280CD054
:1014F000FA2238000B49D200FFF7D4FADFE7FA21CD
:10150000890004F0B1F90500B0E70748390006F09A
:1015100045FF39000348FFF74FFACFE70348F5E7E7
:10152000B8AE0010F8AE001000AF0010D4AE00103E
:10153000F0B5C64600B582B00700884603F0CEFD80
:1015400000294DD0FA220023920004F0CBF90500C7
:101550006B46FA26DC1D0023F600237011E0FA2208
:101560000023920004F0BEF9401BB04214D22200C6
:101570000721012001F026F900280DD023787F2BC8
:1015800013D903F0ABFD0029E9D1FA21890004F059
:101590006BF9401BB042EAD339001A4806F0FEFE50
:1015A000002002B080BCB846F0BD302201213800D6
:1015B000FFF7B8F90028F3D0FA20C000FFF778F958
:1015C00000281CD0012342460021012001F0E2FC4A
:1015D00000280BD038000C490C4AFFF763FAE0E70B
:1015E000FA21890004F040F90500B1E70848390004
:1015F00006F0D4FE39000448FFF7DEF9D0E70548CD
:10160000F5E7C04624AF001064AF00108813000057
:101610006CAF001040AF001070B582B003F05EFDFB
:1016200000292BD0FA220023920004F05BF9050078
:101630006B46DC1D0023314E237011E0FA2200239B
:10164000920004F04FF9401BB04214D82200072149
:10165000012001F0B7F800280DD023787F2B13D993
:1016600003F03CFD0029E9D1FA21890004F0FCF8DF
:10167000401BB042EAD9002002B070BDFA218900B7
:1016800004F0F2F80500D3E70023E02223700721DD
:101690002300012001F0C2F80028ECD003F01EFD69
:1016A000002924D0FA220023920004F01BF905003F
:1016B0000023124E237011E0FA220023920004F05E
:1016C00011F9401BB042D6D822000721012001F0B9
:1016D00079F80028CFD023787F2BCDD903F0FEFCFA
:1016E0000029E9D1FA21890004F0BEF8E9E7FA21DE
:1016F000890004F0B9F80500DAE7C0468713000056
:10170000F0B5C64600B5504B82B01F789846002F02
:1017100005D00127380002B080BCB846F0BD03F008
:10172000DDFC002926D0FA220023920004F0DAF82A
:1017300005006B46DC1D0023444E237011E0FA22A5
:101740000023920004F0CEF8401BB042E2D8220001
:101750000721012001F036F80028DBD023787F2B09
:101760000ED903F0BBFC0029E9D1FA21890004F06D
:101770007BF8E9E7FA21890004F076F80500D8E75C
:101780000023E722237007212300012001F046F8FF
:101790000028BFD003F0A2FC002924D0FA220023A5
:1017A000920004F09FF805000023294E237011E0F9
:1017B000FA220023920004F095F8401BB042A9D809
:1017C00022000721012000F0FDFF0028A2D023788D
:1017D0007F2B0ED903F082FC0029E9D1FA21890080
:1017E00004F042F8E9E7FA21890004F03DF8050029
:1017F000DAE76B469D1D00232A0007210120237094
:101800002B7000F0DFFF002800D183E701262B7842
:101810001E4200D17DE722000121012000F0D2FF0D
:10182000002800D176E7297822780E4200D170E7AF
:10183000530705D5074806F02DFD43461E7068E79F
:10184000054806F0ABFD65E71A2401208713000068
:101850000F27000090AF0010D0AF0010F0B5DE46AB
:1018600057464E464546E0B5734889B006F012FD2E
:10187000724806F00FFD724806F00CFD48239B46A7
:10188000704B17249A46704B704F9946BB446C447A
:101890003B787A6819005046984606F07FFD03F0C1
:1018A0001DFC002936D0FA220023920004F01AF819
:1018B00005000023664E237011E0FA2200239200F7
:1018C00004F010F8401BB04214D822000721012078
:1018D00000F078FF00280DD023787F2B20D903F06B
:1018E000FDFB0029E9D1FA21890003F0BDFF401B6F
:1018F000B042EAD9484606F0CDFC08375F45C7D16B
:101900000A2006F07DFC09B0F0BCBB46B246A946F1
:10191000A046F0BDFA21890003F0A6FF0500C8E744
:1019200000252300424601210120257000F076FFAA
:101930000028DFD02300C22207210120257000F0FB
:101940006DFF0028D6D003F0C9FB002924D0FA226D
:101950000023920003F0C6FF050000233C4E2370D5
:1019600011E0FA220023920003F0BCFF401BB042BA
:10197000C0D822000521002000F024FF0028B9D0A3
:1019800023789B070ED403F0A9FB0029E9D1FA21A3
:10199000890003F069FFE9E7FA21890003F064FF99
:1019A0000500DAE706AD2A000121012000F00AFF58
:1019B00000289FD01922022101206A4400F002FF72
:1019C000002897D01A22032101206A4400F0FAFE71
:1019D000002800D18EE71B22042101206A4400F078
:1019E000F1FE002800D185E70521012007AA00F0BB
:1019F000E9FE002800D17DE71D22072101206A446D
:101A000000F0E0FE002800D174E7EB786978AA784E
:101A10002E796D799846E8070AD50E4B9C466346A9
:101A200001950293009643460B4806F0B7FC64E725
:101A30000A4B9C46F3E7C04600B0001024B00010EB
:101A400064B0001084B00010C8B0001050B900108D
:101A50008713000028AB0010A0B0001020AE0010CB
:101A600001211B4A30B51368A0258B4380211360E8
:101A7000184B0906196019601021174BED05196004
:101A8000D8230021AC46D150144B15491C68154D84
:101A9000E3020B4014491943A30163441D605860DD
:101AA0008020986019618021490253680B42FCD163
:101AB00082230121DB0013610B00A340A0201C0046
:101AC0008623C005DB00C45013680B43136030BD90
:101AD00000002050D010205000202050A40F0020E3
:101AE000FD7F00FF200020502900420080239B0042
:101AF0009C46F0B54E4657464546DE46844463460E
:101B0000E0B587B004930023029301930093664BE2
:101B100000269A4640239946303B98460C3B9C460B
:101B2000039605914F4605784478AE013E404746FE
:101B30002B09DB01334326013E406746817833435E
:101B40008E003E402027334366003E4033434E081C
:101B50003700082637403E001E43B34602265F4644
:101B6000C2780430D30833403B430127039E17401B
:101B70003B43DBB2370A7B4057465B00FB5A3602D9
:101B800020275E40B3B24E4603936B092740DB012A
:101B90003B436F01374046463B43E700374008264A
:101BA0003B438F08374066463B434F003740022691
:101BB0003B43170937403B43013E570837403B43FF
:101BC000009FDBB23E0A3F02BB46574673405B00B4
:101BD000FB5A5F467B4067464E469BB20093AB097B
:101BE0000F40DB013B432F0137403B4367083E007A
:101BF00020273E4033434646A700374008263B4354
:101C0000CF0837403B43063E570937403B43012747
:101C100096083E403343019EDBB2370A3602B34694
:101C200056467B405B00F35A5E4673409BB201937D
:101C3000E3095B019B465E46CB09DB0033437F270C
:101C40002E00BE433343D609760033434E46ED00A3
:101C500035401D43434664001C4063464908194013
:101C600001232C430C43D1081940029B21431A0A3B
:101C700051401A02534649005B5A53409BB20293AB
:101C8000049B984200D04DE70599009B039E4B8032
:101C9000019B0E808B80029BCB8007B0F0BCBB46C3
:101CA000B246A946A046F0BD98B90010F0B5454629
:101CB000DE4657464E46E0B58DB005AB0C0080259C
:101CC000190098460700FFF711FF002200230F219B
:101CD000AD00BE581B0730BA00090343A350330EB2
:101CE00004320B40AA42F4D1019242460294D788B2
:101CF00096885288F81394464246158800229246E8
:101D0000F2139200C0001043EA1310436246D2134C
:101D100052001043020201209146BA130240D20041
:101D20009346B2130240920090465A4644462243DC
:101D30009046AA130240934642465C462243904690
:101D40006246921302405200934642465C4622434A
:101D500014047A130240D200934672130240920098
:101D6000904603945A464446224390466A130240E2
:101D7000934642465C4622439046624652130240D6
:101D80005200934642465C462243120690464A461B
:101D900013434246039C23431343079332133B13DD
:101DA000034002409200DB0013432A130240134316
:101DB00062461213024052009146F2120240920013
:101DC0009346FA120240D20090465A4644462243B5
:101DD0009046EA120240934642465C4622439046B1
:101DE0006246D21202405200934642465C4622436B
:101DF000120290464A46134342461A43BB1203401E
:101E0000DB00984691464246B31203409B001343C1
:101E1000AA12024013436246921202405200134338
:101E20001B0498464B464446954A134023437C1274
:101E30000440E400A14674120440A400A0464C46AD
:101E4000424614436A12A04614000440A146444688
:101E50004A46144362465212A046140004406200EF
:101E600044461B02144322061B0A13433212140079
:101E700008933B1204400340A200DB0013432A12E4
:101E8000140062460440121223431400044062000E
:101E90009146FA1114000440E2009346F211140036
:101EA0000440A2005C461443EA11A046140004401A
:101EB000A34644465A4614436246D211A046140033
:101EC0000440620044461443220290464A46444677
:101ED00013431C43BB110340DB0098464246B31139
:101EE00003409B001343AA11A1461400624604401C
:101EF0009211234314000440620013431B049846CC
:101F00004B465F4A1340424613437A110240D200C7
:101F10009046721102409200914642464C4622433E
:101F200090466A110240914642464C4622439046F2
:101F30006246521102405200914642464C461B02F4
:101F4000224312061B0A1343099332113B1103402B
:101F500002409200DB0013432A1102401A436346F9
:101F60001B1103405B009B46FB100340DB009846BF
:101F700091464246F31003409B001343EA1002408F
:101F800013436246D2100240520013431B0298468C
:101F90005A464B46134342461343BA100240D200FE
:101FA0009046B21002409200914642464C4622436F
:101FB0009046AA100240914642464C462243904623
:101FC0006246921002405200914642464C462243DD
:101FD000120413437A100240D2009046721002405D
:101FE0009200914642464C46224390466A10024077
:101FF000914642464C462243904662465210024069
:102000005200914642464C461B02224312061B0ACE
:1020100013430A9307AB9846634606400740B60051
:10202000FF003E4305401840430035431D434346EF
:102030001D74597482235246029C9B00E250043B5B
:10204000E2505346404600210F260725019AA3502F
:102050002F0002788F43BF003240BA40CB1080334C
:102060009B00E3181F6801313A431A6001301229BE
:10207000EED10DB0F0BCBB46B246A946A046F0BDBD
:10208000FFFF00FF012130B5404A414D136887B082
:102090008B4313602B78002B57D000233D493B4CDA
:1020A0001A00088812329200013310510231182BA5
:1020B000F6D1394BEC21186880239B020493374BEF
:1020C00089050393364B059304F012FA051C04F0BE
:1020D00055FA84B20023002C0ED0200004F026FA1A
:1020E000011C281C04F001FA8721C90504F017FA25
:1020F00004F044FAC3B21B0224041C4302940124DA
:102100000621022002F066F80621032002F062F8A0
:1021100000220121032002F077F80123022200218E
:1021200000941A4806F04AFA012303220021009481
:10213000164806F043FA02AB00220021134806F0CD
:1021400097FA184B1C7007B030BD0220053102F021
:1021500041F80621032002F03DF80022012103206E
:1021600002F052F804242000062102F033F8200087
:1021700000220121013402F047F8082CF3D1F822A3
:10218000094B1A6001232B7087E7C04600002050DE
:102190001B24012098BB0010A00F00200070010339
:1021A000638811241E24012038202050F0B5D64623
:1021B0004F464646C0B5394B82B01B789A46002B35
:1021C00064D047236A46092000930023E846137130
:1021D000002147227F2507270126814602E040464D
:1021E000CA10825C3C008C43224198095B002B4062
:1021F0003240824202D04A465340DBB201312829A4
:10220000EDD101225B001343DCB2254B1B78012B7F
:1022100001D0FFF737FF01218020224A0006136812
:102220008B431360204B1860186010201F4B186000
:10223000D8231F48D0501F48D0500020D0501368DA
:102240000B4380211360490253680B42FCD180206C
:10225000194B14491361240440024A680242FCD11C
:102260008E23DB050B6180210E4E490272680A4203
:10227000FCD10120346102F01BFE0122336893433C
:1022800080223360084B12061A601A60504602B072
:10229000E0BCBA46B146A846F0BDC0461F240120A6
:1022A0001E24012000002050D0102050002020507B
:1022B00081E0000001E0000027002F00F0B51A4C7B
:1022C00085B02378002B01D005B0F0BD012006F0C9
:1022D0001DFA164B00211860154806F057F9154BEA
:1022E0001B78012B01D0FFF7CDFE01232370124B89
:1022F0001D68281C04F048F90F0081210023060006
:10230000C905281C029304F00AF9011C0B4804F0CB
:10231000F2F804F039F90A4C0090019132003B00C8
:10232000200006F03BF8CFE71F240120A40F002077
:10233000000020501E240120A00F00200000FA42BF
:1023400080B10010134B70B51860134B1B78002B35
:102350000FD0EC21890504F0CBF8051C04F00EF930
:1023600084B20023002C05D124041C43C8230B4A4B
:10237000D45070BD200004F0D9F8011C281C04F0D2
:10238000B4F88721C90504F0CAF804F0F7F8C3B21D
:102390001B02E9E7A00F00201F24012000002050AD
:1023A000F0B5DE46574645464E46E0B5654B89B02A
:1023B0001F780D0093460490002F00D1A1E03F2626
:1023C000064040233100194308002B0E2A0C0193CC
:1023D00002921B02D2B27F2612040B43844613439F
:1023E00009222C0A039121060B43B14606A9783E27
:1023F000B04692460693624600230020AC460D711B
:10240000063E059401E0C2108A5C4D469C095B00C3
:102410002B40454685432A413240A24202D05246D3
:102420005340DBB201302828EDD101225B00134379
:10243000DBB298464B71444B65461B78059C012BDB
:1024400001D0FFF71FFE01218020404A00061368DB
:102450008B4313603E4B1860186010203D4B186092
:10246000D8233D48D0503D48D0500020D05013686C
:102470000B4380211360490253680B42FCD1384B57
:1024800080201361FF23019A234012041343029A10
:102490002D061206120C1343039A2C4916061E43EE
:1024A00043461B042B4340024A680242FCD1802071
:1024B0000E61264940024A680242FCD10B6102F0DB
:1024C0000DFE002926D1FA21890003F0CDF9040080
:1024D0001E4D6B68DB052ED502F000FE002920D0D2
:1024E000FA220023920003F0FDF9001B6428F0D9C2
:1024F00004991C4805F052FF0121144A13688B43CC
:1025000013600027380009B0F0BCBB46B246A946AC
:10251000A046F0BDFA220023920003F0E3F9040084
:10252000D6E7FA21890003F09FF9001B6428DFD861
:102530006B68DB05D0D45A462B6A002AE2D01360C0
:10254000E0E7C0461F2401201E2401200000205087
:10255000D01020500020205081E0000001E0000059
:1025600027002F00B0B10010F0B5C646002300B51B
:1025700082B08046019302F0B1FD002944D0FA22D6
:102580000023920003F0AEF90400FA2500276D0045
:1025900002F0A4FD002919D0FA220023920003F0D2
:1025A000A1F9001BA84218D2E021052001AA490385
:1025B000FFF7F6FE061E02D00199002912DB1E204D
:1025C00002F076FC02F08AFD0029E5D1FA218900AB
:1025D00003F04AF9001BA842E6D3002002B080BCF9
:1025E000B846F0BDE0220B021B0A5203934206D00C
:1025F000002F0FD01E2002F05BFC3700C8E74346D7
:10260000002BEBD01960E9E7FA21890003F02CF9DF
:102610000400BAE7024A034805F0C0FEEAE7C046F4
:1026200000001C80C8B10010F0B5CE46474680B50A
:1026300083B0814601046A460720FFF7B1FE0028F7
:1026400000D19DE0514B524A1A60524B1B78002B2F
:1026500000D08FE00A20C02602F02AFC03240025C7
:10266000360234204C4901AA0195FFF799FE002853
:1026700002D0019B334202D0013C002CF1D1C02694
:102680000324002536023420444901AA0195FFF7AE
:1026900087FE002802D0019B334202D0013C002C6F
:1026A000F1D1C02603240025360234203C4901AA7A
:1026B0000195FFF775FE002802D0019B334202D03E
:1026C000013C002CF1D1C026032400253602342021
:1026D000344901AA0195FFF763FE002802D0019B4F
:1026E000334202D0013C002CF1D1C0260324002546
:1026F000360234202C4901AA0195FFF751FE00282B
:1027000002D0019B334202D0013C002CF1D1C02306
:102710001B020026002798460325C021342001AA69
:10272000C9000197FFF73CFE041E03D04246019BFF
:1027300013420DD0013D002DEFD16420013602F08F
:10274000B7FB642EE8D1194805F0A4FD00240BE086
:102750009B07F2D53100164805F020FE4A46154B7E
:102760001A800122144B1A70200003B0C0BCB94675
:10277000B046F0BDC821C823104A8902D15069E78C
:102780000F4805F087FD0024EEE7C046A00F0020AB
:10279000000048401F240120020E0080002002801B
:1027A00002220280030800800204008044B200106C
:1027B00024B200101224012018240120000020500F
:1027C00010B20010F0B5C646E023C026904603259F
:1027D000002700B5DB0504071C400F4B49021940D8
:1027E00082B00C4336022100342001AA0197FFF782
:1027F000D7FD002802D0019B334207D0013D002DB8
:10280000F1D1002002B080BCB846F0BD4246002A9B
:10281000F8D01370F6E7C04600FEFF03F0B5C646D9
:102820009846E0238026C02403250027DB0500B559
:1028300000071840104B4902104319400843360660
:1028400082B0064324023100342001AA0197FFF729
:10285000A7FD002802D0019B234207D0013D002D97
:10286000F1D1002002B080BCB846F0BD4246002A3B
:10287000F8D01370F6E7C04600FEFF0310B5FFF76F
:1028800095FC10BDF0B54546DE4657464E46E0B5D0
:10289000A5B01D001293944B14001B78002B09D196
:1028A00000239B46584625B0F0BCBB46B246A9461D
:1028B000A046F0BD0023E0221F93D205030713407A
:1028C000EA05D20D1343894A490211400B43802186
:1028D0000905352019431FAAFFF762FD834600282A
:1028E000DED01F9AC02311001B0219401B911A420F
:1028F000D6D101217E4B1A688A431A607D4A9246DE
:102900001278022A57D01A687B488A431A607B4A99
:102910007B499A647B4ADA647B4A19655A657B4A2B
:102920009A65D8657A481866822058669966DA668C
:10293000784AEC211A67784A89055A67774B1868F4
:10294000B0231B022193764B239390231B032293E6
:1029500003F0CEFD061C03F011FE85B20023002D0E
:102960000ED0280003F0E2FD011C301C03F0BDFD79
:102970008721C90503F0D3FD03F000FEC3B21B029B
:102980002D04002200211D43594820AB209505F05D
:102990006FFE00230422002100935548043305F004
:1029A0000DFE0123022200930021514805F006FE8E
:1029B0000223524613702000FFF752F8129B002B9F
:1029C00000D1CCE280235B0499465B461D935346BD
:1029D000C346544E119403971C9302F07FFB0029C9
:1029E0007BD0FA220023920002F07CFF04004E4AC2
:1029F000336894464A469B0163441B6813423CD0AB
:102A000002F06CFB00292FD0FA220023920002F082
:102A100069FF464B001B9842E9D91C9B32689A46D5
:102A20000123A02093404249C0054350414B8021DF
:102A30009C4692016244490413680B42FCD1012177
:102A40002B4A3D4813688B43136005F023FC3B4839
:102A5000129A1B9905F0A2FC53461B78012B00D15A
:102A60001EE7FFF70FFB1BE7FA21890002F0FCFECF
:102A70002E4B001B9842BAD9CFE702F02FFB00295A
:102A800000D118E2FA220023920002F02BFF050089
:102A9000174C0CE0FA220023920002F023FF401BA7
:102AA00063280FD8D423E358DBB2002B4AD002F0BE
:102AB00015FB0029EED1FA21890002F0D5FE401B5A
:102AC0006328EFD901211C9B094A9A4613681C48C8
:102AD0008B43136005F0DEFBB9E7FA21890002F0B1
:102AE000C3FE040083E7C0461F24012000FEFF034D
:102AF000000020501E24012046A00000A0800000FD
:102B000042A1000027A0000042B0000004500000D5
:102B1000C3A000004810000020800000A00F00208B
:102B200000080220A40F00201000005088130000AD
:102B3000440400000C0000505CB20010A0B2001071
:102B4000F4B200100122236893432360802362685B
:102B50005B001A4200D005E2226A934662681A427C
:102B600000D00AE2226A039262681A4200D0FEE1B3
:102B7000226A626862681A420AD103218020EE4B01
:102B800040001A6A5A680242FBD0012900DC98E131
:102B90001B9B129A013317939A4200DD83E111982F
:102BA00020A9FEF7A3FF5B461B0F05930F235A4690
:102BB00018005F465946120E5D4610400A9058466E
:102BC0005C463F0BBC461F402D0C0D970F0AA846D4
:102BD00039001D400C9505092800240DA2461C4013
:102BE0000B941C0019400E91039918400F90080F88
:102BF0000490080E13900440080D06940400090C7C
:102C00001C4007940C001C400894039C240B149453
:102C10001C401894039C240A15941C401994039C8E
:102C2000240916941C4009945C461C401094039C93
:102C30001C401A940224059B5B001C4001231A408F
:102C40002243544652001C402243444652001C403A
:102C50002243644652001C40224352001F40174347
:102C60005A467F001D403D43049F6D001A402A4391
:102C70003D00139C52001D402A4352001C40144347
:102C8000640018402043149A400019400143490051
:102C90001A400A431599520019401143169A039C91
:102CA00049001A400A4352001C4014431CAA128ACD
:102CB000A4B2944200D00AE102200A990C9D4A1065
:102CC00005991A4001400C0014430B9A64005210FD
:102CD0001A400D9814436A101A40640014430E9968
:102CE00042101A4064000F9814434A101A406400BE
:102CF000144342101A4064001443109A64005210A6
:102D00001A4014437A101A4064001443069A079F2D
:102D100052101A406400089D14437A101A4064004F
:102D200014436A10189D1A4064001443199F6A10D6
:102D30001A40640014437A101A4064001443099A3C
:102D40001A9852101A406400144342101A4064004A
:102D500014431CAA528AA4B2944200D0DFE002219C
:102D6000059C62080A9C0A40A1100B9C19400A436A
:102D7000A1100C9C194052000A43A1100D9C19404F
:102D800052000A43A1100E9C194052000A43A110A0
:102D90000F9C194052000A43A110109C1940520088
:102DA0000A43A110194052000A43049952008910A5
:102DB00019400A4306995200891019400A4307999D
:102DC0005200891019400A4308995200891019408D
:102DD0000A43A910194052000A43BC1052001C407B
:102DE0001443099A640092101A401443821013404D
:102DF00064001C431CAB9A8AA4B2A24200D092E0A9
:102E0000059B0A9ADB10D2105B0013430B9A5B0000
:102E1000D21013430C9A5B00D21013430D9A5B003F
:102E2000D21013430E9A5B00D21013430F9A5B002B
:102E3000D2101343109A5B00D2101343049A5B0024
:102E4000D2101343069A5B00D2101343079A5B001B
:102E5000D2101343089A5B00D2101343189A5B00F8
:102E6000D2101343199A5B00D2101343099A5B00E6
:102E7000D21013431A9A5B00D4101C431CABDA8A9D
:102E8000A24254D1802292009446119BA53A6344F9
:102E900011936B46FF3A9B181B88129A9A4257D996
:102EA000179B1B9399E580239B009C4611986044D7
:102EB000FEF7D6FD73E6FA21890002F0D5FC050085
:102EC000E6E51C9B9A461D4805F068FABFE51C9B89
:102ED00000219A4613001A48220005F05FFA129A60
:102EE0001B99184805F05AFA01223368A0209A402D
:102EF0001549C0054250154A802194469B01634400
:102F000049041A680A42FCD101210B4A13688B4319
:102F1000136053461B78012B00D0A2E5C0E41C9B34
:102F200001219A46D6E71C9B02219A46D2E71C9BB8
:102F300003219A46CEE7C0460000205078B2001028
:102F4000C0B20010A0B20010440400000C000050F9
:102F50001D9B9B461C9B1B78012B00D1A2E4FFF715
:102F600091F89FE462681A420CD1002106E662687B
:102F700002211A4200D101E60AE662681A4205D12E
:102F80000121FBE51C9B00219A469CE71C9B01212B
:102F90009A4698E7F0B54546DE4657464E46E0B5B8
:102FA0009846C04B14001B788DB0002B08D100262A
:102FB00030000DB0F0BCBB46B246A946A046F0BDFD
:102FC00000230793E0230007DB0518404346DB0599
:102FD000DB0D1843B44B4902194008438821090608
:102FE000014307AA3520FFF7DBF9061EDFD0079B58
:102FF000C0221900120211408A461342D7D1012083
:10300000AA4B196881431960A949049109780329D9
:103010005CD04725196881431960A649A648996480
:10302000A649D964A6491965A6495965A64999656D
:10303000A649D965A6491966A64958669966DD6606
:1030400018675967A44999670A21D96776315A5098
:10305000A24BEC211868C023DB020A93A04B890520
:103060000B93A04B099303F043FA071C03F086FA75
:1030700085B20023002D0ED0280003F057FA011C62
:10308000381C03F032FA8721C90503F048FA03F02F
:1030900075FAC3B21B022D041D43089501250022B9
:1030A000002108AB814805F0E3FA04230422002143
:1030B0007E48009505F082FA0123022200217B4818
:1030C000009505F07BFA0323049A1370864B2000C9
:1030D00019000393FEF7EAFD4346002B00D1D1E02F
:1030E0008022920023009446634402937F4B012583
:1030F0009B466E4C7E4F059623681022AB4323609F
:1031000080231B063B603B607A4B00211A606748B6
:1031100004230C3A009505F051FAD8230022E2501E
:103120005B461968744BC802184019231843A02342
:10313000DB059C46534683262B40B6005B4233405A
:10314000039E8A016244B446634413606B4B536030
:1031500083239360106180222563520263681342C7
:10316000FCD1674BA02223612B008B4019008623E2
:10317000D205DB00D15023682B4323600123534445
:103180009946434570DB01F0A9FF002966D0FA2279
:103190000023920002F0A6FB0600236B1D424ED1D5
:1031A00001F09CFF00293FD0FA220023920002F098
:1031B00099FB544B801B9842EFD95B461968012359
:1031C000A0208B40504AC0058350504B80229C4623
:1031D00089010818520461440B681C001440134212
:1031E000FAD10122314D2B6893432B60D42301691E
:1031F000EB58FE32C9011A40C90F454805F0CEF818
:1032000042465146434805F0C9F8042304220021F0
:103210002800009405F0D2F9049B1B78012B00D103
:10322000C5E6FEF72FFFC2E6FA21890002F01CFB7B
:10323000344B801B9842C0D8236B1D42B0D08022F3
:10324000920094462368AB432360029B634402933D
:103250004B469BB2984514D9CA464DE7FA218900DE
:1032600002F002FB060098E71900832329409B0027
:1032700049421940039B02989C466144FEF716FDA3
:1032800081E7059E002304220093002104330748B0
:1032900005F094F9049B1B78012B00D188E6FEF71A
:1032A000F1FE85E61F24012000FEFF0300002050F0
:1032B0001E240120A080000042A1000027A00000E1
:1032C00060600000046100004311000080E0000025
:1032D0002FE0000042B10000CE100000A00F00203F
:1032E0008408403000E00004F81F0120A40F0020F3
:1032F000D010205000202050FD7F00FF10002050F3
:103300001104000010270000440400000C000050CD
:1033100014B3001048B3001010B51A4B82B01B78DC
:10332000002B2CD00621022000F054FF06210320A0
:1033300000F050FF0621042000F04CFF062105207C
:1033400000F048FF0621062000F044FF0621072078
:1033500000F040FF0124F8220B4B00211A600B48BB
:103360000123F63A009405F029F9012303220021F4
:103370000648009405F022F90022054B1A7002B0AD
:1033800010BDC0461F2401203820205000002050CE
:103390001E240120F8B50D4D2B78002B02D10024FE
:1033A0002000F8BD0A4E0B48318804F0F7FF308842
:1033B000FFF73AF9041E05D1074804F06BFF2C70A3
:1033C0003480ECE7054804F065FFE9E718240120A4
:1033D0001224012068B30010B0B3001098B300109D
:1033E00070B582B00021052001AAFEF7D9FF0028A0
:1033F00002D1002002B070BD01A8FFF7B5F8002887
:10340000F7D02C4D0199280004F0C8FF142001F0DA
:103410004FFD0021032001AAFEF7C2FF002841D181
:103420000024254E300004F035FF01A8FFF79CF87A
:10343000002810D00199280004F0B0FF1E2001F0F0
:1034400037FD0021032001AA0134FEF7A9FF00285F
:1034500020D1032CE6D1194804F01CFFFEF7A6FE8C
:10346000022001F025FD0021032001AAFEF798FFAC
:10347000002808D10121124804F090FF01252800FE
:10348000FFF7D2F8B6E7019D0E482D0C290004F095
:1034900085FFF4E7019D22002D0C29000A4804F065
:1034A0007DFFECE7019D09482D0C290004F076FF13
:1034B000E5E7C046E0B3001004B400102CB40010DF
:1034C0007CB4001058B40010C8B40010B4B400109C
:1034D00000487047FCBB001000487047DCBB001080
:1034E00070B5002821D0032825D8144B8000C5587A
:1034F000280006F0AFFF04001F2812D8002807D0CC
:1035000000230F4AE95C013311800232A342F9D350
:10351000C023013464009B0023430A489BB203800C
:1035200070BD1F240028EBD1F2E7074B054843800C
:10353000063BFF3BF3E70020F2E7C046C8BB0010A4
:103540000A1600200816002009040000F0B54646BF
:10355000D6464F4692469946734B8C46C0B50E00F0
:103560001968040098468244002900D1D5E16F4DC6
:103570002F002A000023107A002806D01068A042ED
:1035800003D85068A04200D3D6E001330C328B42FE
:10359000F1D14B46002B00D09BE161462000FDF7A6
:1035A00055FF002812D080239B009C4601346644BE
:1035B000544500D19CE143461968B4460029D6D150
:1035C00061462000FDF742FF0028ECD15849574DD5
:1035D0002200584804F0E2FE43461E68002E00D147
:1035E000EAE12B000022671C197A00290DD0186827
:1035F0005968A04202D8A14200D38DE00131A14216
:1036000000D194E1B84200D18CE101320C33B242D6
:10361000EAD12B7A002B00D100E2012E00D195E1F6
:103620002B7D002B00D1EFE1022E00D18EE1202373
:10363000EB5C002B00D1EFE1032E00D186E12C23BF
:10364000EB5C002B00D1E5E1042E00D17EE13823B4
:10365000EB5C002B00D1DBE1052E00D176E14423A9
:10366000EB5C002B00D1D1E1062E00D16EE150239E
:10367000EB5C002B00D1C3E1072E00D166E15C2397
:10368000EB5C002B00D1B9E1082E00D15EE168238C
:10369000EB5C002B00D1B5E1092E00D156E174237B
:1036A000EB5C002B00D1C8E10A2E00D14EE1802353
:1036B000EB5C002B00D1BEE10B2E00D146E18C2348
:1036C000EB5C002B00D1B4E10C2E00D13EE198233D
:1036D000EB5C002B00D1AAE10D2E00D136E1A42332
:1036E000EB5C002B00D1A0E10E2E00D12EE1B02327
:1036F000EB5C002B00D196E1102E00D026E1BC231C
:10370000EB5C002B08D10F335A00D31801229B0029
:10371000EC50EB185C601A72FDF7A4FD0120E0BCD0
:10372000BA46B146A846F0BD74980020B497002070
:1037300028B5001058B500104B46002B00D1DFE033
:1037400061462000FDF7F4FE002800D144E7210087
:10375000BB4804F023FE43461A68002A00D1ECE07F
:103760000023397A002900D1ADE03968A14200D99F
:10377000A9E07868A04200D2A5E0814200D1B0E083
:10378000A14200D1B6E0A04200D1BEE0297A0029D2
:1037900000D10FE1012A00D108E1297D002900D1E3
:1037A00006E1022A00D1F9E02021695C002900D15C
:1037B000F6E0032A00D1F5E02C21695C002900D154
:1037C000F2E0042A00D1C7E03821695C002900D169
:1037D000D6E0052A00D1D5E04421695C002900D15A
:1037E000D2E0062A00D1D1E05021695C002900D145
:1037F000CEE0072A00D1CDE05C21695C002900D130
:10380000CAE0082A00D1D9E06821695C002900D10A
:10381000D6E0092A00D1D7E07421695C002900D1E3
:10382000D0E00A2A00D1D7E08021695C002900D1CC
:10383000D0E00B2A00D1CBE08C21695C002900D1BB
:10384000C4E00C2A00D1D7E09821695C002900D19E
:10385000D0E00D2A00D1CBE0A421695C002900D181
:10386000C4E00E2A00D1BFE0B021695C002900D17C
:10387000B8E00F2A00D1B3E0BC22AA5C002A00D134
:10388000ACE0013480239B009C46664454452FD015
:1038900043461968B446002900D069E66146200015
:1038A000FDF746FE002800D1BAE080239B009C462D
:1038B00001346644A2451BD043461968B44600292A
:1038C00000D054E6EAE701330C37934200D048E7D2
:1038D000D7E761462000FDF72BFE0028D1D15949DA
:1038E00076E65A00D31800229B00EB181A72C8E73C
:1038F000002014E75A00D3189B000134EC50C1E7B4
:103900002100514804F04AFD08E75A00D3189B00F3
:10391000621EEB185A600134B4E74B46002B00D10D
:103920003BE6BBE753009B189B00EC50F4E65300CA
:103930009B189B00EB185C60EEE680239B009C4686
:1039400001346644A245D3D0B446A7E7731C42466F
:10395000136073009B19D9E6052147463960510071
:103960008A189200611CA950AA1850600120107298
:103970005A00D3189B00013CEB185C600C0081E7F7
:103980000422ECE70621E8E70522E8E70721E4E75F
:103990000622E4E70821E0E70722E0E70321DCE76D
:1039A0000222DCE70421D8E70322D8E70221D4E78A
:1039B0000122D4E70022D2E70123C8E70921CCE79E
:1039C0000822CCE70922CAE70A21C6E70B22C6E78C
:1039D0000C21C2E70A22C2E70B21BEE70F32BEE785
:1039E0001021BAE70E22BAE70F21B6E70D22B6E79B
:1039F0000E21B2E70C22B2E70D21AEE7072383E6E2
:103A0000062381E608237FE601237DE605237BE686
:103A1000042379E6032377E6022375E6002373E6A1
:103A200008490A4DD4E50E236EE60D236CE60C23FF
:103A30006AE60B2368E60A2366E6092364E6C046C5
:103A400078B5001020B5001030B50010B4970020F4
:103A5000F0B5CE46474680B583B0040001F03EFB8A
:103A600000290FD0FA220023920001F03BFF5F4EA5
:103A70005F4F30603B78002B0ED103B0C0BCB9461D
:103A8000B046F0BDFA21890001F0EEFE574E584FC6
:103A900030603B78002BF0D02100564804F07EFCCB
:103AA000FCF7EEFED02380221B0652029A610A2008
:103AB00001F0FEF901200021404205F049F84E488E
:103AC00004F0E8FBFFF728FC4C48FEF73BFCFFF74F
:103AD00061FC002815D1642405E06430013C01F04C
:103AE000E7F9002C6ED001200021404205F030F8AB
:103AF000FFF712FC4148FEF725FCFFF771FC002898
:103B0000EBD06B46DC1D0023237001F0E7FA00299F
:103B100052D0FA220023920001F0E4FE05003F2378
:103B2000984617E0FA220023920001F0DBFE401BCA
:103B30001D281AD8220007210120FEF743FE002885
:103B400005D04246237899469343402B0FD001205D
:103B500001F0AEF901F0C2FA0029E3D1FA2189009F
:103B600001F082FE401B1D28E4D92378994601F01C
:103B7000B5FA002935D0FA220023920001F0B2FEF6
:103B8000421B49461E4804F009FCD02380221B0634
:103B900092029A61002301223B701A4B1A701A4B51
:103BA0001A7001F09BFA002915D0FA220023920026
:103BB00001F098FE306060E7FA21890001F054FEC0
:103BC0000500ACE7114804F065FBD02380221B06FA
:103BD00092025A6151E7FA21890001F045FE3060F6
:103BE0004BE7FA21890001F03FFEC9E7C49F00209E
:103BF00020240120A4B50010CCB5001000007A42AA
:103C0000ECB50010A80F00201C24012014B60010F1
:103C1000F0B557464E46DE464546E0B599468B4BD5
:103C200089B002911978802382469B009A4210D273
:103C3000002921D1002321220521002005F0B8FD13
:103C40000120404209B0F0BCBB46B246A946A0469E
:103C5000F0BD80239B029A4200D393E0530A049361
:103C60000029E7D07A4B1B689A45E3D252469B1A4B
:103C7000049A9342DED305E0754B1B689842D9D273
:103C8000012304934B46002B00D18FE07148FFF7CE
:103C9000DFFE714B1B78002B00D0D0E001226F4B70
:103CA00052421A606E4B1A60D02380221B06120308
:103CB0009A616C4B0693002303936B4B00269B4643
:103CC0006A4B0793654B0593049B984643469D1B9F
:103CD000402D00D94025029A77023B009446634468
:103CE000019353469C195B46186800280FD00022A8
:103CF0005F4B6719197A002905D019688F4202D9DC
:103D000059688C4220D901320C338242F2D14B46A1
:103D1000002B3AD1059B1B685A1C06D09C4204D349
:103D20001900621940318A4237D92000019AE9B25C
:103D3000FCF7C2FF002814D12B0022000699079837
:103D400004F02CFBFDF78EFA4B462A002000019967
:103D5000FFF7FCFB039B9C468444634603930028C7
:103D600002D176194645B1D3D0244B462406002B08
:103D70002BD080231B036361039B002B4BD1049B3F
:103D800058025FE7FF2304936AE72000019AE9B233
:103D9000FDF75EF80028E4D1CEE7E11A354B490281
:103DA00001986A02C91802F067FCDAE73248FFF7A7
:103DB0004FFE294B1B78002B41D1D02380221B06BC
:103DC000D2029A612D4B069375E78023DB02636173
:103DD000039B002B0BD12A4B049A1968524451457E
:103DE00001D01A60CBE71E491A600A60C7E7802538
:103DF0005146039B049AAD02224804F0CFFA5020AA
:103E0000656101F055F80023112203211800A56116
:103E100005F0CEFC14E780255146039B049AAD02C1
:103E2000184804F0BBFA5020656101F041F8002306
:103E30000C2203211800A56105F0BAFC00E701235C
:103E400004220221002005F0B3FCF9E61924012028
:103E5000B49900207CAD001020240120B40F002074
:103E6000B00F002020B500107498002034B6001068
:103E7000B4970020E09F0020B8AC001028B50010D7
:103E8000AC0F002078B60010014B18687047C04690
:103E9000C49F0020044B1B78D8B2002B02D0034BE8
:103EA0001878C0B27047C046A80F00201C2401201B
:103EB000014B1878C0B270472024012010B510487B
:103EC00004F0E8F9FDF7A8FB322000F0F1FFFEF75F
:103ED000D5FC002810D1022000F0EAFFFCF7DCFC42
:103EE000D02380221B0652025A610022054B1A7011
:103EF000054B01321A7010BD044804F0CBF9EAE713
:103F0000B8B60010A80F002020240120E0B6001051
:103F10000D4B10B5186001230C4A13700C4A137036
:103F20000C4A137001F0DAF8002907D0FA220023B6
:103F3000920001F0D7FC084B186010BDFA218900EF
:103F400001F092FCF7E7C046B49900201924012043
:103F5000A80F00201C240120C49F0020F0B5C646F5
:103F600000B58AB08C4602A998460B00124C170087
:103F700024CC24C3227805AD1A702B000F4C45CCFD
:103F800045C3226860461A6022791A710C4B6A4652
:103F9000009300231371082202F06EFB2900102207
:103FA000380002F069FB04226946404602F064FBD7
:103FB0000AB080BCB846F0BDFCB6001008B70010CF
:103FC000303130301D4B70B51C68621C31D01C4A3A
:103FD0001278002A2DD01B4A1278002A29D11A4EB5
:103FE000013A1A6033689C4223D02500174B4035B4
:103FF0001B689D421DD8164B186800280ED0002261
:10400000144B197A002905D019688D4202D95968D4
:104010008C420ED901320C338242F2D1012340216D
:104020005B4220000C4A3360FCF746FE002801D0BA
:10403000346070BDFDF716F9FBE7C046B00F0020F5
:104040001924012020240120B40F0020B49900205D
:1040500074980020B4970020E09F0020014B18784E
:104060007047C04619240120034B1B680B60802356
:104070009B0013807047C046B499002070B5002B98
:1040800001D0002A01D0012070BD154804F002F9CA
:10409000144C2378002BF6D0134D2B78002BF2D143
:1040A000124804F0F7F8FDF7B7FA322000F000FFED
:1040B000FEF7E4FB00280ED1022000F0F9FEFCF729
:1040C000EBFBD02380221B0652025A61002323708F
:1040D00001332B70D7E7064804F0DCF8ECE7C04664
:1040E0001CB70010A80F002020240120B8B6001033
:1040F000E0B6001070B51E00049B0500DC05E40D61
:104100000800144311001A00002C04D100233100D0
:10411000FFF77EFD70BD064804F040F9002324221D
:104120000521280005F044FB01204042F2E7C0468B
:1041300034B7001070B51E00049B0500DC05E40DCB
:104140000800144311001A00002C04D1012331008F
:10415000FFF75EFD70BD064804F020F9002324221D
:104160000521280005F024FB01204042F2E7C0466B
:1041700060B7001010B509780400352901D09129E5
:1041800014D1104B1B78002B01D1002010BD0E4B19
:104190001B78002BF9D1FDF7B3FA0028F5D10023E5
:1041A0000C220321200005F003FB08E0074804F07F
:1041B000F5F8002320220521200005F0F9FA01205E
:1041C0004042E3E7A80F0020202401208CB7001014
:1041D00001207047094A83009A1810B514684022DC
:1041E000544080322240064CC000A44663441A600A
:1041F000044B9C466044416010BDC04604C0014071
:1042000004D0014000400140074B8000C3181B68E8
:10421000C90092000A435A400C231340034A9446B3
:10422000604403607047C04604C0014004D00140B0
:104230000123D0228340120693629361094A8300CE
:104240009A1811684022514080320A400649C00045
:104250008C4663441A60054B9C46052360444360CA
:104260007047C04604C0014004D0014000400140F6
:104270008023DB051868000F7047C0460FB400B5F7
:10428000084883B004F006F8049B002B07D005A96A
:104290001800019103F058FE034803F0FBFF0120D2
:1042A00003F06AFEB0B70010F4B4001070B5EFF37D
:1042B000108C72B60D4D2B68002BFCD0BFF35F8FB6
:1042C0000724CB08C618C05C01230C40A3401C0087
:1042D0000440034207D118433070BFF35F8F2C6056
:1042E0008CF3108870BD1000FFF7C8FF2C0100D0C0
:1042F000F8B54746CE46884680B5EFF3108C72B6C7
:104300001C4D2C68002CFCD0BFF35F8F9A4222D842
:1043100007210126894602E00132934218D34D4617
:1043200037001540AF40D4080119045D2742F3D18E
:1043300010003C430C70BFF35F8F00220D4B1A60DE
:104340008CF3108800280EDBC0BCB946B046F8BD1F
:1043500001204042EFE7BFF35F8F00232B608CF317
:104360001088012040424346002BEDD00898FFF70B
:1043700085FFC0462C0100D0044A1078431CDBB2F4
:10438000172B00D9102313707047C046B80F0020B8
:1043900010B5064B064C82B00100009318221F2373
:1043A0002000FFF7A5FF02B010BDC046C0B7001047
:1043B000809900200021044B044ABFF35F8F02C3A1
:1043C0009342FAD17047C046000100D0800100D06E
:1043D000054B064A1360064A136053609360D3602E
:1043E00013615361936170478080808000E400E036
:1043F00004E400E01F2318401E3B8340002905D041
:10440000C021044A4900535013607047802201497B
:104410008B50FAE700E100E070B50D00EFF3108675
:1044200072B60F4A1368002BFCD0BFF35F8F0D4BA1
:1044300010309B6884001B590B4A934203D09D4265
:1044400001D001F0BFF8074B9B681D51BFF35F8F90
:10445000BFF35F8F0022024B1A6086F3108870BD95
:10446000240100D000ED00E0C1010010F0B5574676
:104470004E46DE464546E0B585B006000091170081
:10448000EFF3108B72B66A4A1368002BFCD0BFF3AF
:104490005F8F0025674B5D579A46002D00DAA9E033
:1044A0006B00654C01935B199B009846A146C14483
:1044B0004B4652469B7910361370604BB6009B6892
:1044C00099590B1B2F2B33D95D4B994200D0ACE08F
:1044D000019B42469C465B4B6544AD0063535A4B7F
:1044E0000232A218043B9B1A1B05584A5B0D651942
:1044F00013436B80564B0121AB80FF23AB71009BB4
:10450000EF71AB604B460B4319004C4B9B689951C4
:10451000BFF35F8FBFF35F8F0022454B1A608BF3B1
:10452000108805B0F0BCBB46B246A946A046F0BD17
:1045300001200A008243D3798C46BB4231D84546DC
:10454000130044491B1B5B415943090D3D4B635309
:104550003D4B02356519043B5B1B1B053B4D5B0D59
:104560002B43AA464D466B800425AC465546E04495
:10457000131F44441B1B1B055B0D1D434B469971C8
:1045800000999D8099604946DF71334B0143136068
:10459000BBE75800C01880002018C179B9422FD954
:1045A00002000623D356002BF3DA02932B4B61460D
:1045B0000393131D9A4604235B429C46E1445046F4
:1045C0004B461B1A1B055B0D9C46204B957198466C
:1045D0006346404603439380019B5A199200039B14
:1045E000A418A380029B1C4AA371009B2260E77160
:1045F000A3608AE700F0E6FF002553465D574FE7CA
:10460000908802934005131D9A46031561469C4607
:104610004046D444634604302018181AE0230005AD
:10462000400D1B0218430390C5E700F0CBFF4FE796
:10463000240100D01D240120BC0F002000ED00E06B
:10464000C101001000A1FFFFEC0F002000E0FFFF00
:1046500001BDFFFFAAAA00000148804701BD00007C
:10466000F0B5DE4657464E464546E0B50C0083B0F1
:10467000EFF3108872B6634A1368002BFCD0BFF3C7
:104680005F8F614B61499A68030010339F00D559D1
:1046900001938D4243D0A54254D05D4EAA1B2F2AD0
:1046A0003DD85C4B9B461B68994601231A009C46EB
:1046B00082404B4613401F22994663460240934076
:1046C0009A4680225B4650469850BFF35F8FEFF3C7
:1046D00005839B46002B37D0019B5B4501D000F042
:1046E00071FF01232A009A439068844208D176E042
:1046F0004B005B189B00F3189868844236D01A0070
:10470000062151560029F3DA844254D04B46002B3F
:1047100027D0C02251463F4B5200995019603A4B66
:104720009B68DD51BFF35F8FBFF35F8F0022354B76
:104730001A6088F3108803B0F0BCBB46B246A946A5
:10474000A046F0BD0D00EAE72A0063469A43906850
:104750008442D5D106201056130000280ADA0D0035
:1047600031E0802351462B4AD150D8E70620185615
:10477000002821DB42001118890074188B46A168BB
:104780009960E179D971062161569971002924DB7C
:10479000A488F11A640524155C44091909051E4C06
:1047A000490D2143998013181C4A9B001178F31876
:1047B00099711070AAE713005946002914D1FF31EE
:1047C00091711749918015490A789A71154A9B1B76
:1047D0005B415A43120D0A7098E71149E2E706203F
:1047E000105613000028C5DA0F4A1049D21A083AA9
:1047F0005002400D014399800D4952080A43DA8066
:1048000084E7C046240100D000ED00E0C1010010A3
:10481000BC0F002000E100E000E0FFFF1D240120AC
:1048200001BDFFFFAAAA0000F60F002000F0FFFF65
:1048300000F8FFFF70B501240443EFF30581EFF3A7
:10484000108C72B6214A1368002BFCD0BFF35F8F27
:104850001F4B05001F4AED1A6D416A43120D1E4D94
:104860008900AE6852B27658A6421CD0062159562D
:1048700091421CD012215956914222D01E215956E4
:10488000914220D02A2159560324914210D0134B33
:1048900019781A708171BFF35F8F00220B4B1A6079
:1048A0008CF3108870BDAB680D4C5C50EFE70024B2
:1048B0006100091989005B18FF21997109499980E4
:1048C000E5E70124F4E70224F2E7C046240100D022
:1048D000BC0F0020AAAA000000ED00E01D2401206A
:1048E000C101001001BDFFFF024B9C4661448900DD
:1048F000016070474000003470B5114C114DAC425E
:104900000FD2FF262368002B0CD0FFF735FD0100E6
:104910002000FFF7E9FFA680BFF35F8F0834AC42A9
:10492000F0D370BDFFF728FD01002000FFF7DCFF8A
:104930002671BFF35F8F0834AC42E3D3F1E7C04682
:10494000781000208010002010B50400FFF714FD3F
:1049500001002000FFF7C8FFFF232371BFF35F8F23
:1049600010BDC04610B504000120FFF711FD034B38
:10497000C3189B002360BFF35F8F10BD400000345D
:104980000A4B1968EFF3108072B60A68002AFCD04F
:10499000BFF35F8F1B68BFF35F8F00221A6080F345
:1049A000108840BF002000217047C046EC1F012046
:1049B000F0B5DE4657464E464546E0B587B0EFF3C4
:1049C0000583032201251A40954091008846A94697
:1049D000B34B03925C58B34B1D60B34B04934B46EF
:1049E000B24843630823E55E002D37DAA3881BB283
:1049F000002B00DBADE0A379002B00D0EEE0082314
:104A0000E05E002820DB430062691B18DB00D3183E
:104A10009E68DD68731C00D111E1A4480100414487
:104A2000826A0B69B71A9B1A9F4215D30123026A47
:104A3000039883401A420FD09C4800F047FB8D42F8
:104A400002DCCCD18642CAD940BF07B0F0BCBB461D
:104A5000B246A946A046F0BD0E61EDE762696B0063
:104A600092465B19DB009A4453469E68DF6800F06B
:104A70002DFB8F42BADC00D103E1002F00DAE8E021
:104A80005246534652691B699346049A934200D199
:104A9000D9E052460821605E52880004594610430E
:104AA0009847009001910099019A0B001000134360
:104AB00000D1CEE013000A00B61A9F41002806DBA1
:104AC0007A4800F003FB009E019F36184F41534681
:104AD0009E60DF6000229A5E002A00DA86E75300BB
:104AE00099186069C900411802938B68C9689B4690
:104AF000B94200DD7AE702D1B34200D976E7082354
:104B00009C46A444059565462281A446029B2C0040
:104B100006E053009918C90041188D68C968AB4672
:104B20009B18DB00C318B94206DC00D1B3E01C00BF
:104B30000023E25E002AECDA230064469C465346DA
:104B40001A806346059D1D80A3881BB2002B00DAE6
:104B500051E72269EFF3108172B61368002BFCD085
:104B6000BFF35F8F0123A7885B42A3803FB2236915
:104B7000BFF35F8F00221A6081F31088002F00DAE4
:104B800039E72300083322009A4666697B00DB1967
:104B9000DB00F318996850468C460824115FDD68E5
:104BA000002910DB029306E0AB4244D00023E15E13
:104BB0002000002906DB4C006418E4003419E36887
:104BC000AB42F1DD029B078000201F5E1980002FA1
:104BD000DCDA1400A379002B00D110E70023A371C5
:104BE00026000823E15E08364B1C00D12CE70800A4
:104BF000A246656902E03E004B1C1AD04B005B18D0
:104C0000DB00EF180A008C46E95E7B881BB2002BA4
:104C1000F1DA01235B42DC17BB60FC60824205D005
:104C2000534631801B893B8053461A8160464B1C9A
:104C3000E4D15446E5E6A3686345B7D9C2E76B1CE7
:104C400000D0EAE6F8E65B4658461B69984700281C
:104C50001BD153461B8822692381EFF3108372B660
:104C600011680029FCD0BFF35F8F514662880A802B
:104C700022696580BFF35F8F0021116083F3108884
:104C8000B4E6864200D8F8E6B0E65B461A685B6890
:104C90000092019307E7B34500D848E74CE7C046C8
:104CA000D09F00203C700540B149001000400540F5
:104CB00070B52E4C2569002D04D00A212C48FFF731
:104CC00013FE70BD2B4E0321300000F0F5F9E660B5
:104CD000FFF752FB284B03229C46D02322701B0671
:104CE0001B6801216370254B6044A3600F23800083
:104CF00020610220638063694942A18019800231EA
:104D0000198647311D83585218315A5275325C3911
:104D10009952183201319952183201319952183290
:104D200001319952083518329D5202311832995288
:104D30001832013199521832013199521832013129
:104D400099521832013199521832013199520C4B53
:104D50000C49DC6001303562FFF75EFB0121032066
:104D6000FFF748FB084B1D60A7E7C0460410002072
:104D7000EC1F01200040054040000034FFFF100000
:104D8000D09F0020B14900103860054070B5010087
:104D90000469EFF3108C72B620680028FCD0BFF3D2
:104DA0005F8F02200D5E4C6968004019C000241816
:104DB0000869002D36DB26884E80BFF35F8F002602
:104DC00006608CF31088E3606388049801332061E7
:104DD0005B0405985B0CA26060611A1C002B1FD05D
:104DE00093B22804628018430A69EFF3108C72B6FC
:104DF0001368002BFCD0BFF35F8F8B8823808D80DE
:104E00000B69BFF35F8F00221A608CF310880B7858
:104E100001329A40CB6808498C4663441A6070BDE1
:104E20000122DDE7BFF35F8F002303608CF310885E
:104E300001204042F3E7C0463C20000010B5438902
:104E40000A1493421ADD53009B184269DB00D31801
:104E50000469EFF3108C72B62268002AFCD0BFF30D
:104E60005F8F5A88090494B2090C8A4208D00369FA
:104E7000BFF35F8F00221A608CF31088002010BDF2
:104E80008022120214435C80012302698371BFF304
:104E90005F8F002111608CF31088044902788C46E2
:104EA0009340C268012062441360E8E73C200000A0
:104EB000F0B5C64600B582B0040000F00FF9FA2242
:104EC00006000F00200000230021920001F0F0FAFC
:104ED0008019794104000D1E02DA01242E4D64422E
:104EE00006267642F71736196F41AF4214D811D013
:104EF00000F0F4F832003B00121A8B41002B15DC55
:104F0000002B46D02000290000F026F902B080BC1A
:104F1000B846F0BDA642EBD90026002700F0DEF827
:104F200032003B00121A8B41002BE9DD00F0D6F86D
:104F300032003B00121A8B41002B0ADB0023019345
:104F4000164B3200009316483B00FFF71FFF01305D
:104F5000D8D000233900B0469C46124A1248536A02
:104F6000994204D8966A4645CCD29942CAD106687D
:104F7000EFF3108772B63368002BFCD0BFF35F8F5E
:104F80000368BFF35F8F66461E6087F3108820BFFB
:104F9000E5E7002AB6D0C9E7FFFFFF7F814900108F
:104FA0000410002000400540EC1F0120F0B55746DA
:104FB0004E46DE464546E0B506000F0085B0EFF3ED
:104FC000058399468B46002B12D0384900204B6A46
:104FD000BB4206D38A6ADB1B591E8B41B242404159
:104FE000184305B0F0BCBB46B246A946A046F0BD8A
:104FF0002F4B9A46DB68984653461B7840460393EE
:1050000000F064F84246039B040004339B009B5865
:105010000D001B1A39003000001BA941894510DC26
:105020000DD020BF214A0020536A5B45D9D3926A34
:10503000DB1B591E8B41B24240411843D1E78342EA
:10504000EFD900F04BF832003B00121A8B41002BD5
:105050001ADB00230193174B3200009350463B00AC
:10506000FFF794FE011E0FDD104B5A6A5A451BD301
:105070009B6AB34216D35046FFF7E0FE0B4A00206E
:10508000536A5B45ADD3D2E7084A0020536A5B45BB
:10509000A7D30020926ADB1BB24240415A1E9341C3
:1050A00018439EE75A45E6D120BFE4E7004005409B
:1050B000041000208149001010B5024A0248FFF791
:1050C000F5F810BDDCB70010849900200300416A98
:1050D0000A00986A596A8A42FAD17047034B596AA2
:1050E0000A00986A596A9142FAD170470040054017
:1050F00070B504000D00174A536A1900966A536A86
:105100008B42FAD13000190024184D41AB4216D819
:1051100013D0104B2A005B6A9D4203D90D494B6A9C
:105120009342FCD3934207D10A4A02E0516A994262
:1051300002D1916AA142F9D370BDA642E9D9054BCB
:105140005B6A1C005A1CEFD0012201246442E5175F
:105150005242E3E700400540064A536A9942FCD8B0
:1051600007D1044B02E05A6A914202D19A6A9042F6
:10517000F9D8704700400540F8B5040006200D003E
:1051800000F078F9002844D0374B3849E3185A1E0C
:1051900093418022120494465B429B0D344A9B0546
:1051A00063441360334A136018000A689043FBD1CC
:1051B0002D4B314AE31859424B4180215B00490095
:1051C0000620995200F056F92900C00000F04CFB6F
:1051D0000130C3091ED1402701226262A362266BFF
:1051E000F30722D4E36A254B0620E51800232B6041
:1051F000266300F03FF93900800000F035FB702392
:10520000E26A5A400E3313402B601D4B2363032385
:10521000A364F8BD1B4A93421ED900231A4A1B4FB0
:105220006262A362266BF307DCD5194B144AE318BC
:105230001A60656AA36A0620AD01ED1800F01AF93C
:10524000144900F011FBAD020100280000F00CFB36
:105250000021FFF74DFFC5E74006800E9F011A00B1
:105260003F180300B9E7C0460080FCBF08C00040FB
:1052700000E0004000F00040F01F01202C10000072
:1052800001030000FEFF0000FFFF0000C0FF3F0021
:10529000303000004E0E0000F8B5DE464E46574650
:1052A0004546E0B58B4605000A991800160000F047
:1052B000DBFA0A9B6C001F02324B64199C46A40067
:1052C0006444636881469F4200D967602B1FDBB24C
:1052D0009846012B30D9C02380229B01E31812018C
:1052E0001A60294BAD0059599A4600291BD1730108
:1052F000E026226853401E40802342465B01E318AB
:105300001E60012A30D9802380229B01E3181201FC
:105310001A6053464A4667605A51F0BCBB46B246D3
:10532000A946A046F8BD586900F09EFA0130430036
:105330001B18033BFDD2DAE75B46012BCBD1C02320
:1053400003229B01E3181A60023AA3681A42FCD0B8
:105350007301E0262268AD0053401E4080230A4AB4
:105360005B019246E3181E605A46216851400322B1
:105370000A401A6001225B469A40A3681A42FCD098
:10538000C1E7C046008000408C990020F0B5464639
:105390004F46D646C0B51F00344B44009C462418E7
:1053A000A4006444636888461600FF2B02D880235B
:1053B0005B006360031FDBB29A46012B30D9C02328
:1053C00080229B01E31812011A60294B850059596C
:1053D000994600291BD17301E026226853401E40E4
:1053E000802352465B01E3181E60012A30D98023D6
:1053F00080229B01E31812011A6080235B00636026
:105400004B465F51E0BCBA46B146A846F0BD58696C
:1054100000F02AFA013043001B18033BFDD2DAE703
:105420004346012BCBD1C02303229B01E3181A6012
:10543000023AA3681A42FCD07301E0262268850074
:1054400053401E4080230A4A5B019146E3181E60C8
:1054500042462168514003220A401A600123424615
:105460009340A2681342FCD0C1E7C04600800040D0
:105470008C990020014B8000C05870478C99002007
:10548000F8B5040021481E0017000D0000F0ECF9EB
:105490000100380000F0E8F9069B36041B031E43A8
:1054A0002368002B20DB1A4B1A49E3185A1E93413C
:1054B0008022920194465B421B0B174A1B036344F4
:1054C0001360164A13601F000A689743FBD1144B00
:1054D0002560E2182123A06013602368002BFCDA0A
:1054E0000823E6601360F8BD3F2322681340AB42F7
:1054F000D9D1A3681B051B0D8342D4D1EE22E368EA
:10550000D2021340B342CED1EDE7C046001BB70034
:105510000040FDBF08C0004000E0004000F0004037
:10552000043000008023024A9B000B43D362704783
:1055300000800540002310B50100988A1B8B984716
:1055400010BDC046162310B50100188802331B8811
:10555000984710BDF8B54746CE4680B50F1E18D007
:1055600014239946043304000025012698464B462F
:105570001888434621681B88984701C4431E9841F8
:1055800001350640AF42F2D13000C0BCB946B0464A
:10559000F8BD0126F8E7C046AA23064A1B0113609E
:1055A0008D235B00D3600449044B19605368002BC2
:1055B000FCDA70470040024000B0FA000060024090
:1055C0007047C04610B50148FEF758FE00B80010FD
:1055D00070B5074D074EB54209D20024013E761B37
:1055E000B60808CD984723000134B342F9D170BD05
:1055F000F0A600102CA70010054B064A06491A60B9
:10560000064A074B1A6010000B689843FBD170479D
:1056100000E00040BFCDFBFE08C00040FE7F3C0024
:1056200000F00040044BDB6C002B03D18022034BC5
:10563000D2021A607047C046000011504C20115031
:10564000044A054B1A60054A1368DB018033FBD11D
:105650007047C046FFFFFF0100F0004008C0004057
:105660004022034B9A675A671A67DA667047C0464A
:1056700000F0014010B5FEF79DFE10BDF8B52749BA
:10568000274C284D641AA6103200302E00D9302243
:105690002800920000F0F0FFBC2C3BD830202F23D4
:1056A0002C196407204A801BE40F9B1B052B16D97D
:1056B0003700002C02D0B300771CEA50001B3319CE
:1056C0009B004108EB18C900C9181A605A600833DA
:1056D0009942FAD1012303421CD09843C619B30062
:1056E000EA50731C2F2E15D09B00EA50B31C2E2EAF
:1056F00010D09B00EA50F31C2D2E0BD09B00EA50DB
:10570000331D2C2E06D09B00EA50731D2B2E01D08A
:105710009B00EA50054B9D60F8BDC046000100109B
:10572000C001001000000020C101001000ED00E0E9
:10573000002310B5294C82B0A367FFF72DFF01228B
:10574000274B1A60636C012BFCD10322254B1A6096
:10575000224A936B012BFCD1013300930121224A91
:1057600022480433FFF78CFE052301210093204AD1
:105770002048FFF785FE0022022104201E4BFFF780
:1057800005FE0022012105201C4BFFF7FFFD002232
:10579000002107201A4BFFF7F9FD00220021082005
:1057A000174BFFF7F3FD8023DB000093002200215D
:1057B0000920134BFFF770FD0022104B002106203B
:1057C000FFF7E4FD0420FFF755FE0E4900F04CF80A
:1057D00001000020FFF7A6FE02B010BD00800040CF
:1057E0003CB0004030B00040002F685900800240BB
:1057F000008C864700C00240001BB7004059730769
:10580000006CDC0240420F0001480421014B1847A4
:105810002010002055550010124A936F9B0815D296
:105820009066D166002905D0FFE7FFE7FFE7516FDB
:10583000106F704704B580210906C2175140002837
:1058400000D0C84304F01CFF002104BDF0B5146E65
:10585000556E576F166FFFF7E3FF1466556657676F
:105860001667F0BD000000D0114A936F9B0813D259
:1058700010665166002905D0FFE7FFE7FFE7516F8B
:10588000106F704704B5002801D00020C04304F019
:10589000F7FE002104BDC046F0B5146E556E576F7B
:1058A000166FFFF7E5FF1466556657671667F0BD7C
:1058B000000000D094464A4A926F9208624601D294
:1058C00028E0C046F0B5464E346E756E776F366F81
:1058D00000F020F89446424A1466556657671667EA
:1058E0006246F0BD94463E4A926F9208624601D2EB
:1058F00054E0C046F0B53A4E346E756E776F366F31
:1059000000F04CF89446364A146655665767166799
:105910006246F0BD002B24DB11D000293EDA00B531
:10592000C943404200D1013100F038F8C943404238
:1059300000D10131DB43524200D1013300BD002AC6
:10594000EBD1002801D1002905D00020C90FC907DB
:1059500001D1C043410800B504F082FE00220023BB
:1059600000BD00B500290ADBDB43524200D1013300
:1059700000F014F8C943404200D1013100BDC943D1
:10598000404200D10131DB43524200D1013300F0EB
:1059900005F8DB43524200D1013300BD002923D179
:1059A000002B18D1002A0CD0BC460D4F38667A6601
:1059B00000210023FFE7FFE7FFE77A6F386F6746B4
:1059C0007047002801D00748010000B504F048FEE8
:1059D0000022002300BD02000B00002000217047C0
:1059E000000000D0FFFFFFFF002B00D0BFE0130C32
:1059F00028D1002AE7D080B4114F39667A66FFE7D4
:105A0000FFE730B4040C7B6F396F1B0423433B6604
:105A10007A66FFE7FFE7FFE7C04684B27B6F3D6F22
:105A20001B0423433B667A66FFE7FFE7C04600237B
:105A30002C042D0C7A6F386F00196941B0BC704787
:105A4000000000D0F0B594460025140E01D11202DA
:105A50000835140F01D112010435940F01D19200C1
:105A60000235D40F01D152000135D40B0134254F3A
:105A70007C66254C3C660E0C93B2FFE7FFE7FFE720
:105A80003C6F6643360C7703BE467343DF0B5B0403
:105A9000C01AB941130C7343DB18C91ACE08664308
:105AA000360CB64493B273431F0F1B01C01AB941A1
:105AB000130C73431F0B1B05C01AB941860D8F02CF
:105AC0003E436643360C092D24DB520A7243801A8A
:105AD0007703460A6643360C16235B1BDE40DF4025
:105AE000BF1964466643821B7046043506330100C5
:105AF000D940A840C01900D30131A24206D20023E8
:105B0000F0BD0000000000D0FFFFFFFF121B0130BE
:105B1000F3D3F1E709277F1BFE406446A2B272432C
:105B2000801A00D20139220C7243130C1204821A1B
:105B300099410B007046043513370100F940A84025
:105B4000801900D30131002B02D1A2420AD2F0BD4C
:105B5000013000D30131121BFAD2013BF8D1A2422D
:105B600000D2F0BD013000D30131121BF7E7F0B5D0
:105B70001C0C00D080E00CB400251C0A04D11B02D0
:105B8000160E3343120208351C0B04D11B01160FED
:105B90003343120104359C0B04D19B00960F334311
:105BA00092000235DC0B02D192185B4101351C00DA
:105BB000971864410134464F7C66464C3C660E0C97
:105BC000FFE7FFE7FFE7C0463C6F6643360C77030D
:105BD000BE4697B27743C01B00D20139C01B00D22A
:105BE00001399FB27743C91BC91B170C77437E0449
:105BF000FF0B801BB941CE086643360C0C2D33DBFE
:105C0000B644120B1F053A431B0B97B27743C01BD8
:105C100000D201399FB27743C91B170C77433E046A
:105C20003F0C801BB941860D8F023E4366432927F6
:105C30007F1BFE400C3D7746AF40BF1930BCA2B27F
:105C4000ABB272437343801A9941220C7243130C16
:105C50001204801A994102000B000137001BA94170
:105C6000F9D2781E0021F0BD0C277F1BFE4077463D
:105C70007F0BAF40FF19E0E700245D1C07D0144FF5
:105C80007D663966FFE7FFE7FFE7FFE73C6F95B208
:105C90009EB265436643401BB141150C1E0C654323
:105CA000664336042F0C3E432D04401BB1419942FC
:105CB00004D202000B0020000021F0BD01D190426F
:105CC000F7D3801A994101349942F2D3F6E70000E4
:105CD000000000D0FFFFFFFF48404140484018B49B
:105CE0001B4B5B68FC46019308BD04DF835F00101B
:105CF00018B4174B1B68FC46019308BD00DF8D5F8D
:105D000000109446134A926F920809D2624618B462
:105D10000F4BDB68FC46019308BD0CDF45620010A9
:105D20000C4AF0B5146E556E576F166F6246FFF74A
:105D3000EEFF084A1466556657671667F0BD18B43B
:105D4000034B9B68FC46019308BD08DFE960001027
:105D500000120020000000D0FFB5504042405040EB
:105D600059404B40594000E0FFB5154F4C00640DC1
:105D700003D0BC4204D10C0314D80020090D09053E
:105D80005C00640D03D0BC4204D11C030AD800227D
:105D90001B0D1B0501264B4009D44B4003D58B42FC
:105DA00000D18242FFBD9942FCD19042FFBD0B431E
:105DB000DB1803431343F5D0C9434918FFBD000066
:105DC000FF07000000B5FFF7CFFF804100BDC046D0
:105DD00000B5FFF7C9FF01D9002000BD012000BDBB
:105DE00000B5FFF7B9FF01D9002000BD012000BDBB
:105DF00000B5FFF7B1FF804100BD012040054A001A
:105E0000121804D85A00121801D800207047012037
:105E1000704700000021002805D17047C117484095
:105E2000401AFAD0C90713B5064B1B6898470CBC3B
:105E3000441CA2401005120B0349091B0905194314
:105E4000114310BDE81F01201F04000010B54C00D5
:105E5000620D8023D218DB00D21A5B057E2A10DD8A
:105E60009E3A13DACC170903490819435242D1402C
:105E7000640001341532202A05DAD040084360431B
:105E800010BD002010BD0846604310BDC80FC018EB
:105E9000013810BD18B4044B5B6AFC46019308BD81
:105EA00024DFF5630010000000120020132370B5FA
:105EB0001D78012D19D014DD1F48FFF743FB0600A4
:105EC0001E48FFF73FFB1E4C80223100200000F0EF
:105ED000D3FB022D2DD01B48FFF72CFB1A4B18606B
:105EE00070BD1A4B164CA364F5E7184B144C236095
:105EF0006360A360E36023616361A361E361236284
:105F00006362A362E36223636363A363E363236463
:105F10006364A364E36423656365A365E365236643
:105F20006366A366E36623676367A367E367A364A7
:105F3000D1E7064BA364CEE753440000534600006C
:105F4000001200204C330000E81F0120515F0010B8
:105F500007B5604601880A0A0230DF2AFAD1C9B2C1
:105F6000820804D3028840880004104300E00068DF
:105F7000014A5050039007BD001200200FB403BC2B
:105F80000CBCF0B50124E407634000E0F0B50C0D53
:105F9000CF0F661E3605891B640503D3C9434042F3
:105FA00000D30131640D03D0661CF60A07D0E41B50
:105FB00000207F00791C89078912803C24031D0D75
:105FC000DF0F6E1E36059B1B6D0503D3DB4352426C
:105FD00000D301336D0D03D06E1CF60A07D0ED1B04
:105FE00000227F007B1C9B079B12803D2D032F1BF3
:105FF000661B58D4A446202E46DA20371400BC4035
:106000001D00BD40F24033412A4380185941CB0F57
:1060100005D0C943C0430022644250415141624609
:106020004D0D28D10D0D07D100281FD02419404156
:106030004941013A0D0DF9D0640006D3013000D377
:106040000131002C01D140084000013A0BD4941CCE
:10605000E40A04D112051144DB071944F0BDD90745
:10606000204B194300E0D9070020F0BD0029DDD105
:10607000002CDBD1F0BD0132C6074008CD07284314
:106080004908002EE1D0D9E73C2E29DA203E4037DE
:106090001400BC4000D00124F24014431A00BB405D
:1060A0001C43D317ACE7AC46202F08DA2036040097
:1060B000B4400D00B540F84039412843A5E73C2FD6
:1060C0000CDA203F40360400B44000D00124F840F0
:1060D00004430800B1400C43C117EAE7100019005F
:1060E000002494E70000F07FF0B50C0D661E360525
:1060F000891BE60A6405640D02D0651CED0A04D014
:10610000002001210905803C2403A4461C0D671EC4
:106110003F05DB1BE70A6405640D02D0651CED0A30
:1061200004D0002201231B05803C240377406444F3
:1061300097B484B296B27443070C7E43150C6F4338
:1061400080B26843361802D3012000043F1830049F
:10615000350C00197D41844688B29AB250430C0C2C
:1061600062431F0C7C438EB27E43921902D30126F8
:106170003604A4191604170C3618674101BC81B205
:106180009AB25143040C62431B0C5C4380B25843E7
:10619000121802D30120000424181004130C401814
:1061A00063412D185E410020474106BC88B293B27E
:1061B00058430C0C6343120C544389B251435B188F
:1061C00002D301210904641819041A0C0918624148
:1061D0006D1856410020474118BCF902720D114359
:1061E000F0026A0D1043ED020A0D03D16D19404112
:1061F0004941013B124E9B1B7600B3420ED26D000B
:1062000007D30130002671416646354301D140086D
:1062100040001B05C918E4072144F0BD0BDA013327
:1062200006D1013004D101314F0D01D04908F2E708
:10623000E1070020F0BD013631050020EBE700004A
:10624000FF030000F0B51C0D671E3F05DB1BE70ACE
:106250006405640D02D0661CF60A04D000220123F6
:106260001B05803C2403D0252D060026F6432E6610
:106270001E096E66CE0FF619B44649004F0D02D0C6
:106280007E1CF60A03D000200021403F3F033E1B46
:10629000B600B444013F7F05C91B49082E6F013683
:1062A00076089C02950D25437543ED137543AD1398
:1062B00001356D10F603761B0CB4CC02450D2C4352
:1062C000A2B2B3B25A43270C7B43350C6F43A4B23E
:1062D0006C431B1902D3012424043F191C041D0C18
:1062E000A4187D4124196D41009A91B2ACB261436A
:1062F000170C7C432B0C5F4392B25A43A41802D371
:1063000001221204BF182204230C52187B41019C65
:106310006C431B19520ED9010A434401A01A81B2E1
:10632000B2B2514303145A43360C734387B27743D6
:10633000D617D21900277E4136049B191704160C74
:106340007F185E417316ED18F30100268033754106
:10635000A90F06D16400690AE8055B0A184309D24F
:106360002FE00422944480337541A90AA8059B0AB2
:10637000184326D3404149412404009A019B0D0053
:106380005543641B4343E41A95B286B27543170C18
:106390007E43030C5F4392B25A43B61802D30122E4
:1063A0001204BF183204330C52197B4152429C41F3
:1063B000002C02D40022013051414008CA0710438A
:1063C000490802B06246D7079210084BD218084B12
:1063D0009A4203D212058918C919F0BD0020002A7B
:1063E00001DC3900F0BD01331905F5E7FD030000BC
:1063F000FE070000002200B5203200F004F808007B
:1064000000BD000000220B150AD410B5944600F020
:1064100031F81414013400DA0021CB17144C204752
:106420000020002170476244343A0CD40C2A07DA69
:1064300004009140904052422032D440214310BD8C
:10644000D843D94310BD203207D40C469440524261
:1064500020321141D040204310BD0800C91720321E
:1064600003D452422032104110BD1800190010BD53
:10647000276400100A0DCC0F531E1B05C91A5205C4
:1064800003D3C943404200D30131520D03D0531C02
:10649000DB0A07D0121B00206400611C89078912E7
:1064A000803A1203014BD21A70470000FF0300002C
:1064B00051434343C9188C46110C83B24B4310B46B
:1064C000040C614392B280B2504362431C041B0C23
:1064D000001910BC59411304120CC01851416144F9
:1064E000704700004840414048400E4B5B681847E9
:1064F0000C4B1B6818470C4A936F9B0802D2094B40
:10650000DB681847F0B5146E556E576F166FFFF7BE
:10651000F6FF054A1466556657671667F0BD014BCE
:106520009B68184700130020000000D0491A00287B
:1065300008D1084670470000C10FC90700D5404286
:10654000002817D0F44603B40B4B1B68984706BCD1
:1065500081409E384042803107D20B0607D0490067
:10656000490AC0051043084360470130F8E7490A6B
:106570008902F5E770470000E81F0120014B5B6AC4
:106580001847000000130020034BDB6FFC46184740
:106590007CDF2D660010000000130020132310B5CF
:1065A00012481C78FEF7CEFF0100012C0AD003DD53
:1065B00080220F4800F060F80E48FEF7BBFF0E4B3C
:1065C000186010BD0A4C5422200000F055F80B4B07
:1065D0006365A365E36523666366A366E366236775
:1065E0006367A367E3672362E361E5E7534600005F
:1065F000001300204C330000E81F0120016600104A
:1066000007B5604601880A0A0230DF2AFAD1C9B20A
:10661000820804D3028840880004104300E0006828
:10662000014A5050039007BD00130020C30FDB0741
:1066300041000A0E07D0FF2A08D00909054A891827
:106640001943400770471900002070470249C918D4
:10665000FAE70000000000380000F07F0148042144
:10666000014B18473010002055550010014B1B6896
:106670001847000030100020014B5B6818470000ED
:10668000301000207047C046F8B55746DE464E46EB
:106690004546E0B599460A9B07009A460D9B8846F9
:1066A00093460B9C9B073BD10C9B9C423DD21E1BEF
:1066B0000B9415000C005E442A004B460135210066
:1066C0002020B847B542F7D1A0460B9C002C20D023
:1066D000454636195346321B013C185D29004B468E
:1066E000B847002CF6D12B00350098460D9B9B0730
:1066F0000FD55B46EC1A0C9BA3420AD94646984636
:106700002A004B46310020200134B847013544456A
:10671000F6D32800F0BCBB46B246A946A046F8BD59
:1067200016001500002CD3D1E0E716001500002C50
:10673000CED1EEE7F0B54546DE4657464E46E0B5CB
:1067400085B09C4610AB1B78149F934698460F9CCF
:10675000129E139DBB074CD4002D42D1B44248D2A7
:1067600001233B4099460E9B013B9A46302304E0AF
:10677000524601341355A64201D9202CF8D14B467C
:10678000002B00D183E00E9B013B99463023A542AC
:1067900005D82EE04A4601341355AC4229D0202CAE
:1067A000F8D1FB060CD57B0554D4A64263D0A54294
:1067B00061D0119B102B50D0022B57D0202C32D1FE
:1067C000202301930E9B5A4600930397634602953C
:1067D000FFF75AFF05B0F0BCBB46B246A946A0463B
:1067E000F0BD01233B40994601233B422AD1B442EC
:1067F000B9D3FB061CD57B05DBD4002CD5D1119B6E
:10680000102B5BD0119B022B6BD0302301240E9AEE
:1068100013704346002B10D17B073ED52B260E9AD2
:10682000631C1655CDE72300013430260E9AD6544A
:10683000202CC5D04346002BEED02D260E9A631C8B
:106840001655BEE74346002B2FD0013DB44200D27F
:1068500089E798E7119B102BB2D1BB0637D5202CC6
:10686000AED058230E9A13550134A7E7202CA7D099
:106870002300013407E0631E012CC0D0119A102AB6
:1068800031D0022AD1D162260E9AD65496E7FB0661
:10689000CED57B0500D488E78BE723003E0790D553
:1068A00020260E9A013316558BE70C233B405A1EC7
:1068B0009341ED1AB44200D255E764E7BB060ED40B
:1068C00078230E9A0224137030235370A1E7202CF2
:1068D00000D175E778230E9A135501346EE75823DB
:1068E000EFE76033EDE70E9AA61E91464E44BA06D6
:1068F00002D55822327098E77822327095E7C04668
:1069000010B5002800D110BD01F07AFCFBE7C046AD
:106910000B0010B5002802D049681B68984710BDCD
:10692000F0B55746DE464E464546E0B595B083463F
:106930000F00924698461E9A1F9B10001900209E39
:10694000FFF75BFA002800D0EAE11E981F990122A8
:10695000C54B5242FFF736FA002800D014E11E98CA
:106960001F990122C14B5242FFF742FA002800D082
:10697000E9E01E981F990022BD4BFFF739FA002865
:1069800000D0C8E01E981F990022BA4BFFF71AFAF0
:10699000002800D0BFE01E981F9900220023FFF7B7
:1069A00011FA002800D0E4E000230B93229B5B0542
:1069B00000D406260024302307E0172106AA01345C
:1069C00052181355013E202C01D0092EF5D81E98DF
:1069D0001F99FFF73BFAA84BF2009B181A685B68F7
:1069E000050008920993FFF719FA02000B001E98A0
:1069F0001F99FFF774F9089A099BFFF7A0F9069011
:106A00000791FFF747FA8146FFF704FA02000B00EF
:106A100006980799FFF763F90022984B06900791B3
:106A2000FFF7E6F9002800D10DE101239C46E1447F
:106A30004846FFF7EFF902000B0008980999FFF7A5
:106A4000C7F9002802D0002399460135002E00D155
:106A5000D9E006954D46B94614E006AA9446172398
:106A60000A216344280001341F19FEF7FDFE30316E
:106A7000397028000A21013EFEF7F6FE092D00D8E4
:106A800017E10500202CE8D14F46069D20240CAECE
:106A900006AA17239446634499465B46B346069379
:106AA0000FE04B4628000A210134E618FEF7B4FE39
:106AB0003031280031700A21FEF7AEFE051E00D1EC
:106AC000E4E0202CEDD1069B5E469B460323229AF0
:106AD0001340012B18D1219B002B15D00B9B002BB1
:106AE00000D1FDE0219B013B2193202B0CD93023C9
:106AF000219A07E0172006A9013409180B55944282
:106B000000D3CCE0202CF5D1229B01940393219B50
:106B10000096029322E0229B52460493219B390067
:106B2000039358461E9B1F9C029600930194434674
:106B300000F04AF90400200015B0F0BCBB46B24694
:106B4000A946A046F0BD229B5B070FD403224C4B05
:106B50002299019203912199009302914346524652
:106B600039005846FFF790FD0400E4E70422454B46
:106B7000EEE71E9A1F9B00200021FFF7B0F80123CB
:106B80001E901F910B9311E7229B54469B0711D136
:106B9000219B042B0ED9219B55469C465E46043C06
:106BA00064442A004346013539002020B047A542FD
:106BB000F7D1B346344D26002B1F99465B46A346BA
:106BC0001C003200E87843463900013DA0470136F9
:106BD0004D45F6D123005C469B46229B04349B071F
:106BE000A9D55346219AE31A9A42A4D95E461500C4
:106BF0002200434639002020B04753460134E31AAF
:106C00009D42F5D897E72800FFF708F902000B002E
:106C10001E981F99FFF763F80022184B0690079102
:106C2000FFF7D0F80CAE002800D031E7069807999E
:106C30000022124BFFF7DCF8002800D028E70123E0
:106C400001359D4324E70022069807990B4BFFF777
:106C5000B9F8002800D0F9E64B46002B5CD101239F
:106C60009C46E144F2E6C046FFFFEFFFFFFFEF7FE7
:106C700065CDCD4165CDCDC100BE00100000E03F27
:106C800058B8001050B8001060B80010069B5E465F
:106C90009B460323229A1340012B00D181E0202C34
:106CA00000D131E70B9B002B27D02D233355013426
:106CB0002AE74F46069D202C00D1E7E63022331903
:106CC00007E0172006A9013409180A55202C00D125
:106CD000DCE6A342F5D12E220CAE0134F254D7E605
:106CE0000C23229A134257D0219B013B2193A342AC
:106CF00000D9FCE6202C00D106E7229B5B0703D5D8
:106D00002B2333550134FFE6229B1B0700D4FBE6FF
:106D1000202333550134F7E6DB0700D496E69EE7DF
:106D2000229B55469B0711D1219B032B0ED9219BFA
:106D300054469C465E46033D65442200434601346A
:106D400039002020B047AC42F7D1B346B9465F4680
:106D50001C4EEC1C2A00B078434649460135B84722
:106D6000013EAC42F6D1229BBB464F469B0700D466
:106D7000E1E65346219AE31A9A4200D8DBE65E46E2
:106D800015002200434639002020B0475346013405
:106D9000E31AAB42F5D3CEE6219BA34200D9A6E687
:106DA000B2E6219B002B00D179E70B9B002B97D0FB
:106DB000219B013B21939C4200D298E6202C00D0DD
:106DC00073E7A1E65CB80010F0B5DE4657464E46C4
:106DD0004546E0B599B081468B4692469846229A40
:106DE000239B10001900FFF708F8002800D0CAE024
:106DF000229823990122824B5242FEF7F9FF002884
:106E000000D0C0E02298239901227E4B5242FEF727
:106E1000D9FF002800D0B6E0229823990022002351
:106E2000FEF7D0FF002800D0C9E1229B239C0893E5
:106E30000994089809998023269ADB001A400D923C
:106E40008022269C1201144022000B94269C0700ED
:106E50000E001C4200D0ADE00B00034300D0D5E093
:106E6000002A00D00AE222000633249302231340B2
:106E70000C930223134200D002E2259B042B00D284
:106E80000FE2043B0B93002304250A93002222986F
:106E900023990023FEF796FF002800D003E25A4B07
:106EA000269A134004930B9B0393249B0293089B05
:106EB000099C009301945946434652464846FFF7C1
:106EC0002FFD02002020269B1F27034059424B41E3
:106ED0005B421840531C0893594643464530C84707
:106EE0000A9AD317D4185C40D30F0A936B1E0B93E6
:106EF00008AB9C460025674401E0202D0FD0200000
:106F00000A21FEF7B1FC01357E19303131702000C5
:106F10000A21FEF7A9FC26000400092EEDD805235E
:106F200006930B9B59460593002304930A3303935E
:106F30000A9B4846029310AB0093089A434601957A
:106F4000FFF7F8FB0C9B002B2DD05346C41A259B52
:106F5000A34228D94D465F4681461E00534639005C
:106F60001A19202043460134A847A642F6D85346B2
:106F700048462599C21A01320023914200D386E186
:106F8000013018180FE0269B0493259B0393249B44
:106F90000293229B239C00930194434652465946F8
:106FA0004846FFF7BDFC19B0F0BCBB46B246A94647
:106FB000A046F0BD01432BD10B9B2200002B00D13A
:106FC00054E700230A93249B0A9A0024934200DD8D
:106FD00085E12298239900220023FEF7F3FE002882
:106FE00000D035E1269B084A02941A408023DB003A
:106FF00013430493259B0393089B099CCBE7C0464E
:10700000FFFFEF7FFFFFEFFFFFF7FFFF0623249354
:10701000B44B70009C46400D6044FEF7FFFEB24A40
:10702000B24BFEF78CFEB24AB24BFEF761FE36035E
:10703000B14B360B334304000D0038001900002219
:10704000AE4BFEF74CFEAE4AAE4BFEF778FE0200AA
:107050000B0020002900FEF74BFEFEF7F7FE0A901A
:10706000FEF7DCFEA84AA94B04000D00FEF767FE00
:107070000022A74BFEF73CFEFEF7E8FEA54A0600FD
:10708000A54B20002900FEF75AFE040030000D0039
:107090000C96FEF7C3FEA14AA14BFEF750FE02007C
:1070A0000B0020002900FEF71AFE02000B0006006C
:1070B0000F00FEF744FE320004000D003B003000DC
:1070C0003900FEF715FE00220E900F91954B20001F
:1070D0002900FEF716FE0022934BFEF709FE020080
:1070E0000B0020002900FEF70CFE00228F4BFEF75C
:1070F000FFFD02000B0020002900FEF702FE0D003C
:107100008021040032003B000020C905FEF7E7FDA6
:1071100002000B0020002900FEF7EAFD02000B0030
:107120000E980F99FEF7EDFD0022734BFEF7E0FD80
:107130007F4B0C9C9C46644400222305FEF7FFFD18
:1071400006000F0002000B0008980999FEF73AFEAE
:1071500000280AD00A9B3000013B39000A93002224
:10716000714BFEF7CEFD06000F000A9A3300633222
:107170003900C62A12D802222698042510400B9AFC
:107180000C90002A25D1259B042B05D9002800D07E
:10719000A1E0259B043B0B93042541E002222698A5
:1071A00010400B9A0C90002A12D1259B052B76D902
:1071B000002872D1259B0525053B0B9334E08022E6
:1071C00012069446229B0893239B6344099330E65E
:1071D00005250B4300D1F6E608980999554A564B08
:1071E000FEF7FEFD002808D0089809990022534BAD
:1071F000FEF7E8FD002800D0E5E6249B002B1CD01C
:107200000D9B002B19D0249B013B2493259BAB4263
:1072100004D90C9B002B5AD002230C9300230B9310
:107220000A9B002B00D131E60898099932003B00F7
:10723000FEF767FD0890099128E6259BAB42EDD942
:107240000C9B002B43D000230B9302330C93E7E7F6
:107250008020269B3A4A00061A40802384460294E6
:10726000089C099D2900DB0013430493259B61447E
:10727000220003930B00009201938EE60524A8E6FA
:1072800000230B930A93023304250C93FEE5534627
:107290008C46013B63441B1A72E602230C930525BE
:1072A000C2E70423EDE58020089E099F000639000F
:1072B0008446269A224B6144134004930B9B320070
:1072C0000393249B02930B0000920193F3E5259B0B
:1072D0005B1B0B93A4E7022304250C93A0E79C1AE5
:1072E000013C76E601FCFFFFFB799F501344D33F3E
:1072F000B3C8608B288AC63F0000F03F0000F83F0B
:1073000061436F63A787D23F71A379094F930A4006
:107310000000E03F1655B5BBB16B0240EF39FAFEF5
:10732000422EE63F00002C400000244000001840A0
:10733000FF0300002D431CEBE2361A3F80842E41F0
:10734000FFF7FFFFF0B5DE4657464E464546E0B52F
:10735000A5B01E002E9B92460C93CD4ACD4B804685
:107360008B461A60002900D1EAE100233078994663
:10737000002800D1ECE1C84B4C460B93C74B454667
:1073800057460E930AE0631C984622003B0059467C
:10739000A84744463078002800D187E001362528E8
:1073A000F1D108239A46043B9946023B9846013B9B
:1073B00000229C460D943078711C0300203BDBB208
:1073C000102B03D80B9C9B00E3589F460300303BD7
:1073D00089460D9C092B3AD9002398462A2800D1CA
:1073E000C1E000239A462E284BD00300683BDBB255
:1073F000122B1ED80E999B00CB589F4663460E0059
:107400001A43D8E743460E001A43D4E74B460E0012
:107410001A43D0E710230E001A43CCE753460E0060
:107420001A43C8E780235B001A43FF3B9C467078F1
:10743000E1444E4667284FD82428A4D90300253BB1
:10744000DBB2422B9FD896499B00CB589F46002326
:1074500094461E0000E00131B3009B195B001E182A
:107460000878303E0300303B092BF4D901236246F3
:1074700089469C460023B0469A460E00E1442E28D9
:10748000B3D13021802049428C46C000024370783D
:107490004B4684446146092900D86CE12A2800D172
:1074A0007AE101239C464E46E1449EE7A146A84668
:1074B000BA46CA4503D801235B4253449946534612
:1074C0004A4659460020C047200025B0F0BCBB46C4
:1074D000B246A946A046F0BD0300693BDBB20D935E
:1074E0000F2B00D94FE7012199408C466D49894601
:1074F00061464B4619400F91634649460B4200D006
:1075000028E10D9B0A2B3AD0072B00D03BE70C9BC0
:10751000190008C98846002B00D14BE12120024305
:10752000914614A98C461F220F2162448C46514675
:107530000D950C91A24615000F9902E020290CD060
:10754000130064461C4020003730092C00D807384F
:10755000013168541A090F2BF0D80C9B54460D9D2D
:107560009A460F9133E10C9B02CB8846002947DBFA
:107570000C9301239C4670784E46E14431E70C9B06
:1075800002CB14935346002B00D138E19C46087877
:107590000B000C908C44002801D100F098FC894627
:1075A0006146944603E05A780133002A01D08B42A9
:1075B000F9D1494662465B1A0C900F93530500D5EA
:1075C00020E10223180010400D90134200D1CBE3BC
:1075D0000D930B1BB1469A465E460C9822003B0069
:1075E0003100A84753460134185D0028F6D1B34650
:1075F0004E460D9B002B00D0C7E1149B0C93C9E6AF
:107600000C9301239C4628384942024388467078EF
:107610004E46E144E5E670786C2800D17FE1802396
:107620005B001A43FF3B9C46E14402E780239B003A
:107630001A4301239C467078E144FAE67078682882
:1076400000D173E180231A437F3B9C46E144F0E67E
:10765000672800D103E1472800D15AE1452800D12D
:107660005AE10492072142460C9B0392073352468B
:107670008B43190002920CC92800009201930C91CF
:1076800022003B005946FFF79FFB040082E6C046FC
:1076900045730010C89F002064BC0010A8BC0010F7
:1076A000F4BC001041900000462800D1DBE00492B9
:1076B000072142460C9B0392073352468B43190025
:1076C00002920CC92800009201930C9122003B0009
:1076D0005946FFF725F904005CE6631C9846220032
:1076E0003B0059462520A847444653E60C9B0433EB
:1076F0000D93631C9946920700D422E10C9B220053
:10770000187859463B00A84743464444012B00D80B
:1077100085E23300B8462E005F4625004C46994668
:1077200022004346013439002020B047AC42F7D153
:107730002C00BB46350047464E460D9B0C9329E670
:10774000DB4B3078984600239946002800D012E69B
:107750000024AEE66F2800D188E000D80BE31023A8
:10776000782800D1CFE09A430A239C4600230F9348
:107770000A330D9380E05646B10089194900013360
:107780000E181878303E010030390929F4D9B24674
:107790001E000133994628E60C9B023602CB8A462E
:1077A000C9435046C917084082460C933078731C71
:1077B00099461AE610231000984311331843814666
:1077C00080201300C0000340024200D1A9E64B46CE
:1077D0000693082305935346049310230393002331
:1077E00002930F9B220001931CAB009359463B0070
:1077F0002800FEF79FFF434604000C93CAE50123CF
:107800005B42C3E60F9B534501D953460F930223B6
:10781000180010400D90134200D1B7E10D93D146EE
:107820000B1B9A463300A1442E0022004D460C98B3
:10783000B9465F469B4608E04B463900541CB047AA
:107840005346185D002877D022009542F4D15B465C
:10785000BB464F46A94635004C461E00C9E680236C
:107860001B011A43FDE620231A4320E708239C4608
:1078700000230F9308330D9380231100DB00194080
:107880001A4200D116E10D239A4310008023020012
:107890009B001A401492184200D0C2E180230200DB
:1078A0005B001A4091460C9A04320F92184200D0A5
:1078B000B7E2430600D59FE1030600D419E30C9B11
:1078C0001B880993002B00D0FCE11033984300295A
:1078D00000D1F7E1002399464346059353460493AC
:1078E0000D9B069003930023D2E0582808D062280D
:1078F00067D102239C4600230F9302330D93BBE70D
:1079000020231A43103B9C4600230F9310330D9302
:10791000B2E780231B011A4320231A43A1E6C023A8
:107920009B001A43F31C9946B07882E5C0231A43A2
:10793000F31C9946B0787CE535005E46BB464F4661
:1079400057E64346012B00D863E1631E43449A4641
:107950003300B9462E005F4655469B46A24622009C
:107960004B46013439002020B047AC42F7D13500F6
:107970005E46BB464F46A14654460C9B4A46187885
:1079800059463B004444A847D7E6A1460F9B98457B
:1079900000D832E64444E41A3300B8462E005F466D
:1079A00025004C46994622004346013439002020E8
:1079B000B047AC42F7D12C00BB46350047464E4697
:1079C0001BE680231000DB0018401A4200D10FE1B3
:1079D000112118008A430D920D9A802311009B00FB
:1079E00019408C461A4269D1802311005B0019406E
:1079F00089460C9904310F911A4200D0CAE1130054
:107A00005B0600D5F0E013001B0600D459E20C9B86
:107A100000229B5ED9175A184A4092B2D90F0C9196
:107A2000002B00D1F9E1100014AA944642461F230E
:107A3000149252466344A84616944D460400B94633
:107A4000B2461F00159201E0202D0FD020000A2120
:107A5000FDF70AFF01357E193031317020000A210F
:107A6000FDF702FF26000400092EEDD8149B4F46B7
:107A7000A94645469846159B56469A46169C0D9B28
:107A8000069343460593534604930A2303930C9BA2
:107A900002934B4601931CAB2200009359463B00D6
:107AA0002800FEF747FE0F9B04000C9372E4C046CB
:107AB000856600100C239A431000E7E607220C9B12
:107AC00007339343013294469C4462460C920CCB9C
:107AD000D90F0F911100194300D191E0D9171391DB
:107AE0001291514010911399594011911098119988
:107AF000129A139B801A99411090119114AA002395
:107B0000944642469946149252461F336344A8460F
:107B1000B24616944E46109C119DB94615921F0010
:107B200001E0202E10D0200029000A220023FDF7BA
:107B3000D9FE013630322B00BA550D002200040068
:107B4000002BEED1092AECD8149B109411954546D0
:107B50009846159B4F46B14656469A46169C0D9B35
:107B6000069343460593534604930A2303930F9BBE
:107B700002934B4601931CAB2200009359463B00F5
:107B80002800FEF7D7FD0400FFF704FC0F9B984583
:107B900000D8C1E18023DB000D9343460F9A1B19E7
:107BA0009B1A994633002E004D46B9465F469B46C8
:107BB0000C9122004B46013439002020B047AC42E2
:107BC000F7D143460C9901330F930B7835000C9392
:107BD0005E46BB464F46002B00D10EE50D9B002BA9
:107BE00000D1F6E4002319E60C9B1B781A0015E778
:107BF00010239A430D92EFE60C9B1B78099361E6E4
:107C0000002399460028AAD1002200231092119344
:107C100074E70C9B2200187859463B00A8474C4655
:107C20008BE50C9AFA3BFF3B07329A4301339946A6
:107C300091444B460C931368526815921A4306D12F
:107C40001032904300220992002900D081E0612285
:107C5000810600D54122D2B20A9214AA91460A9A0C
:107C600000210A3A149242461792524618925A46F6
:107C70000991B3461F311E000F9B4944BA4619941F
:107C80001A950024674698468946159D16901B92C2
:107C90000AE03032D2B24B4601341A55A8454AD0D8
:107CA000202C4AD006000D003A00002330002900A5
:107CB000FDF718FED2B2092AEBD9149B9C46624408
:107CC000D2B2E8E76123820600D54123DBB20A3B4A
:107CD0000C93434614A91F228C46159353466244C5
:107CE000A046B2464C461797A9461700099D0D9E1F
:107CF0001490169308E03033DBB201343B55B542A3
:107D00000ED3202C0CD0050031002800FDF7ACFD6F
:107D1000CBB20929EFD90C9A94466344DBB2ECE765
:107D2000159B4D46A14644469846169B56461498C8
:107D30009A46179FD0E5B742B2D9179B5746984647
:107D4000189B5E469A461B9B09949B461698199C65
:107D50001A9D43460593534604930D9B0690039347
:107D600000230293099B05E70F9B984500D914E770
:107D700001330F932DE41023110099430D916928CD
:107D800000D0BAE080231000DB0018401A4200D176
:107D900022E61DE60C9B1B68DA0F1100002B00D1B8
:107DA0008CE0DA179818504014AA914642461F23D7
:107DB000149252464B44A046A946169704006546C5
:107DC000B2461F000C91159201E0202D0FD020002B
:107DD0000A21FDF749FD01357E193031317020004F
:107DE0000A21FDF741FD26000400092EEDD8149B61
:107DF000444698460C9BAC461900159B56464D468A
:107E00009A46169F0D9B029106934346059353464F
:107E100004930A23039363463CE6002800D02EE631
:107E200002E60C9B1B689946002B03D11033984344
:107E3000002938D16123820600D54123DBB20A3BF9
:107E40000C9343461693534614A91F228C4617934E
:107E50002B006244A0464D46B2461897994617003B
:107E6000149C0D9E159008E03033DBB201343B5575
:107E7000B5420ED3202C0CD0050031002800FDF7B0
:107E8000F3FCCBB20929EFD90C9A94466344DBB2D8
:107E9000ECE7169B149444469846179B56464D466D
:107EA0009A461598189F43460593534604930D9B95
:107EB0000690039300230293149BEBE50028A1D1C5
:107EC00072E70C9B1B68D9175A184A40A6E5802315
:107ED0001000DB0018409C460F901A420FD0022081
:107EE000030013400F93104219D00023A1460F93B3
:107EF0004CE50C9B1B680993E4E40A0034E402237C
:107F0000180010400D90134200D03EE54346002B70
:107F100000D042E6FFF771FB01330F937FE4634625
:107F20000D93F3E710B50C0084B00394012402A96B
:107F300002900093034813006242FFF703FA04B073
:107F400010BDC0461169001010B5094A030014683D
:107F500084B0002C08D0012200910648524203A9A7
:107F6000A047012004B010BD00F094F90020F9E70B
:107F7000C89F00200169001000BEFDE710B5FFF7A3
:107F8000FBFFC04670B5FDF723FB074D074EB5421A
:107F900009D20024013E761BB60808CD984723007D
:107FA0000134B342F9D170BD2CA7001038A70010DE
:107FB000030010B5080011001B68984710BDC046AB
:107FC000F0B5C64600B5437D07000C001600002B37
:107FD00046D0002A17DD0B780A2B24D000239846C0
:107FE000012E13D001252900635C01350A2B26D010
:107FF000B542F8D1464509DCA419013C23780D3B74
:108000005A4253413B7580BCB846F0BD4346E01828
:10801000A419F11A013C3B68984723780D3B5A425A
:1080200053413B75EFE7037D002BD7D102210F4869
:108030003B689847012EDFD001239846D2E7631EA4
:108040005B5C0D2BD4D0884504DA4346C91AE0188E
:108050003B689847022105483B68A8469847C7E710
:108060000368110020009847CDE7C04650BE0010BD
:10807000F0B5C6460B6806000C0000B5802B06D094
:108080005A1C2260E418267180BCB846F0BD0F4B24
:108090001D68002D16D00B1D98460D4F02E02D696E
:1080A000002D0FD02B68002BF9D03B68002B01D09E
:1080B000AB42F4D1280041462268FFF781FF2D69C9
:1080C000002DEFD101220023DBE7C046B899002044
:1080D000C0990020F0B54546DE464E465746E0B50D
:1080E00083B091461C0080460D00FCF7F7FF00238B
:1080F000304A12184B41002B02DA01222E4B524219
:108100002E4908008A4602F0D3FA07006B1C03D1FF
:10811000404602F09FF90500002C27D0284E294B3D
:108120001C68002C18D04B46002B21D1264B9946B9
:1081300002E02469002C0FD02368002BF9D04B46B5
:108140001B68002B01D09C42F3D120002A0041463D
:10815000B0472469002CEFD1002F26D1280003B0AE
:10816000F0BCBB46B246A946A046F0BD174ED6E7C6
:10817000154B99460A239B4602E02469002CEBD05C
:108180002368002BF9D04B461B68002B01D0A3427B
:10819000F3D12A0041462000B0476B465A462000E2
:1081A000DA71D91D0122B047E7E7504602F050FAD4
:1081B000D4E7C04640420F00FFFFFF7F7810002049
:1081C000C17F0010B8990020C0990020B17F001035
:1081D0000A4A1368002B05D10CE01A001B69103203
:1081E000002B07D08342F8D1002902D11869106012
:1081F000196170470029FCD01060FAE7B899002097
:10820000F0B5CE46474680B583B06B460600DD1D0F
:108210002870FCF763FF0023194A12184B41002B0A
:1082200002DA0122174B524217490800884602F031
:108230003FFA164B81461C68002C14D0144F02E004
:108240002469002C0FD02368002BF9D03B68002B49
:1082500001D09C42F4D1200001222900FFF7B0FE9A
:108260002469002CEFD14B46002B05D1300003B020
:10827000C0BCB946B046F0BD404602F0E9F9F5E7AA
:1082800040420F00FFFFFF7F78100020B8990020C8
:10829000C099002070B5040002F0DCF80123010051
:1082A000050001222000FFF715FF084B1C68002C79
:1082B00006D06368002B05D098472469002CF8D1BC
:1082C000280070BD2469002CF3D1F9E7B89900208B
:1082D000F0B5CE46474680B5A3B004000D00FCF7CC
:1082E000FDFE0023274A12184B41002B02DA01221F
:1082F000254B5242254E300002F0DAF900232200CD
:10830000019307002B00224801A9FFF70BFE214B28
:10831000804699461C68019B002B1AD0002C2FD058
:108320001D4D02E02469002C0FD02368002BF9D0EA
:108330002B68002B01D0A342F4D12000019A02A99E
:10834000FFF73EFE2469002CEFD14B461C6800234A
:108350000193002C06D06368002B0BD0984724694A
:10836000002CF8D1002F07D1404623B0C0BCB9463D
:10837000B046F0BD2469ECE7300002F069F9F3E79C
:108380000194EFE740420F00FFFFFF7F78100020CD
:1083900071800010B8990020C09900200FB400B57A
:1083A00083B004A901C90191FFF792FF03B008BC93
:1083B00004B01847F0B5002915DD0E4B0D271A68DB
:1083C0000D4B0E4CD3185D426B41451820215B00CC
:1083D0001E5F0478A64207D093691942FCD1013090
:1083E0001460A842F5D1F0BD93691942FCD1176021
:1083F000F2E7C046F41F01200080FCBFF01F0120FF
:10840000204B70B504000D1E1E682ADD00201021CF
:108410001D4B013C1A689369194214D101309369CC
:108420001942FCD1136823548542F4D1002E08D0A0
:1084300050239363516B183B0B4014498C466244A4
:108440001360280070BD002E08D050239363516B39
:10845000183B0B400D498C46624413600028F1D153
:108460000CE0002E0AD05022074B1B689A63596B10
:10847000183A0A4005498C4663441A60032040427A
:10848000E0E7C04678990020F41F01203410000076
:10849000064B10B51B68002B06D00021044A126859
:1084A0009163044A1068984710BDC046789900202F
:1084B000F41F01207C9900200822034B19688B6966
:1084C0001A42FCD17047C046F41F0120F8B51A4F7C
:1084D0001A4B3A680500D31858424341184E1433DA
:1084E0001C003368002D02D0002B0FD0F8BD002BEC
:1084F000FCD0002120009563FBF77CFF2000114990
:10850000FCF7AEF8104B35601D60EFE70E4B200016
:1085100019600C493560FBF77FFF01212000FBF754
:1085200069FF50223B689A63596B183A0A40074921
:108530008C4663441A60D9E7F41F01200080FCBF19
:1085400078990020918400107C990020341000005C
:1085500070B50C4E0D001C003060002A03DB0221B8
:108560001000FBF737FE002C03DB02212000FBF795
:1085700031FE29003068FCF7FFFD01210248FFF7BA
:1085800027FE70BDF41F012040100020074B10B5DE
:108590009C466044000D012806D0054A8000411821
:1085A0000448FBF783FE10BD034AF7E70000E0AF85
:1085B0008CB800108899002068B80010F0B54E46BD
:1085C0004546DE465746E0B583B089460CA9844649
:1085D0000D781F2A45D84946490088464944C900B4
:1085E000461837003400DC373868CC3483462068BE
:1085F000310001901C4880248246A40251440C6042
:1086000069424D411E216D428D4318498A465544A9
:10861000052B0CD9A0201F214005D8365401044356
:108620000532053B3C600A403560052BF6D8520107
:108630009B06134342464A44D20062441000DC3297
:1086400013600300D8331D605B461360019BCC3080
:108650000360002003B0F0BCBB46B246A946A0466A
:10866000F0BD05204042F5E7CC3000009FE000005F
:10867000F0B501258D400468AC430460002B2ED07A
:108680004D006C18E400041926001F68C8363760D6
:108690009F68043677605F68DB68DC34376023608E
:1086A0006B18184DDB00AC468025C41864442D06B9
:1086B00025602560144C0D1D8C408460012426002B
:1086C000AE40802508318C401F21AD014519C018EE
:1086D0000A40D8302E602C6002600020F0BD4D00B2
:1086E0006C18E400041926008027C8367F02376022
:1086F000C0273F03B760F82704367F02DC343760B9
:108700002360CDE7D01000000101010110B5064B38
:10871000064C82B00100009300220B232000FBF7DF
:10872000E7FD02B010BDC046A8B80010102401201B
:10873000F8B500F047F90C23194DFF22AB6705206F
:108740001849FBF793FE184C402200212000FDF74A
:108750008DFF4027002301262121144A66702783BC
:10876000A260136063545F31618445396354104AD9
:1087700010496360E2602787A1620B606362E26276
:1087800001F0A6FF80239B052E64EB6490230A4A28
:108790000120EA508022094B5202DA64F8BDC0463B
:1087A0000000115015030020C499002084001050CF
:1087B000000110508000105010D001000020115016
:1087C00010B501210520FBF715FE10BD10B50022E4
:1087D0000021024800F016F910BDC046E4990020BF
:1087E000044B1970002904D080219023024A890289
:1087F000D150704715240120002011500B785B06E2
:1088000002D14B78052B00D070478A78014B1A6053
:10881000FAE7C04600001150F0B5C646C87800B56A
:108820008007830F1800012B60D08F780A794B796D
:108830007F213940FC091B024E001343334D32198E
:108840005201AA18977001276740577000275B05EF
:108850005B0DD7701383D076B846CA00012C32D096
:108860002B4FBC468F016244BC46AC446746BA609D
:1088700047461760002932D0264AC9009046624612
:10888000414451603F223F339343022837D022496D
:1088900037190A687F01D3180B602049EF19FA6075
:1088A0008B422ED836197601AD19EB7E1C499B06FA
:1088B0004A4013438022120613436A681360012062
:1088C00080BCB846F0BD174FBC468F016244BC4621
:1088D000AC446746BA6247461760002908D10023B6
:1088E00064012C196360104BE360E8E70020E7E7C0
:1088F0000B4AC9009046624641445162C2E75B00A0
:10890000C5E7FCF75FFEFA68CCE7C046C4990020D3
:108910008400105004001050CC9F0020FF0F105016
:1089200000001050800010500001105010B501F0F0
:10893000CFFE10BD10B57F200C0020404000E409A0
:10894000110000191A00034B4001C01800F05AF83A
:10895000012010BDC49900207F23180000B50840F5
:1089600083B00B4204D14B424B41084A013393661A
:108970008022C9094000064B401840010021C01860
:10898000120101F0ADFE03B000BDC0460020115041
:10899000C49900207F22130010B50B400A4200D179
:1089A00010BDC9095B005B1804485B01C0180023B7
:1089B00000220349C37001F093FEF1E7C49900203F
:1089C000FFF7FFFF80220A4B520410B51A60094BD3
:1089D00009491A6010000B689843FBD180220021DE
:1089E00052010648FDF742FE0922054B5A6710BDA9
:1089F00000E0004000F0004008C0004000001050BF
:108A000000001150002310B5C382013382828376A7
:108A10000161040001F00CFE002804D080219023A5
:108A2000074A8902D150200001F022FE002802D01E
:108A30000123237710BD200001F042FEFAE7C04673
:108A400000201150002070477047C0467047C04654
:108A50000020704700207047002070477047C046D4
:108A60007047C046F0B5D6464F464646C0B52D4B7A
:108A700007009A461B780E00FF2B4DD100293ED0EF
:108A8000002154222848FDF7F1FD0022274C284BF5
:108A900020001A70FBF758FF264B1C60264C200064
:108AA000143CFBF75FFF200001F08EFC234B244DAC
:108AB0001C60244B002B04D0280000E000BF224B98
:108AC0001860224A002491461F4A2B7890460EE0F7
:108AD00043461B6862019B18002B10D05B68002B7B
:108AE0000DD0984701342B78E4B2A34209D3A342B6
:108AF000EED8E31A5B014B445B68002BF1D10020F8
:108B00000BE05346310038001F70FFF711FE0028BC
:108B1000F5D03800FFF754FE0120E0BCBA46B1465C
:108B2000A846F0BD74100020989600209096002072
:108B300016240120EC9600206C100020F0960020F6
:108B40001424012000000000B0150020FCBE00101D
:108B5000F0B5DE4657464E464546E0B5CA4B8FB0A7
:108B600003931B78FF2B00D146E1C84BC84E9B46B0
:108B70005F46C84B0BAC0293C74B019335686A69DB
:108B8000EFF3108172B61368002BFCD0BFF35F8F38
:108B9000A9612800210001F077FB6A69AB69BFF386
:108BA0005F8F0021116083F31088002800D123E13A
:108BB0006378082BE2D89B00FB589F466368002B24
:108BC000DCD0A0689847D9E77F222179B14D0A40CF
:108BD0005300EB189846C8098044404601233030C2
:108BE00005799D430571057903339D430571002A7D
:108BF00000D108E14346A94A1B7D1278934200D375
:108C0000F8E0A74A5B011568ED18002D00D1F3E0EC
:108C1000A36862792078AD69A847AFE7A14A1378C5
:108C2000002B00D1E8E01378013BDBB2137013781E
:108C3000002BA3D10122974D01212B78042013434F
:108C40002B703423EA5C8A43EA54EA5C8243EA5498
:108C50000133EA5C8A43EA54EA5C8243EA542378AB
:108C60000020984600F074FC602223791A40602AA4
:108C700000D1F3E0402A00D1F9E0DB06DB0E012B46
:108C800000D117E1022B00D1CCE0002B00D0E5E0B1
:108C9000202A00D10FE2002A00D0DFE06379092BFF
:108CA00000D9DBE0804A9B00D3589F46794D2B7852
:108CB000DB0700D462E7F7F7AFFD5FE7029BDB78E5
:108CC000DB0700D45AE76068FFF7C0FE56E7714D36
:108CD0002B78DB0700D451E728780007C00FF7F79F
:108CE00083FD4BE723786C4A984693466B4B6C4A5E
:108CF0009946310092463A0046464F460025914635
:108D000088461B780EE053461B686A019B18002BAF
:108D100000D17EE0DB683000984701353B78EDB24A
:108D2000AB420CD39D42EED3EB1A5B015B44DB6894
:108D30003000984701353B78EDB2AB42F2D2554D49
:108D4000542200212800FDF791FC1022FF21281D4C
:108D5000FDF78CFC28002022FF21143046464F46A8
:108D6000FDF784FC00F0EAFB2379AB7006E723787B
:108D70004B4A9846494B924699463200BB46464676
:108D800000254F4690461B780DE053461B686A014C
:108D90009B18002B41D0DB683000984701353B78A9
:108DA000EDB2AB420ED3AB42EFD8019AEB1A944628
:108DB0005B016344DB683000984701353B78EDB2D6
:108DC000AB42F0D2029D542200212800FDF74EFC58
:108DD0001022FF213548FDF749FC28002022FF2101
:108DE000143046465F46FDF741FC00F0A7FBFFF755
:108DF00037FEC3E6934213D00FB0F0BCBB46B24679
:108E0000A946A046F0BDA3686279207800F0B4FBC3
:108E1000B4E646464F461F4DA4E746465F46E4E7A4
:108E20001D4DF5E67023217A0B4217D1C809834600
:108E30000F330B405B0099461848EB185B441B7DD1
:108E40000078834261D216485B01006882469A44EA
:108E5000002A00D14EE15346002B5ED1207800213C
:108E6000FFF77AFD80212078FFF776FD86E610482F
:108E700000F06EFB012140460CAAFFF7E3FD00283D
:108E800000D07BE6EAE7C0467410002054BE001014
:108E9000F096002098960020FCBE001014240120BB
:108EA000B01500201624012078BE00109C960020EA
:108EB000458A0010237A0F2BD0D8D54AEB181B799E
:108EC0001278934234D3C9D1D24D686900F040FB87
:108ED000012140466B690CAA9847002800D04DE656
:108EE0006022150023791D401A42B7D163790A3BED
:108EF000012BB3D800F02CFB63790A2B00D17DE164
:108F000040460CA900F0B0FA38E6834200D0ECE00D
:108F1000C04B9A46002A00D1ECE05346586900F055
:108F200017FB5346012140465B690CAA9847A6E708
:108F3000B94A5B011568ED18002DC6D18EE7A379FB
:108F40009A466B789A45DBD06B78002B00D028E1ED
:108F500053466B70002B00D120E150460138C0B25F
:108F6000FAF7BAFA002800D171E14378022B00D059
:108F70006DE10122C179A9468B11491113400A40C4
:108F8000302112015B0113432A788A4313432B706B
:108F900009239B4683445D46B346C37882781B020F
:108FA0001343C31806939A4B04970593994B089360
:108FB000994B9A46994B0993069BAB4200D849E1DD
:108FC0006B7801220B2B03D12B78EA78ED186B78A4
:108FD000042B00D038E1069B00265B1B9BB2079355
:108FE000059B17001B7818E053461B6872019B18FD
:108FF000002B00D128E1290040461B69079A9847B9
:10900000082803D9079B834200D30BE1059B013657
:109010001B78F6B2B34200D216E1B342E4D8089A04
:10902000F31A94465B016344E5E76B780AAA0232BF
:109030001370404601230CA900F02CFA9EE5E3884A
:109040001A0AD8B20F2A00D908E775499300CB58FD
:109050009F460CA800F082FA4046A179FFF7B6FBC4
:1090600002222B7813432B7088E5E388012B00D074
:10907000F4E608222B78404693430CA92B7000F0AD
:10908000F3F97BE5022029780AAB9A1C8B06890844
:10909000DB0F01400B431380404602230CA900F074
:1090A000F9F96BE5E388012B00D0D7E608222B788D
:1090B00013432B7024E7237A0F2B00D9CEE6544AB2
:1090C000EB181B791278934228D2534A5B0115683A
:1090D000ED18002D00D1C1E6686900F039FA0121D0
:1090E00040466B690CAA9847C9E6002A00D0B5E64D
:1090F00000239A4662790220130004928343012BD5
:1091000011D0002A00D0A9E62B004B445B44303339
:109110001B790AAA9B07DB0F0232BCE7934200D0FF
:109120009CE63C4DD8E7E388002B12D1039B1878CE
:10913000049B012B23D0FFF70FFC4B460221EB18B9
:109140005B4430331A790A4301211A711A790A43B0
:109150001A715346002B00D110E5586900F0F8F958
:10916000534601215B690CAA40469847002000F055
:10917000EFF93523EB5CDB0700D5FFE4C0E6FFF732
:1091800009FC4B460221EB185B4430331A798A43C1
:109190001A711A7904998A431A71DAE7FFF760FCA9
:1091A000AEE600214046FFF71BFB4046FFF7BEFB43
:1091B00000229346174AAB780592174A0493069209
:1091C0002A00134B5D46994693461B780EE0069B9A
:1091D0006A011B689B18002B55D0DB6840469847F6
:1091E0004B4601351B78EDB2AB4238D39D42EED3EE
:1091F000059AEB1A94465B016344EEE70AAB9A1CAE
:10920000404601230CA9157000F044F9B6E4C046AD
:1092100014240120FCBE0010B0150020AC960020E4
:10922000A0BE00103A000700002A3CD0AB789A1884
:10923000D2B204E00133DBB20E719A4233D0494618
:10924000C9180879FF28F5D05E464D46049F0023D3
:109250006B7003E65E46049FFFF700FC50E65D4638
:10926000542200212800FDF701FA1022FF21281DB9
:10927000FDF7FCF928002022FF211430FDF7F6F954
:10928000049BAB7064E65D46FAE7FFF7E1FB021E64
:1092900000D1E3E5D37891781B020B4340460CA93B
:1092A00000F0F8F8EBE5330029003A00099800F0E7
:1092B000D1FF059BED191B78B34200D37CE6C3E7D1
:1092C000FFF7C8FB021E00D1C8E5404613780CA981
:1092D00000F0E0F8D3E52189FAF702F9021EF4D193
:1092E000BCE5022A0FD0FFF7B7FB021ED2D1B5E5CD
:1092F000FAF7EEF8021E00D1B0E5122340460CA9A1
:1093000000F0C8F8BBE5FAF7E7F8021EC2D1A5E500
:10931000F8B557464E46DE4645460C00E0B5160009
:109320001F00002A3CD0702398461E4B00259B4608
:109330001D4B9A461AE05B461B782000994653461F
:10934000997800F049FF00281CD021004846FFF71B
:1093500063FA002816D0A378DA09012A19D00A9AEC
:10936000013513702378E418B54219DA6378052BB8
:1093700008D1E3789B079B0FBB4203D14246A378F9
:109380001A42D8D00020F0BCBB46B246A946A0463F
:10939000F8BD0B9A013513702378E418B542E5DB6C
:1093A0000120F0E7741000209896002070B57F240B
:1093B0000F480C4064000419CD0964193034207939
:1093C000C00701D5002070BD012625790948354325
:1093D00000782571FFF7AEFA0028F4D10122237935
:1093E000934323712379033293432371EAE7C04601
:1093F00098960020741000207F22054B0A405200EE
:10940000C9099B185B1830331879C007C00F704723
:109410009896002010B50B4B0C001878FFF79CFABB
:109420007F230221084A23405B00E409D3181B195B
:1094300030331A790A4301211A711A790A431A71D1
:1094400010BDC04674100020989600207F22054B66
:109450000A405200C9099B185B18303318798007FD
:10946000C00F70479896002070B5094C060008227E
:1094700020000D00FDF700F900238021E360A360C8
:109480002B783000994300220023FFF78FFF70BD37
:10949000F4150020F8B5CE4647469046254E80B5D7
:1094A0008146082230000D001F00FDF7E5F8434615
:1094B000B3600023F381EC79AB7924021C43231CB5
:1094C000BC4200D93B1C9FB2B381002C0DD0002FB1
:1094D00017D04246002A2BD0402F1BD89FB233789A
:1094E0007F2B1CD80021144A0FE080212B7800220A
:1094F000994348460023FFF759FFC0BCB946B04620
:10950000F8BD7F230022317899433B004846FFF79E
:109510004DFFF2E740239FB233787F2BE2D9064C10
:109520003A0041462000FDF7A7F880212200ECE731
:109530000020E2E7F4150020B415002010B5142235
:1095400000210248FDF792F810BDC046F415002036
:10955000014B18617047C046F415002010B5054C4A
:10956000010008222000FDF787F80023A360E360D4
:1095700010BDC046F415002070B5384C1D0023788E
:109580000600DA09C9098A4210D00020002D00D057
:1095900070BD21003000FFF731F92369002B03D0A3
:1095A00022000321300098470120F1E77F2B06D8E5
:1095B000A068002834D02A002949FDF75DF8E28927
:1095C000A1685219E38892B24919E281A1609342DD
:1095D00014D03F2D12D9A389981A051C80B24028B7
:1095E0002AD82078ADB27F2828D800219A4232D0DC
:1095F0001B4A2B003000FFF7D9FEC9E72369002B77
:1096000005D0220002213000984700280AD080218E
:1096100023780022994330000023FFF7C7FEB7E705
:109620000020B5E700213000FFF796F930008021D7
:10963000FFF792F90120ABE74025D2E79A4207D025
:10964000074C2A002000FDF717F880212200D0E700
:1096500080210022CDE70022CBE7C046F415002090
:10966000B41500202C2270B5302402250F4B9954DC
:1096700099689A6B1D558A1A9A620C341C5D002CED
:1096800003D10B4D9D873E255C55002908D0002A4B
:1096900006D01A7BD20904D02E22995CFFF7BAFEBD
:1096A00070BD2F22995CFFF7B5FEF9E74C960020BC
:1096B00005200000F0B54746CE4680B5394C06007F
:1096C000A368E18A984687B0002957D049BA89B281
:1096D0001800FCF7C9F80104090C2369257D1B0A51
:1096E0002D061D43A36B2DBA18009946FCF7BCF854
:1096F00043460A0041194D465B1B80252A4F607B7B
:109700002D02AB4200D92B0000933B00FAF7F2FC8C
:10971000031E18DB2E22A15C002809D083B23A0078
:109720003000FFF743FE07B0C0BCB946B046F0BDFD
:1097300003A8273A017100210670427043718360CB
:1097400000F0AEFFEFE73C23E35C002B18D02C23A6
:109750000122E254A268A36BD31A30210220A36233
:109760006054002ADFD0002BDDD0237BDB0912D030
:109770002E233000E15CFFF74DFED4E70021ACE77B
:109780000A4AA2873E22A3542C233D3AE254A268FF
:10979000A36BD31AE1E72F233000E15CFFF73AFE19
:1097A000C1E7C0464C9600204C160020023A00004B
:1097B00010B53C24034801553D2142543E228354B8
:1097C000012010BD4C96002010B540220021024817
:1097D000FCF74CFF10BDC0464C96002010B540224F
:1097E00000210248FCF742FF10BDC0464C96002005
:1097F00030B54B79040083B0082B02D18B79062B4E
:1098000002D0002003B030BDCB79502BF9D1162AFD
:10981000F7D98A780E4D233BEA540B780222C918F7
:109820002B002E3301932B002F3300930223FFF7DD
:109830006FFD0028E5D030230022EA54013BE95CAB
:109840002000044A103BFFF7B1FD1720DAE7C046BD
:109850004C9600204C160020F0B50500140083B093
:10986000012901D0012018E07F2312781340022B38
:1098700015D060231340202B0ED16378FE2B3DD0F2
:10988000FF2B09D1E378A2781B02134304D1E379BB
:10989000A2791B02134351D0002003B0F0BD6378BE
:1098A000012BE6D1E378A2781B021343F4D13022D6
:1098B0002179384CA35C042B67D02E20205C884291
:1098C0004DD02F22A65C8E42CCD1002BCAD13100C4
:1098D0002800FFF791FD0028C4D131002800FFF7D0
:1098E000B5FD0028BED130230022E254013BE15CEB
:1098F0002800294A103BFFF759FDCEE7E378A2780C
:109900001B021343C8D1E379A2791B021343012B35
:10991000C2D16A46D371214BD61D002B1DD000E069
:1099200000BF0028B8D00138C0B230700123320027
:1099300021002800FFF7AEFD0120AEE73021154AD7
:109940002800535400215363936393873E33D154CB
:109950002100FFF789FD01209FE70020E5E7022BAA
:1099600000D07FE7A16BA3685B1AA3620323A35413
:10997000094A20341300C2CCC2C3217819700100F7
:109980000D232800FFF712FD87E7FFF743FD0120B5
:1099900083E7C0464C9600204C16002000000000D3
:1099A000F0B54E46DE4657464546E0B51F0030232B
:1099B000B64C8346E65C994691B0012E79D0032ED1
:1099C00054D0002E4ED1013BE35C8B424CD11F2F73
:1099D00000D0AFE0AE4B9A465246AE4B12689A4268
:1099E00000D0A7E023005246A1CAA1C3A1CAA1C3C7
:1099F000106818609088988092792C209A71A64BF4
:109A00004A4623626368265463620123A354E27BBF
:109A1000A368A6626363A663282A00D1E9E02A2A24
:109A200000D1D4E2002B00D129E1207BC00900D075
:109A300025E180221202934200D81BE32C22A3626C
:109A400030230130A0542A3AE2540C33E35C002B5B
:109A500003D1924AA2873E22A3545846FFF7DAFC6C
:109A60003023E65C022E3FD001205CE02E23E35C35
:109A70008B42F9D10D2FF7D1E37B282B00D19EE249
:109A80002A2B00D193E2864B002B04D02100607B6F
:109A90000F3100E000BF00233026A3552F33E15CD7
:109AA00058467B4A103BFFF781FC00284FD0A65D4B
:109AB000D8E7A26BE37B9046282B0CD02A2B5DD0F5
:109AC0003B00227B4344616BA363D20946D08B42A7
:109AD00007D2012027E0636B4744A7639F4200D26F
:109AE00082E030230222E2542E265846A15DFFF781
:109AF000ADFC0028B8D1A368A26BA15D934202D946
:109B0000207BC00925D19B1AA36203223023E25493
:109B10005F4A20341300C1CCC1C3207818700D23D4
:109B20005846FFF743FC11B0F0BCBB46B246A9460D
:109B3000A046F0BD30230422E254023BE15C5846CB
:109B4000FFF768FC2F235846E15CFFF763FC002019
:109B5000E9E75846FFF75EFC0120E4E78BB22100FD
:109B60004B4A607B0F31FAF705FB002800DADFE192
:109B7000A26B636B9A4200D272E7B2E7E38A002BD2
:109B800000D1D3E15BBA99B2A068FBF76DFE010486
:109B9000090C2269237D120A1B06134340461EBA94
:109BA000FBF762FE3A4B0A008119607B00979A46E8
:109BB000FAF7C0FA00283DDB874200D8D7E13F1A08
:109BC000002800D04AE22F235A46E35C07A802701F
:109BD000037107220023002143714270876000F067
:109BE0005FFD3023E65C3DE7FFF764FD4B46E65C36
:109BF00038E7E28A002B00D188E1267BF60900D104
:109C00006FE2002A00D019E22C220120A362302347
:109C1000A0542A3AE2540C33E35C002B07D11F4ACC
:109C2000A2873E22A354237BDB0900D115E72E2314
:109C3000E15C12E73C22A36BFB18A363A25C002A41
:109C400003D11849A1873E2162542C2201213026DC
:109C5000A1540221A268A155D31AA362002A00D1FF
:109C600042E7002B00D13FE7237BDB0900D12BE249
:109C70002E235846E15CFFF7CDFBA65DF2E6677B3D
:109C8000252A13D8084992008A5897464C960020F6
:109C90004C160020555342435553425305200000B3
:109CA00000000000023A00001CBF00103C22A25C31
:109CB000002A00D025E252463800D5499BB2FAF777
:109CC00059FA002800DA84E0002832D1A368002B7A
:109CD00000D106E72C220121A154A26B01319B1A6D
:109CE0003022A362A1540C32A25C002A03D1C949DC
:109CF000A1873E216254002B00D1F5E6237BDB09CE
:109D000095D12F23E15CA8E606AE3200380007A902
:109D1000FAF7AAF9079B002B00D1CBE13288002A81
:109D200000D1C7E151460820013B1BBA12BA0B60B3
:109D30004A60A368002B00D0ACE101222C33E2542E
:109D4000A36B01325B42A3623023E2540C33E35C29
:109D5000002B00D0C8E6AF4AA2873E22A354C3E638
:109D600007AE0C2200213000FCF780FC02AA9446CA
:109D70000E2363441A00380006A99946FAF774F9CD
:109D8000069A002A00D195E14B461B88002B00D192
:109D900090E1082112BA5BBAF17008920222738135
:109DA0005346327283CE83C30C20C2E79A4B002BFA
:109DB0008CD03800227DE17C00E000BF002885D1F6
:109DC0003C23E35C002B04D1944B0022A3873E2369
:109DD000E2543C212C200126A368A26B615C9A1AF4
:109DE00026540430B619A2622654002903D18948AA
:109DF000A0873E202154002B00D175E6002A00D117
:109E000072E67BE7864B002B00D15FE7E17C3800F0
:109E10008B07CA07DB0FD20F0909FAF72FF90028C1
:109E200000D053E7CCE77F4B0120002B02D0380055
:109E3000FAF7CEF9012303224340DBB2DB051343DB
:109E400052460420136074E7774B082207931F23C0
:109E5000202109A80893FCF709FC102220210BA857
:109E6000FCF704FC714B380009A90F930BAA0FAB48
:109E700007AEFAF773F85246330083CB83C283CB25
:109E800083C283CB83C2242053E70F2399464D46D8
:109E90002D33E35C3E261D403D2307A98846E35C45
:109EA00000210293A25D404603921222FCF7DEFBE2
:109EB0004146F0230B704B462B408B700A23039ACC
:109EC000CB71029B4A730B735246434623CB23C28A
:109ED000196811609B889380554B002B00D149E194
:109EE000802251463800120200E000BF0023A38701
:109EF000A355984200DBE7E6677B636BDBE638003F
:109F0000FAF7ACF8002800D0E0E659E7002A00D1C3
:109F1000E7E502232C22A3540022A2623032A3548C
:109F20003A33E35C002B00D0DEE514E7002130E695
:109F30002C2302214D46E654A06BA36861551A1AE2
:109F4000A2623A31615C002903D1324EA6873E26D7
:109F5000A155002B56D0002A54D0237BDB0900D119
:109F6000B9E02E235846E15CFFF754FA00E6A36BF4
:109F7000626BFB18A363934200D3B2E5294B002B1D
:109F800005D0607BFAF724F9002800D1C2E0A26B6B
:109F9000A3689B1A80221202934200D913002F2239
:109FA000A15C9BB252465846FFF700FA58E5214B98
:109FB000002B00D16FE5607B00E000BF6BE51E4B1E
:109FC000002B00D167E5607B00E000BF63E5E28A1B
:109FD000002B9BD0207BC00900D0BEE0002A00D01F
:109FE000A3E02C200126A362302326542A38E05413
:109FF0000C33E35C002B00D02FE5064BA3873E23F8
:10A00000E25410E6636B834200D86AE56CE5C04613
:10A010005B9600200520000000000000023A0000CE
:10A020007D400010D141001000800202202020203D
:10A0300000000000000000000000000052BA92B2D0
:10A04000934221D20222A3622C2030232254E254D4
:10A050000C33E35C002B00D0E5E5E0E50100A36BE9
:10A060000204120C9B1850463A005144A36300F0BE
:10A0700033FAA8E5524658469BB2FFF797F90028F5
:10A0800000D0EDE400204EE55846FFF713FB3023E7
:10A09000E65CE7E42E22A15C984200D918006063D8
:10A0A00083B252465846FFF781F9002800D0D7E422
:10A0B000002038E53C23E35C002B00D089E62F4AE2
:10A0C000A2873E22A35484E62F235846E15CFFF783
:10A0D000A1F9A65DC6E42F235846E15CFFF79AF983
:10A0E00046E50222A3624B46E2543C232254E35C41
:10A0F000002B00D0B1E4224B0022A3873E23E25480
:10A1000091E52C220121A15404320131A154A36212
:10A110001A0070E61B4B0121A3873E23E0545846EA
:10A12000FFF7A0FA3023E65C9CE452BA92B2934265
:10A1300088D3154A002A09D0607BFAF749F800282D
:10A14000E8D0A26BA3689B1A2F22A15C8022120286
:10A15000934200D913009BB224E70222A3622C2071
:10A1600030232254E2540C33E35C002B00D156E53B
:10A170002E235DE51220A387A355DAE5023A0000FD
:10A180000520000007270000D141001000B50300A2
:10A1900083B0002910D00020012B07D80A78002AAC
:10A1A00004D00C48C2540120012A01D003B000BDE4
:10A1B0001800FEF757FCF9E701236A46002001A9C1
:10A1C0009380FEF74FFC0028F0D00122014B1A705B
:10A1D000ECE7C0468C960020437902791B021343BA
:10A1E000C2785B0592075B0D920F022A1DD0032AED
:10A1F0000CD00020012A08D102394A425141124AAA
:10A200009446614499424041C0B2704702394A1EA7
:10A2100091410E4A494211408022D20094460020CA
:10A22000614499424041C0B2EFE7022905D00020C5
:10A2300040229A424041C0B2E7E7054A981843429B
:10A240005841C0B2E1E7C046FF03000040FCFFFFF9
:10A2500000FEFFFF8A1870B5914207D27F264C7826
:10A26000052C04D00C7809198A42F8D870BD340046
:10A270008D782C4064000419ED0963550C78091998
:10A280008A42ECD8F2E7C04670B5040000690E00BF
:10A29000002803D00121494200F0FAF9258960899C
:10A2A000A288A9B283B2854232D3CD1AADB2002DB5
:10A2B00028D0AA4208D291422FD3891A8BB2638147
:10A2C0009A4203D89B1A9BB29A42FBD9E288216832
:10A2D0005204520C53433000C918FCF7CDF963897E
:10A2E0000125591C89B2A2888B420DD90021520048
:10A2F000891A89B220696181002801D000F0A8F98B
:10A30000280070BD618989B252009142F2DBEFE70B
:10A310005500ED1A4D19ADB2C9E789188BB26381AA
:10A32000CEE7C046F8B50400C0680E00002803D090
:10A330000121494200F0ACF9258920896189A28870
:10A34000ADB283B28FB2884229D3DB1B9BB29A4253
:10A3500009D8E779FF0906D1E068002801D000F0AC
:10A3600077F93800F8BD2B0095421DD39B1A9BB29C
:10A370009342FBD2E28820685204520C53433100CE
:10A38000C018FCF779F96B1C9BB2A2889D4217D9C3
:10A39000002352009B1A9BB201272381DCE7510066
:10A3A000C91B5B189BB2D2E7E28820685204520CAA
:10A3B00053433100C018FCF75FF90135A288ABB2F6
:10A3C00052009342E8DBE5E710B50400C0680028BE
:10A3D00003D00121494200F05BF92069002803D035
:10A3E0000121494200F054F90023E0686381238190
:10A3F000002801D000F02CF92069002801D000F0DD
:10A4000027F9012010BDC04610B5024800F004F83D
:10A4100010BDC046E01F012010B588B004000D2219
:10A4200000216846FCF722F90D22002104A8FCF760
:10A430001DF94B236A466846137004A90D2200F0EB
:10A44000FFF81521082220006944FCF715F908B02F
:10A4500010BDC04610B583070AD00300032102E0F7
:10A4600001330B4205D01A78002AF9D1181A10BD11
:10A47000030019680C4A0D4C8A188A4322420FD1F6
:10A480005968094A04338A188A43224208D1596814
:10A49000054A04338A188A432242F1D000E001338E
:10A4A0001A78002AFBD1E1E7FFFEFEFE8080808063
:10A4B00070B5074C074D641BA41005D0013CA300E8
:10A4C000EB589847002CF9D100F0AEF870BDC046AB
:10A4D00038A7001038A70010F0B588420AD98B18A9
:10A4E000984207D2531E002A03D0CA5CC254013BD3
:10A4F000FBD2F0BD05000F2A0AD8561E002AF8D05C
:10A500000023CC5C1A00EC5401339642F9D1F0E7F9
:10A5100003273E000D430C0003002E402F422DD197
:10A520001500103D2D09AC462F013F1825681D6010
:10A5300065685D60A5689D60E5681034DD601D009C
:10A540001033BD42F2D165460F230C2401352D0195
:10A55000491913404519144213D0043B9B08013399
:10A560009B008C59AC5104369E42FAD103231A4009
:10A57000AD198919561E002AC2D1BAE70500561E28
:10A58000BEE71A00B9E7C04610B50100002300225B
:10A59000002000F001F810BDF0B5C6461A4C00B519
:10A5A0002568002D2AD06C681F2C2ADC002808D1D1
:10A5B0000020631C0234A4006B60615180BCB8466B
:10A5C000F0BD8827A600AE19F2510137FF37BC460F
:10A5D0000122AC446746A2403F689046174362465A
:10A5E000176084277F00F3510228E1D128004246FA
:10A5F0008D30FF30036813430360D9E7034D2560B6
:10A60000D1E701204042D9E7AC1500201C140020FE
:10A61000034B10B5002B02D00248FFF7B5FF10BD69
:10A6200000000000B1A40010F8B5C0460000000012
:10A6300001B40248844601BC604700BFE90900201C
:10A6400001B40248844601BC604700BFDD0D002014
:10A6500001B40248844601BC604700BFE501002008
:10A6600001B40248844601BC604700BF190F0020B6
:10A6700001B40248844601BC604700BF110A0020B3
:10A6800001B40248844601BC604700BF190F002096
:10A6900001B40248844601BC604700BF5901002054
:10A6A00001B40248844601BC604700BF490B00204A
:10A6B00001B40248844601BC604700BFC1000020CD
:10A6C00001B40248844601BC604700BFA10A0020D3
:10A6D00001B40248844601BC604700BF0D0200205F
:10A6E00001B40248844601BC604700BF510A002003
:10A6F000F955001025560010095800105D6600102D
:10A70000AD5E00109D6500103157001041560010DD
:10A710006156001075560010F94800107D56001063
:10A72000B14C0010C1550010D143001011A600100B
:08A7300009A40010FD02001055
:10A738005B4D41494E5D205344494F20696E697411
:10A74800202850494F292E2E2E0000005B4D4149EC
:10A758004E5D205344494F20696E697420666169D3
:10A768006C656420616674657220256C756D730A6A
:10A778000000000076616C6964203078353541410D
:10A78800000000006E6F207369676E6174757265F2
:10A79800000000005B4D41494E5D20415441204975
:10A7A80044454E544946592E2E2E00005B4D4149D2
:10A7B8004E5D205265747279696E67207769746896
:10A7C800206C6F6E6720706F776572206379636C99
:10A7D800652E2E2E000000005B4D41494E5D20493C
:10A7E80044454E54494659206661696C65642100A8
:10A7F8004944454E544946593A2057303D2530344E
:10A8080058205734373D25303458205734393D25A2
:10A81800303458205735393D253034580A00000067
:10A828002020415441205738303D253034582020CD
:10A83800436D64205738323D25303458205738331B
:10A848003D25303458205738343D253034580A00D7
:10A858002020456E20205738353D25303458205764
:10A8680038363D25303458205738373D2530345850
:10A8780020205738393D2530345820573132383D5B
:10A88800253034580A0000005B4D41494E5D204D8B
:10A8980042523A2025730A005B4D41494E5D2057CC
:10A8A80061726D696E672075702E2E2E0000000093
:10A8B8000A0A3D3D3D3D3D3D3D3D3D3D3D3D3D3D26
:10A8C8003D3D3D3D3D3D3D3D3D3D3D3D3D3D3D3DB0
:10A8D8003D3D3D3D3D3D3D3D3D3D000020204D4B36
:10A8E800343030314D54442055534220427269640B
:10A8F80067652076302E3132000000002020534456
:10A90800494F2D41544120E2869220555342204D13
:10A918006173732053746F72616765202850494FC3
:10A92800290000003D3D3D3D3D3D3D3D3D3D3D3D1A
:10A938003D3D3D3D3D3D3D3D3D3D3D3D3D3D3D3D3F
:10A948003D3D3D3D3D3D3D3D3D3D3D3D0A00000019
:10A958005B4D41494E5D205072652D64656C61798F
:10A968002025646D732E2E2E0A0000005B4D414990
:10A978004E5D20506F776572206379636C696E67EE
:10A98800204844442E2E2E005B4D41494E5D204404
:10A998007269766520696E6974204641494C454460
:10A9A8002E2048616C74696E672E00005B4D41492A
:10A9B8004E5D2050494F2076657269667920666140
:10A9C800696C6564210000005B4D41494E5D205073
:10A9D800494F204F4B2C205354415455533D307808
:10A9E800253032580A0000005B4D41494E5D204435
:10A9F800726976653A20256C7520736563746F7289
:10AA0800732028256C75204D42290A005B4D414969
:10AA18004E5D2052656164792E0000005B505752EC
:10AA28005D2049646C6520256C756D7320E2869203
:10AA3800205354414E444259202B20706F77657241
:10AA480020676174650A00005B5553425D205375A9
:10AA58007370656E6420E2869220706F776572204D
:10AA680067617465000000005B5553425D205375B3
:10AA78007370656E6420286472697665206F6666F7
:10AA8800290000005B5553425D20526573756D6562
:10AA9800000000005B5344494F5D20484444207047
:10AAA8006F776572204F4E005B5344494F5D2048D5
:10AAB800444420706F776572204F464600000000BE
:10AAC8002044460020414252540000002049444E90
:10AAD8004600000020554E43000000005B415441F1
:10AAE8005D2025733A207374617475732F657272D3
:10AAF8006F722072656164206661696C204C424106
:10AB08003D256C750A0000005B4154415D202573AA
:10AB18003A2053543D307825303258257325730038
:10AB28002045525200000000204552523D30782501
:10AB38003032582573257325730000005B4154415A
:10AB48005D2025733A20636F6D706C6574696F6E54
:10AB58002074696D656F7574204C42413D256C7594
:10AB68000A0000005B4154415D2025733A20666964
:10AB78006E616C20737461747573207265616420F2
:10AB88006661696C204C42413D256C750A000000E5
:10AB98005B4154415D204944454E544946593A2049
:10ABA8004253592074696D656F7574005B41544157
:10ABB8005D204944454E544946593A207461736BA7
:10ABC80066696C65207772697465206661696C6571
:10ABD800640000005B4154415D204944454E54499E
:10ABE80046593A206E6F2044525100005B4154414F
:10ABF8005D204944454E5449465920636F6D706C39
:10AC0800657465005B4154415D204944454E544993
:10AC180046592072657472792025640A0000000084
:10AC28005B4154415D204944454E5449465920668C
:10AC380061696C65640000005B4154415D205245C8
:10AC480041443A204253592074696D656F757420E8
:10AC58004C42413D256C75206174743D25640A00A1
:10AC68005B4154415D20524541443A207461736B05
:10AC780066696C65207772697465206661696C2005
:10AC88004C42413D256C750A000000005B4154416F
:10AC98005D20524541443A204452512074696D6503
:10ACA8006F7574204C42413D256C750A0000000008
:10ACB80052454144000000005B4154415D2052452B
:10ACC80041443A20434D443533206661696C206322
:10ACD8006E743D25640A00005B4154415D20524575
:10ACE8004144207265747279202564204C42413DAC
:10ACF800256C750A000000005B4154415D205752E5
:10AD08004954453A204253592074696D656F7574EA
:10AD1800204C42413D256C75206174743D25640AC0
:10AD2800000000005B4154415D2057524954453AA8
:10AD3800207461736B66696C65207772697465202D
:10AD48006661696C204C42413D256C750A00000023
:10AD58005B4154415D2057524954453A2044525171
:10AD68002074696D656F7574204C42413D256C7582
:10AD78000A00000057524954450000005B41544105
:10AD88005D2057524954453A20434D443533206697
:10AD980061696C20636E743D2564204C42413D25F9
:10ADA8006C750A005B4154415D2057524954452057
:10ADB8007265747279202564204C42413D256C757A
:10ADC8000A0000006E6F7420737570706F7274657E
:10ADD800640000004D6F64656C3A202020205B25DC
:10ADE800735D0A53657269616C3A2020205B257394
:10ADF8005D0A4669726D776172653A205B25735DFD
:10AE08000A536563746F72733A2020256C75202885
:10AE1800256C75204D42290A00000000534D41520F
:10AE2800543A2020202025732028737570706F7283
:10AE38007465643D25642C20656E61626C65643DB3
:10AE48002564290A000000005B4154415D205265D9
:10AE5800636F766572793A2053543D3078253032E5
:10AE680058204552523D3078253032580A000000AB
:10AE78005B4154415D205265636F766572793A2073
:10AE880042535920616674657220494F5F41424FB1
:10AE9800525400005B4154415D205265636F7665F2
:10AEA80072793A20666E312072657365740000000D
:10AEB8005B4154415D20464153542D52443A20424F
:10AEC8005359204C42413D256C750A005B41544161
:10AED8005D20464153542D52443A20445251207427
:10AEE800696D656F7574204C42413D256C750A008B
:10AEF800464153542D5244005B4154415D20464124
:10AF080053542D52443A20434D44353320666169E9
:10AF18006C204C42413D256C750A00005B41544150
:10AF28005D20464153542D57523A20425359204CE4
:10AF380042413D256C750A005B4154415D20464104
:10AF480053542D57523A204452512074696D656FFD
:10AF58007574204C42413D256C750A004641535496
:10AF68002D5752005B4154415D20464153542D57A3
:10AF7800523A20434D443533206661696C204C4277
:10AF8800413D256C750A00005B4154415D20464CEB
:10AF9800555348204341434845206E6F74207375CC
:10AFA80070706F727465642028414252542920E2FF
:10AFB8008094207472656174696E67206173206E75
:10AFC8006F2D6F70000000005B4154415D20464CBE
:10AFD800555348204341434845206661696C656480
:10AFE8003A2053543D307825303258204552523D4E
:10AFF8003078253032580A000A5B444941475D20C1
:10B008003D3D3D20447269766520446961676E6FF5
:10B018007374696373203D3D3D0000005B44494102
:10B02800475D205374616E6461726420534D4152D0
:10B03800543A206E6F7420737570706F7274656403
:10B0480020284944454E54494659205738322062F1
:10B05800697430203D203029000000005B444941DC
:10B06800475D20546F73686962612076656E646F0E
:10B078007220434D4420307843323A002020464520
:10B0880041543D30782530325820252D33327320F5
:10B09800E28692200000000053433D2530325820BC
:10B0A8004C42413D253032582F253032582F25301B
:10B0B80032582053543D2530325825730A00000079
:10B0C8006E6F20726573706F6E736500756E6B6E50
:10B0D8006F776E5F30310000756E6B6E6F776E5FE5
:10B0E80030320000756E6B6E6F776E5F3033000024
:10B0F800756E6B6E6F776E5F3034000064696167E0
:10B108005F313020284C42415F4C4F207661726994
:10B1180065732900646961675F313100646961673B
:10B128005F313220284C42415F4C4F207661726972
:10B138006573290071756572795F323020284E3940
:10B14800313A2053433D3078464620616C77617927
:10B158007329000071756572795F323120284E3984
:10B16800313A2053432076617269657320706572A5
:10B1780020626F6F742900005B50494F5D20496E53
:10B188006974204F4B3A20636C6B6469763D252EB9
:10B19800326620287E252E3166204D487A292C20BB
:10B1A800434D444025750A005B50494F5D20434D8F
:10B1B8004425642054494D454F55540A0000000069
:10B1C8005B5344494F5D20434D44352072656164AB
:10B1D8007920627574204F4352206E6F7420736516
:10B1E80074746C6564207965742028726573703D89
:10B1F80030782530386C582C2077616E743D307863
:10B208002530386C58290A005B5344494F5D204368
:10B218004D4437206661696C656400005B5344499E
:10B228004F5D20666E3120726561647920286174F3
:10B2380074656D7074202564290A00005B534449C5
:10B248004F5D20666E31206E6F742072656164797F
:10B25800210000005B50494F5D2044415420726535
:10B26800616420444D412074696D656F75740000F8
:10B278005B50494F5D204441542072656164206DE4
:10B28800697373696E672043524320776F726473E2
:10B2980020282564290A00005B50494F5D2044415D
:10B2A800542072656164206661696C20626C6B3D34
:10B2B80025642F25640A00005B50494F5D204352E6
:10B2C800433136204D49534D41544348204441545D
:10B2D80025643A2072783D307825303458206578D6
:10B2E800703D3078253034580A0000005B50494FD3
:10B2F8005D20444154207265616420534D2073746D
:10B30800616C6C2074696D656F7574005B50494F92
:10B318005D20577269746520626C6B2074696D6575
:10B328006F75742028444D4120627573793D2564FA
:10B338002C20534D2050433D2575290A000000005C
:10B348005B50494F5D2044415420777269746520F1
:10B358006661696C20626C6B3D25642F25640A0068
:10B368005B5344494F5D205761726D2070726F6264
:10B37800653A20747279696E6720636163686564F1
:10B38800205243413D3078253034580A00000000EF
:10B398005B5344494F5D205761726D2070726F6234
:10B3A80065204F4B000000005B5344494F5D205718
:10B3B80061726D2070726F6265206661696C656488
:10B3C8002C20636C656172696E67206361636865D0
:10B3D80064205243410000005B5344494F5D2043C1
:10B3E8004D443520726561647920284F43523D30C1
:10B3F800782530386C58290A000000005B5344490E
:10B408004F5D20434D4433206661696C65642C2090
:10B4180072652D706F6C6C696E6720434D44352ED4
:10B428002E2E00005B5344494F5D20434D4433208A
:10B438006661696C65642C20747279696E67204353
:10B448004D443720646573656C6563742E2E2E0039
:10B458005B5344494F5D205243413D307825303499
:10B46800582028616674657220646573656C65632D
:10B4780074290A005B5344494F5D20434D443320EF
:10B488007374696C6C206661696C65642C207472D5
:10B4980079696E672072657461696E6564205243CC
:10B4A800413D3078253034580A0000005B53444948
:10B4B8004F5D205243413D3078253034580A000012
:10B4C8005B5344494F5D205243413D307825303429
:10B4D800582028616674657220434D44352F434DCA
:10B4E8004433207265747279202564290A000000AB
:10B4F800546F7368696261004D4B343030314D547C
:10B5080044204272696467650000000037363342A0
:10B5180030303852410000007772697465000000CD
:10B5280072656164000000005B4D53435D20436118
:10B53800636865642062616420736563746F722058
:10B5480072656164204C42413D256C750A0000001B
:10B558005B4D53435D2042414420534543544F5271
:10B56800202573204C42413D256C750A00000000DF
:10B578005B4D53435D2042616420736563746F7251
:10B58800204C42413D256C75207265706169726579
:10B59800642062792077726974650A005B5057529B
:10B5A8005D2057616B6520282573293A20706F77D5
:10B5B8006572696E67206F6E204844442E2E2E0AED
:10B5C800000000005B5057525D2057616B653A20C0
:10B5D80077616974696E6720666F72205344494FBA
:10B5E8002E2E2E005B5057525D2057616B65204F01
:10B5F8004B2C205354415455533D30782530325804
:10B608002028256C756D73290A0000005B5057527D
:10B618005D2057616B653A205344494F20696E6934
:10B6280074204641494C4544000000005B4D53439B
:10B638005D204368756E6B202573206661696C65B3
:10B6480064206174204C424120256C752B256C7553
:10B658002C2066616C6C696E67206261636B207474
:10B668006F207065722D736563746F720A00000035
:10B678005B4D53435D205472616E73666572204C56
:10B6880042413D256C7520636F756E743D256C7560
:10B69800206661696C6564207769746820256C751B
:10B6A8002062616420736563746F722873290A00CD
:10B6B8005B5057525D205354414E44425920494DE6
:10B6C8004D45444941544520E2869220706F776584
:10B6D80072206761746500005B5057525D205344C7
:10B6E800494F206361726420646573656C65637497
:10B6F80065640000544F534849424120000000004F
:10B708004D4B343030314D5444202020202020200F
:10B71800000000005B4D53435D20456A656374205B
:10B728007265717565737465640000005B4D534301
:10B738005D20556E616C69676E6564207265616431
:10B74800206F66667365743D256C752073697A652C
:10B758003D256C750A0000005B4D53435D20556E16
:10B76800616C69676E6564207772697465206F66BD
:10B77800667365743D256C752073697A653D256C23
:10B78800750A00005B4D53435D20556E68616E6419
:10B798006C6564205343534920636D643A203078C4
:10B7A800253032580A0000000A2A2A2A2050414E21
:10B7B8004943202A2A2A0A004E6F207370696E6C4A
:10B7C8006F636B732061726520617661696C616279
:10B7D8006C650000486172647761726520616C6114
:10B7E800726D20256420616C726561647920636CD8
:10B7F80061696D656400000048617264206173735B
:10B808006572740052656C6561736500626F6F7470
:10B81800325F77323571303830000000322E322EE8
:10B82800300000007069636F000000006D6B3430F9
:10B8380030315F6272696467650000004A756C2088
:10B848002032203230323600666E692B000000004C
:10B85800666E69006E616E00666E692D00000000FC
:10B8680050494F203120534D20282564202D203465
:10B878002920616C726561647920636C61696D650A
:10B888006400000050494F203020534D202564208B
:10B89800616C726561647920636C61696D656400CF
:10B8A8004E6F20444D41206368616E6E656C732055
:10B8B80061726520617661696C61626C6500000087
:10B8C800556E68616E646C65642049525120307809
:10B8D80025780A006570202530325820776173205A
:10B8E800616C726561647920617661696C61626C12
:10B8F8006500000043616E277420636F6E74696E83
:10B9080075652078666572206F6E20696E61637454
:10B918006976652065702025303258004C45440012
:10B92800C8060010BC060010B4060010A6060010D9
:10B9380030060010CE0600101000000011000000B4
:10B94800120000001300000001000000D4B0001035
:10B9580002000000E0B0001003000000ECB000108E
:10B9680004000000F8B000101000000004B100103E
:10B97800110000001CB100101200000024B10010DA
:10B98800200000003CB10010210000005CB1001054
:10B9980000002110422063308440A550C660E77043
:10B9A800088129914AA16BB18CC1ADD1CEE1EFF1EB
:10B9B8003112100273325222B5529442F772D66293
:10B9C800399318837BB35AA3BDD39CC3FFF3DEE33B
:10B9D8006224433420040114E664C774A4448554E3
:10B9E8006AA54BB528850995EEE5CFF5ACC58DD58B
:10B9F8005336722611163006D776F6669556B44633
:10BA08005BB77AA719973887DFF7FEE79DD7BCC7DA
:10BA1800C448E5588668A778400861180228233882
:10BA2800CCC9EDD98EE9AFF9488969990AA92BB92A
:10BA3800F55AD44AB77A966A711A500A333A122AD2
:10BA4800FDDBDCCBBFFB9EEB799B588B3BBB1AAB7A
:10BA5800A66C877CE44CC55C222C033C600C411C22
:10BA6800AEED8FFDECCDCDDD2AAD0BBD688D499DCA
:10BA7800977EB66ED55EF44E133E322E511E700E72
:10BA88009FFFBEEFDDDFFCCF1BBF3AAF599F788F1A
:10BA98008891A981CAB1EBA10CD12DC14EF16FE1FA
:10BAA8008010A100C230E320045025404670676032
:10BAB800B9839893FBA3DAB33DC31CD37FE35EF34A
:10BAC800B1029012F322D232354214527762567282
:10BAD800EAB5CBA5A89589856EF54FE52CD50DC59A
:10BAE800E234C324A01481046674476424540544D2
:10BAF800DBA7FAB79987B8975FE77EF71DC73CD7EA
:10BB0800D326F2369106B016576676761546345621
:10BB18004CD96DC90EF92FE9C899E9898AB9ABA939
:10BB28004458654806782768C018E1088238A32871
:10BB38007DCB5CDB3FEB1EFBF98BD89BBBAB9ABB89
:10BB4800754A545A376A167AF10AD01AB32A923AC1
:10BB58002EFD0FED6CDD4DCDAABD8BADE89DC98DD9
:10BB6800267C076C645C454CA23C832CE01CC10C11
:10BB78001FEF3EFF5DCF7CDF9BAFBABFD98FF89F29
:10BB8800176E367E554E745E932EB23ED10EF01E61
:10BB9800A0803060506081E00161441180E042A1E2
:10BBA80042B142A142B0C910015090002080140057
:10BBB80042A101509010208027E042A142B15500D7
:10BBC800D8BB0010F8B4001000B5001014B5001070
:10BBD800090400000902200001010080FA0904009C
:10BBE8000002080650000705010240000007058111
:10BBF8000240000012010002000000408A2E0A00E4
:10BC0800000101020301000006005250D3F0754202
:10BC18000CB8001006005250E182887F14B800105A
:10BC280006005250ABB3605324B8001006005250BF
:10BC3800BBFF3CB62CB8001006005250861C03020D
:10BC480034B80010060052505422A29D44B8001087
:10BC580005005250DE65F468ACCF00101C7400106B
:10BC6800CC730010CC73001014740010CC73001047
:10BC7800CC730010CC730010CC730010CC73001080
:10BC8800CC730010CC7300100C740010CC7300102F
:10BC980004740010CC730010CC730010FC730010F7
:10BCA8003C760010327400102C76001032740010AC
:10BCB80016760010327400103274001032740010BE
:10BCC8003274001032740010327400103274001094
:10BCD8002474001032740010327400103274001092
:10BCE800327400103274001024740010DA760010D8
:10BCF8008673001086730010867300108673001018
:10BD08008673001086730010867300108673001007
:10BD180086730010867300108673001086730010F7
:10BD280086730010867300108673001086730010E7
:10BD380086730010867300108673001086730010D7
:10BD480086730010867300108673001086730010C7
:10BD580086730010867300108673001086730010B7
:10BD680086730010867300108673001050760010DA
:10BD7800A8760010507600108673001086730010A5
:10BD88008673001086730010867300108673001087
:10BD98008673001086730010867300108673001077
:10BDA8008673001086730010867300108673001067
:10BDB8008673001086730010EA78001086730010EE
:10BDC8008673001086730010867300108673001047
:10BDD8008673001086730010867300108673001037
:10BDE800EA780010EC760010EA780010507600101F
:10BDF800A876001050760010000000000000F03F08
:10BE0800000000000000244000000000000059402D
:10BE18000000000000408F40000000000088C34080
:10BE280000000000006AF8400000000080842E41F5
:10BE380000000000D01263410000000084D7974141
:10BE48000000000065CDCD410D0A00007C8B00107C
:10BE5800E48C00106E8D0010BC8C0010CE8C00108D
:10BE6800AC8C00101C8C0010C88B0010BC8B001010
:10BE7800849000106A9000105C8E0010A49000104E
:10BE88005C8E0010529000103E9000105C8E0010E6
:10BE98002A9000103E8F00105C8E0010F092001067
:10BEA800E2920010D69200105C8E00105C8E00109A
:10BEB800C0920010E29200105C8E00105C8E0010A0
:10BEC8005C8E00105C8E00105C8E00105C8E001082
:10BED8005C8E00108A9200106E0B00206E0B002002
:10BEE800B80B0020D80B0020160C0020280C0020CE
:10BEF800640B002000000000C9970010000000003B
:10BF0800DD970010F197001059980010A1990010C2
:10BF180000000000FE9E0010AC9C0010AC9C0010BD
:10BF28008A9E0010AC9C0010AC9C0010AC9C0010C9
:10BF3800AC9C0010AC9C0010AC9C0010AC9C001099
:10BF4800AC9C0010AC9C0010AC9C0010AC9C001089
:10BF5800AC9C0010AC9C0010AC9C0010489E0010DB
:10BF6800AC9C0010AC9C0010AC9C0010AC9C001069
:10BF7800AC9C0010AC9C0010AC9C0010269E0010DD
:10BF8800049E0010AC9C0010AC9C0010AC9D0010EE
:10BF9800AC9C0010AC9C0010AC9C0010AC9C001039
:10BFA800609D0010AC9C0010089D001009005250C4
:10BFB8000000000224B900100800525012100200BC
:10BFC80010BC00101CBC001028BC001034BC0010B1
:10BFD80040BC00104CBC001058BC0010C0BF001082
:04BFE800B4BF0010D2
:10BFEC00F0B5C646150000B504001E000268EFF35C
:10BFFC00108172B61368002BFCD0BFF35F8F042343
:10C00C00E3562268002B2BDBBFF35F8F0020106000
:10C01C0081F31088D02212061278002752B2904673
:10C02C009A420ED1002080BCB846F0BDBFF35F8FA2
:10C03C00176081F310882800310000F031FF0028D0
:10C04C00F0D12268EFF3108172B61368002BFCD08C
:10C05C00BFF35F8F237922687F2BE7D9434602E039
:10C06C00D0231B061B682371BFF35F8F0023136063
:10C07C0081F310880120D6E7F0B5C64600B50D0057
:10C08C00040000F0F5FEFA2206000F000023280041
:10C09C000021920000F0D4FE36184F41002F02DA36
:10C0AC000126174F7642D0231B061B6800259846A5
:10C0BC000AE0BFF35F8F156081F310883000390000
:10C0CC0000F0EEFE002818D12268EFF3108172B652
:10C0DC001368002BFCD0BFF35F8F237922687F2B72
:10C0EC00E7D943462371BFF35F8F0023136081F3BD
:10C0FC001088012080BCB846F0BD0020FAE7C0468D
:10C10C00FFFFFF7F0268EFF3108172B61368002BFC
:10C11C00FCD0BFF35F8FFF2303710368BFF35F8F06
:10C12C0000221A6081F3108840BF70470022154B23
:10C13C0010B59A60DA601A615A619A61DA611A6212
:10C14C005A629A62DA621A635A639A63DA631A64FD
:10C15C005A649A64DA641A655A659A65DA651A66DD
:10C16C005A669A66DA661A675A679A67DA67F0321D
:10C17C0092000021044800F06BFE044B044A1A6044
:10C18C0010BDC04600001050049A0020CC9F002027
:10C19C0080011050F0B54E464546DE465746E0B598
:10C1AC00214B00249E6D012585B0002E22D01F4B03
:10C1BC009A46012399461E4B984601E0202C19D033
:10C1CC002A00230001342F003240E4B26D00002A13
:10C1DC00F4D0524697654A465B085B0022409B1898
:10C1EC005B01434418009B4600F01EFC002808D15C
:10C1FC00BE43E3D105B0F0BCBB46B246A946A0464F
:10C20C00F0BD5B46E0219A78DB8A01A883600023AD
:10C21C00C900018001210271437100F025FC5846D0
:10C22C0000F0A0FBE4E7C0460000115000301150B4
:10C23C00C49900209823F0B5C646C84A00B5D55815
:10C24C0080232E009B02102484B01E401D4274D00B
:10C25C00C34BC44C9A6AC44B00261A603B23E35C64
:10C26C00022B00D14FE17B23E35C022B00D1F3E0E6
:10C27C00BB23E35C022B00D1FAE0FB23E35C022B33
:10C28C0000D101E13C23FF33E35C022B00D12DE113
:10C29C007C23FF33E35C022B00D10EE1BC23FF3384
:10C2AC00E35C022B00D13FE1FC23FF33E35C022B68
:10C2BC0000D1F5E0AD4BE35C022B00D174E1AC4B4B
:10C2CC00E35C022B00D105E1AA4BE35C022B00D10D
:10C2DC0075E1A94BE35C022B00D132E1A74BE35C87
:10C2EC00022B00D1A0E1A64BE35C022B00D171E143
:10C2FC00A44BE35C022B00D1A1E1A34BE35C022B2A
:10C30C0000D17FE1002E08D1A04B1B78002B04D16B
:10C31C0080219F4A90338902D150C02269468F4BAD
:10C32C0092009B6C80265B058A805B0D012101A825
:10C33C00029300F099FB974CB602EB0600D57FE018
:10C34C0080235B021D4231D01E43012302249846F8
:10C35C00844FBB7E002B14D000F082FD012800D945
:10C36C0072E0C02200213800920100F001FB38007D
:10C37C0000F0F8FA00F074FD012802D9844B5C66D9
:10C38C001C664346FB702037012C22D1C0236A4621
:10C39C00DB009380804A02AB03CA03C3012101A8CE
:10C3AC0000F062FB80227A4B92021A6580235B01BB
:10C3BC001D4210D18023DB011D4223D180231B029F
:10C3CC001D422FD1AE4200D0C0E104B080BCB846B3
:10C3DC00F0BD0124BDE700241E43604B1C60FFF739
:10C3EC00A5FE80236A465B0093801472012101A88C
:10C3FC0000F03AFB8022664B12031A658023DB01A6
:10C40C001D42DBD01E4380236A46DB009380012152
:10C41C0001A800F029FB10225D4B1A6580231B023A
:10C42C001D42CFD01E43A0236A46DB00938001211E
:10C43C0001A800F019FB8022554B12011A65C1E7C7
:10C44C00FFF7A8FE26007BE7544B444A1C66536E4C
:10C45C002340A342FBD184E77833E75C002F00D163
:10C46C0006E70233E25C002A00D00DE13E00FFE655
:10C47C00B833E75C002F00D1FFE60233E25C002A00
:10C48C0000D0F9E03E00F8E6F833E75C002F00D16D
:10C49C00F8E60233E25C002A00D041E13E00F1E60E
:10C4AC00F933FF33E75C002F00D103E70233E25C82
:10C4BC00002A00D02BE13E00FCE67933FF33E75C29
:10C4CC00002F00D1EAE60233E25C002A00D015E12D
:10C4DC003E00E3E6324BE75C002F00D1F4E602337A
:10C4EC00E25C002A00D001E13E00EDE63933FF3377
:10C4FC00E75C002F00D1CBE60233E25C002A00D0CF
:10C50C00EBE03E00C4E63833E65C002E00D1AAE630
:10C51C000233E25C002A00D1A5E620000022203084
:10C52C00E25400F04DFA9EE6B933FF33E75C002F7E
:10C53C0000D1B9E60233E25C002A00D0C4E03E0030
:10C54C00B2E6184BE75C002F00D1C7E60233E25C81
:10C55C00002A00D0B0E03E00C0E6C04600001150FA
:10C56C0000400540C4990020BC9900203B0200000B
:10C57C007B020000BB020000FB0200003B0300003A
:10C58C007B030000BB030000FB030000152401200B
:10C59C00003011501000020000001050002011500B
:10C5AC007A020000FA0200006B4BE75C002F00D10E
:10C5BC0085E60233E25C002A76D13E007FE6674BCB
:10C5CC00E75C002F00D184E60233E25C002A63D1E1
:10C5DC003E007EE6624BE75C002F00D188E602331A
:10C5EC00E25C002A00D0A3E05E4BE35C022B30D16E
:10C5FC005D4BE35C002B27D15C4BE35C022B00D042
:10C60C008BE63E005A4BE35C002B00D17AE6FF230D
:10C61C009B00E25C002A00D17FE60022E2541C3B26
:10C62C00E01800F0CDF978E6524BE75C002F00D112
:10C63C0059E60233E25C002A16D13E0053E64A4B1F
:10C64C00E35C002B00D158E6EF239B00E25C002A50
:10C65C0075D1464BE35C022B00D05EE6444BE35CA9
:10C66C00002B00D159E6D2E70022E2541C3BE01823
:10C67C0000F0A6F93E0036E620000022A030E2547D
:10C68C003E0000F09DF9F8E5200000226030E254F5
:10C69C003E0000F095F9EBE50022E2541C3BE0185B
:10C6AC0000F08EF93E0014E60022E2541C3BE01828
:10C6BC0000F086F93E0002E60022E2541C3BE01832
:10C6CC0000F07EF93E0009E620000022A130FF3088
:10C6DC00E2543E0000F074F9E6E52000002221301F
:10C6EC00FF30E2543E0000F06BF9D1E50022E25439
:10C6FC001C3BE01800F064F93E00E5E52000002248
:10C70C006130FF30E2543E0000F05AF9C6E52000DB
:10C71C000022E130FF30E2543E0000F051F9C9E54F
:10C72C0020000022E030E2543E0000F049F9A9E577
:10C73C000022E2541C3BE01800F042F954E70022BE
:10C74C00E2541C3BE01800F03BF982E731000A4848
:10C75C00694000F095FBC0463A020000BA020000A6
:10C76C007A030000BB030000BA030000FB030000C7
:10C77C00FA0300003A030000C8B80010F0B5C64632
:10C78C0000B50200838A008B8C46011C984200D9AC
:10C79C00191CD47880252000461EB04189B2ED00CA
:10C7AC000D434003284301256C405B1AD470547828
:10C7BC009BB29382002C31D16446D568A4014E1EE5
:10C7CC002D19B0461469002923D0062E32D92B001E
:10C7DC0023439B072ED1631CEB1A022B2AD900236F
:10C7EC008F08BF00E658EE5004339F42FAD14346FF
:10C7FC00ED19DB1BE419B94209D026782E70002BF9
:10C80C0005D066786E70012B01D0A378AB701469DB
:10C81C00938A64181461802212021043002B02D1F7
:10C82C008023DB0118436346002B00D0000480BC3E
:10C83C00B846F0BD0023E65CEE5401339942FAD1C0
:10C84C00E5E7C0468368F0B51A680400002900D0FB
:10C85C00120C63789205900D002B08D1E38AC31853
:10C86C00E382238B834201D90023A382F0BDE368CA
:10C87C00890125695E18471E002822D0062F26D96B
:10C88C0001315B18EB1A022B21D92B0033439B0788
:10C89C001DD10023120E9200F158E95004339A4234
:10C8AC00FAD1BF1AAD18B618904209D032782A7056
:10C8BC00002F05D072786A70012F01D0B278AA705F
:10C8CC002569E38A2D18C318E3822561C9E7002284
:10C8DC00B35CAB5401329042FAD12569F1E7C04602
:10C8EC0010B50400836800211B68FFF7ABFF636879
:10C8FC001B685B0002D5238B834200D010BD012145
:10C90C002000FFF79FFFF9E7084A0300126C002094
:10C91C00920703D49A78D209012A00D07047D87EA6
:10C92C00023843425841C0B2F8E7C04600001150EB
:10C93C0010B5FFF7E9FF00280CD00749074B8C46D0
:10C94C00074A9B6A126863449B1A0020C6229A42CB
:10C95C004041C0B210BDC046E0FCFFFF00400540A6
:10C96C00BC99002000238376436103617047C04665
:10C97C0010B58368002901D01C682140002A12D010
:10C98C008024E400114322420DD01A6822420CD1BB
:10C99C00084A0A401A60084A126C920703D40C2306
:10C9AC00033BFDD28368196010BD8178034800F009
:10C9BC0067FAC046FFFBFFFF00001150DCB8001007
:10C9CC00436870B50021802504001E68FFF7D6FE71
:10C9DC00124B6D011A6C0543A37892070ED55B06BA
:10C9EC000ED00F4B1E4080239B0533436268002101
:10C9FC00136020002A00FFF7BBFF70BDDB09F0D0ED
:10CA0C00A38A002BEDD001212000FFF7B7FEA02355
:10CA1C00044ADB05324005431343E7E7000011509D
:10CA2C00FFFFFFAFFFFFFFDF70B5857E0400002D19
:10CA3C0014D0FFF755FFA38A002B01D1280070BD3D
:10CA4C002000FFF775FF002803D001230025237772
:10CA5C00F4E72000FFF7B4FF0025EFE781780148E9
:10CA6C0000F00EFAFCB80010F0B5CE46474680B583
:10CA7C00437805000E0085B0062B08D86B4A9B0046
:10CA8C00D3589F466A4A13780133DBB21370694B53
:10CA9C001C686269EFF3108172B61368002BFCD02E
:10CAAC00BFF35F8FA1612000290000F0F1F96269EA
:10CABC00A369BFF35F8F0021116083F310880028F6
:10CACC0004D105B0C0BCB946B046F0BD320069789F
:10CADC00287800F0EDF9F4E70121574B1A788A43D6
:10CAEC001A701A7801318A431A7000225A701A7817
:10CAFC0002318A431A70CAE7504B514F9946514B39
:10CB0C00002498463A7810E043461B6861015B1894
:10CB1C00002B06D0DB69002B03D069682878984776
:10CB2C003A780134E4B2944217D8A242ECD8A31A52
:10CB3C005B014B44EEE7404B1A78D207C1D5042178
:10CB4C001A780A431A70A2E73B4B1A78D207B8D569
:10CB5C0004211A788A431A7099E7374F3B785B07A0
:10CB6C002BD504223B78002193433B706B46063255
:10CB7C00981D00F06DF92B7801AC237005236370C0
:10CB8C002C4B1B6898465A69EFF3108172B61368E8
:10CB9C00002BFCD0BFF35F8F4346404699612100C8
:10CBAC0000F076F943465A699B69BFF35F8F002109
:10CBBC00116083F31088002831D1FB78DB0700D497
:10CBCC007FE76B460A220021981D00F041F92B7873
:10CBDC0001AC2370032363706B686360154B1D6895
:10CBEC006A69EFF3108172B61368002BFCD0BFF3A7
:10CBFC005F8FA9612800210000F04AF96A69AB69CE
:10CC0C00BFF35F8F0021116083F31088002800D1DF
:10CC1C0057E732006178207800F04AF951E732008A
:10CC2C006178207800F044F9C7E7C046E0BE0010F8
:10CC3C0016240120F096002098960020FCBE0010CF
:10CC4C0014240120B015002010B5084C2378002BBB
:10CC5C000AD18023064807495B051A68C250043381
:10CC6C008B42FAD10123237010BDC046172401203A
:10CC7C00789800100001001010B5014B984710BDBA
:10CC8C0079980020064B5A6802609A684260DA680C
:10CC9C0082601A69C2605A6902619B69436170477C
:10CCAC00000002400268064B5A6042689A60826833
:10CCBC00DA60C2681A6102695A6142699A61704706
:10CCCC0000000240034B1A68C0239B009343024AA6
:10CCDC00136070470C8001400C900140054B1A68A2
:10CCEC0080239B005340C02292001340024A1360E1
:10CCFC007047C0460C8001400C9001400023F0B5F9
:10CD0C00DE4657464E4645469A46E0B589B00190F8
:10CD1C000E00988A45491B8B140098475346814650
:10CD2C004349988A1B8B9847534642490500988A79
:10CD3C001B8B98478046FFF787FF02A8FFF7A2FFDF
:10CD4C00C847A847FFF7CAFF251E22D00823C021D9
:10CD5C009C460220490562468B6A1A4018423FD015
:10CD6C00631B002D2FD1002A11D1002C11D0C02310
:10CD7C005B059B4602239A46063399465B464A4618
:10CD8C0057469B6A1A401F4242D0002AF6D0002C0C
:10CD9C0030D1FFF797FFC047FFF76EFF02A8FFF7F0
:10CDAC0081FF09B0F0BCBB46B246A946A046F0BD17
:10CDBC00002C2FD1C0225205926A914608224F4670
:10CDCC003A40BF072DD50D2B1BD9002AF0D1C0221C
:10CDDC005205926A914608224F463A40BF07F2D458
:10CDEC00002A04D12B002343002BB4D1D1E72B0014
:10CDFC00002CF9D00B6E013C3370230001362B4311
:10CE0C00F2E7019F013D3B7801370B660197E7E79D
:10CE1C000025E5E7C0235B051B6E013C3370013632
:10CE2C0099E72B00002ADFD1DCE7C0464946000019
:10CE3C0045580000464300007047C0460000000003
:10CE4C0001B40248844601BC604700BFB1640010C5
:10CE5C0001B40248844601BC604700BF6D660010F7
:10CE6C0001B40248844601BC604700BF7142001007
:10CE7C0001B40248844601BC604700BFDD5000107D
:10CE8C0001B40248844601BC604700BF7D420010DB
:10CE9C0001B40248844601BC604700BF25A30010C2
:10CEAC0001B40248844601BC604700BFAD4F00107E
:10CEBC0001B40248844601BC604700BF498A001097
:10CECC000000C840FFFFFFFF01000000FFFFFFFF55
:10CEDC00FFFFFFFFFFFFFFFF10000000000000003E
:10CEEC000000010000000000000000000000020033
:10CEFC000000000000000000000003000000000023
:10CF0C00000000000000FF000000000001B54868B0
:10CF1C0001318E460047704609380149884701BDEA
:10CF2C003548001000000000000000000000000068
:10CF3C000000000000000000801000200000000035
:10CF4C00503300004C3300005433000052330000C7
:10CF5C004D5300004D430000533400004334000097
:10CF6C00B5830010B984001001840010CD8400102A
:10CF7C000000000000010000F496002010000C00DE
:10CF8C000000000000000000000000000000000095
:10CF9C0000000000FF000000000000000000000086
:04000005100001E9FD
:00000001FF
